# Blender 5.0.1
# www.blender.org
mtllib sun.mtl
o Sphere
v 0.000000 1.000000 0.000000
v 0.000000 0.980785 -0.195090
v 0.000000 0.956940 -0.290285
v 0.000000 0.803208 -0.595699
v 0.000000 0.740951 -0.671559
v 0.000000 0.707107 -0.707107
v 0.000000 0.671559 -0.740951
v 0.000000 0.595699 -0.803208
v 0.000000 0.555570 -0.831470
v 0.000000 0.514103 -0.857729
v 0.000000 0.471397 -0.881921
v 0.000000 0.427555 -0.903989
v 0.000000 0.382683 -0.923880
v 0.000000 0.336890 -0.941544
v 0.000000 0.290285 -0.956940
v 0.000000 0.242980 -0.970031
v 0.000000 0.146730 -0.989177
v 0.000000 0.098017 -0.995185
v 0.000000 0.049068 -0.998795
v 0.000000 0.000000 -1.000000
v 0.000000 -0.098017 -0.995185
v 0.000000 -0.146730 -0.989177
v 0.000000 -0.242980 -0.970031
v 0.000000 -0.290285 -0.956940
v 0.000000 -0.382683 -0.923880
v 0.000000 -0.427555 -0.903989
v 0.000000 -0.471397 -0.881921
v 0.000000 -0.514103 -0.857729
v 0.000000 -0.555570 -0.831470
v 0.000000 -0.595699 -0.803208
v 0.000000 -0.671559 -0.740951
v 0.000000 -0.707107 -0.707107
v 0.000000 -0.740951 -0.671559
v 0.000000 -0.773010 -0.634393
v 0.000000 -0.803208 -0.595699
v 0.000000 -0.857729 -0.514103
v 0.000000 -0.881921 -0.471397
v 0.000000 -0.903989 -0.427555
v 0.000000 -0.923880 -0.382683
v 0.000000 -0.941544 -0.336890
v 0.000000 -0.956940 -0.290285
v 0.000000 -0.980785 -0.195090
v 0.000000 -1.000000 0.000000
v 0.004809 0.998795 -0.048831
v 0.009607 0.995185 -0.097545
v 0.014382 0.989177 -0.146024
v 0.019122 0.980785 -0.194151
v 0.023816 0.970031 -0.241810
v 0.028453 0.956940 -0.288887
v 0.033021 0.941544 -0.335268
v 0.037510 0.923880 -0.380841
v 0.041908 0.903989 -0.425496
v 0.046205 0.881921 -0.469127
v 0.050391 0.857729 -0.511627
v 0.054455 0.831470 -0.552895
v 0.058389 0.803208 -0.592831
v 0.062181 0.773010 -0.631339
v 0.065824 0.740951 -0.668325
v 0.069309 0.707107 -0.703702
v 0.072626 0.671559 -0.737383
v 0.075768 0.634393 -0.769288
v 0.078728 0.595699 -0.799340
v 0.081498 0.555570 -0.827466
v 0.084072 0.514103 -0.853598
v 0.086443 0.471397 -0.877675
v 0.088606 0.427555 -0.899636
v 0.090556 0.382683 -0.919431
v 0.092287 0.336890 -0.937010
v 0.093797 0.290285 -0.952332
v 0.095080 0.242980 -0.965360
v 0.096134 0.195090 -0.976062
v 0.096956 0.146730 -0.984413
v 0.097545 0.098017 -0.990393
v 0.097899 0.049068 -0.993986
v 0.098017 0.000000 -0.995185
v 0.097899 -0.049068 -0.993986
v 0.097545 -0.098017 -0.990393
v 0.096956 -0.146730 -0.984413
v 0.096134 -0.195090 -0.976062
v 0.095080 -0.242980 -0.965360
v 0.093797 -0.290285 -0.952332
v 0.092287 -0.336890 -0.937010
v 0.090556 -0.382683 -0.919431
v 0.088606 -0.427555 -0.899636
v 0.086443 -0.471397 -0.877675
v 0.084072 -0.514103 -0.853598
v 0.081498 -0.555570 -0.827466
v 0.078728 -0.595699 -0.799340
v 0.075768 -0.634393 -0.769288
v 0.072626 -0.671559 -0.737383
v 0.069309 -0.707107 -0.703702
v 0.065824 -0.740951 -0.668325
v 0.062181 -0.773010 -0.631339
v 0.058389 -0.803208 -0.592831
v 0.054455 -0.831470 -0.552895
v 0.050391 -0.857729 -0.511627
v 0.046205 -0.881921 -0.469127
v 0.041908 -0.903989 -0.425496
v 0.037510 -0.923880 -0.380841
v 0.033021 -0.941544 -0.335268
v 0.028453 -0.956940 -0.288887
v 0.023816 -0.970031 -0.241810
v 0.019122 -0.980785 -0.194151
v 0.014382 -0.989177 -0.146024
v 0.009607 -0.995185 -0.097545
v 0.004809 -0.998795 -0.048831
v 0.009573 0.998795 -0.048125
v 0.019122 0.995185 -0.096134
v 0.028626 0.989177 -0.143911
v 0.038060 0.980785 -0.191342
v 0.047403 0.970031 -0.238311
v 0.056632 0.956940 -0.284707
v 0.065724 0.941544 -0.330417
v 0.074658 0.923880 -0.375330
v 0.083412 0.903989 -0.419340
v 0.091965 0.881921 -0.462339
v 0.100296 0.857729 -0.504224
v 0.108386 0.831470 -0.544895
v 0.116215 0.803208 -0.584253
v 0.123764 0.773010 -0.622204
v 0.131015 0.740951 -0.658655
v 0.137950 0.707107 -0.693520
v 0.144552 0.671559 -0.726714
v 0.150807 0.634393 -0.758157
v 0.156698 0.595699 -0.787774
v 0.162212 0.555570 -0.815493
v 0.167335 0.514103 -0.841248
v 0.172054 0.471397 -0.864975
v 0.176360 0.427555 -0.886619
v 0.180240 0.382683 -0.906127
v 0.183686 0.336890 -0.923452
v 0.186690 0.290285 -0.938553
v 0.189244 0.242980 -0.951392
v 0.191342 0.195090 -0.961940
v 0.192979 0.146730 -0.970170
v 0.194151 0.098017 -0.976062
v 0.194855 0.049068 -0.979604
v 0.195090 0.000000 -0.980785
v 0.194855 -0.049068 -0.979604
v 0.194151 -0.098017 -0.976062
v 0.192979 -0.146730 -0.970170
v 0.191342 -0.195090 -0.961940
v 0.189244 -0.242980 -0.951392
v 0.186690 -0.290285 -0.938553
v 0.183686 -0.336890 -0.923452
v 0.180240 -0.382683 -0.906127
v 0.176360 -0.427555 -0.886619
v 0.172054 -0.471397 -0.864975
v 0.167335 -0.514103 -0.841248
v 0.162212 -0.555570 -0.815493
v 0.156698 -0.595699 -0.787774
v 0.150807 -0.634393 -0.758157
v 0.144552 -0.671559 -0.726714
v 0.137950 -0.707107 -0.693520
v 0.131015 -0.740951 -0.658655
v 0.123764 -0.773010 -0.622204
v 0.116215 -0.803208 -0.584253
v 0.108386 -0.831470 -0.544895
v 0.100296 -0.857729 -0.504224
v 0.091965 -0.881921 -0.462339
v 0.083412 -0.903989 -0.419340
v 0.074658 -0.923880 -0.375330
v 0.065724 -0.941544 -0.330417
v 0.056632 -0.956940 -0.284707
v 0.047403 -0.970031 -0.238311
v 0.038060 -0.980785 -0.191342
v 0.028626 -0.989177 -0.143911
v 0.019122 -0.995185 -0.096134
v 0.009573 -0.998795 -0.048125
v 0.014244 0.998795 -0.046955
v 0.028453 0.995185 -0.093797
v 0.042594 0.989177 -0.140412
v 0.056632 0.980785 -0.186690
v 0.070533 0.970031 -0.232518
v 0.084265 0.956940 -0.277785
v 0.097794 0.941544 -0.322383
v 0.111087 0.923880 -0.366205
v 0.124113 0.903989 -0.409145
v 0.136839 0.881921 -0.451099
v 0.149236 0.857729 -0.491966
v 0.161274 0.831470 -0.531648
v 0.172922 0.803208 -0.570049
v 0.184155 0.773010 -0.607077
v 0.194943 0.740951 -0.642642
v 0.205262 0.707107 -0.676659
v 0.215087 0.671559 -0.709046
v 0.224393 0.634393 -0.739725
v 0.233159 0.595699 -0.768622
v 0.241363 0.555570 -0.795667
v 0.248985 0.514103 -0.820795
v 0.256008 0.471397 -0.843946
v 0.262414 0.427555 -0.865064
v 0.268188 0.382683 -0.884098
v 0.273316 0.336890 -0.901001
v 0.277785 0.290285 -0.915735
v 0.281585 0.242980 -0.928262
v 0.284707 0.195090 -0.938553
v 0.287143 0.146730 -0.946583
v 0.288887 0.098017 -0.952332
v 0.289935 0.049068 -0.955788
v 0.290285 0.000000 -0.956940
v 0.289935 -0.049068 -0.955788
v 0.288887 -0.098017 -0.952332
v 0.287143 -0.146730 -0.946583
v 0.284707 -0.195090 -0.938553
v 0.281585 -0.242980 -0.928262
v 0.277785 -0.290285 -0.915735
v 0.273316 -0.336890 -0.901001
v 0.268188 -0.382683 -0.884098
v 0.262414 -0.427555 -0.865064
v 0.256008 -0.471397 -0.843946
v 0.248985 -0.514103 -0.820795
v 0.241363 -0.555570 -0.795667
v 0.233159 -0.595699 -0.768622
v 0.224393 -0.634393 -0.739725
v 0.215087 -0.671559 -0.709046
v 0.205262 -0.707107 -0.676659
v 0.194943 -0.740951 -0.642642
v 0.184155 -0.773010 -0.607077
v 0.172922 -0.803208 -0.570049
v 0.161274 -0.831470 -0.531648
v 0.149236 -0.857729 -0.491966
v 0.136839 -0.881921 -0.451099
v 0.124113 -0.903989 -0.409145
v 0.111087 -0.923880 -0.366205
v 0.097794 -0.941544 -0.322383
v 0.084265 -0.956940 -0.277785
v 0.070533 -0.970031 -0.232518
v 0.056632 -0.980785 -0.186690
v 0.042594 -0.989177 -0.140412
v 0.028453 -0.995185 -0.093797
v 0.014244 -0.998795 -0.046955
v 0.018777 0.998795 -0.045333
v 0.037510 0.995185 -0.090556
v 0.056151 0.989177 -0.135561
v 0.074658 0.980785 -0.180240
v 0.092984 0.970031 -0.224484
v 0.111087 0.956940 -0.268188
v 0.128922 0.941544 -0.311246
v 0.146447 0.923880 -0.353553
v 0.163618 0.903989 -0.395009
v 0.180396 0.881921 -0.435514
v 0.196739 0.857729 -0.474969
v 0.212608 0.831470 -0.513280
v 0.227964 0.803208 -0.550354
v 0.242772 0.773010 -0.586103
v 0.256994 0.740951 -0.620440
v 0.270598 0.707107 -0.653281
v 0.283550 0.671559 -0.684550
v 0.295818 0.634393 -0.714169
v 0.307374 0.595699 -0.742067
v 0.318190 0.555570 -0.768178
v 0.328239 0.514103 -0.792438
v 0.337497 0.471397 -0.814789
v 0.345942 0.427555 -0.835177
v 0.353553 0.382683 -0.853553
v 0.360313 0.336890 -0.869873
v 0.366205 0.290285 -0.884098
v 0.371215 0.242980 -0.896192
v 0.375330 0.195090 -0.906127
v 0.378541 0.146730 -0.913880
v 0.380841 0.098017 -0.919431
v 0.382222 0.049068 -0.922767
v 0.382683 0.000000 -0.923880
v 0.382222 -0.049068 -0.922767
v 0.380841 -0.098017 -0.919431
v 0.378541 -0.146730 -0.913880
v 0.375330 -0.195090 -0.906127
v 0.371215 -0.242980 -0.896192
v 0.366205 -0.290285 -0.884098
v 0.360313 -0.336890 -0.869873
v 0.353553 -0.382683 -0.853553
v 0.345942 -0.427555 -0.835177
v 0.337497 -0.471397 -0.814789
v 0.328239 -0.514103 -0.792438
v 0.318190 -0.555570 -0.768178
v 0.307374 -0.595699 -0.742067
v 0.295818 -0.634393 -0.714169
v 0.283550 -0.671559 -0.684550
v 0.270598 -0.707107 -0.653281
v 0.256994 -0.740951 -0.620440
v 0.242772 -0.773010 -0.586103
v 0.227964 -0.803208 -0.550354
v 0.212608 -0.831470 -0.513280
v 0.196739 -0.857729 -0.474969
v 0.180396 -0.881921 -0.435514
v 0.163618 -0.903989 -0.395009
v 0.146447 -0.923880 -0.353553
v 0.128922 -0.941544 -0.311246
v 0.111087 -0.956940 -0.268188
v 0.092984 -0.970031 -0.224484
v 0.074658 -0.980785 -0.180240
v 0.056151 -0.989177 -0.135561
v 0.037510 -0.995185 -0.090556
v 0.018777 -0.998795 -0.045333
v 0.023130 0.998795 -0.043274
v 0.046205 0.995185 -0.086443
v 0.069168 0.989177 -0.129405
v 0.091965 0.980785 -0.172054
v 0.114540 0.970031 -0.214289
v 0.136839 0.956940 -0.256008
v 0.158809 0.941544 -0.297110
v 0.180396 0.923880 -0.337497
v 0.201548 0.903989 -0.377070
v 0.222215 0.881921 -0.415735
v 0.242346 0.857729 -0.453398
v 0.261894 0.831470 -0.489969
v 0.280811 0.803208 -0.525360
v 0.299051 0.773010 -0.559485
v 0.316571 0.740951 -0.592262
v 0.333328 0.707107 -0.623612
v 0.349282 0.671559 -0.653461
v 0.364395 0.634393 -0.681734
v 0.378629 0.595699 -0.708366
v 0.391952 0.555570 -0.733291
v 0.404330 0.514103 -0.756449
v 0.415735 0.471397 -0.777785
v 0.426138 0.427555 -0.797247
v 0.435514 0.382683 -0.814789
v 0.443841 0.336890 -0.830368
v 0.451099 0.290285 -0.843946
v 0.457270 0.242980 -0.855491
v 0.462339 0.195090 -0.864975
v 0.466295 0.146730 -0.872376
v 0.469127 0.098017 -0.877675
v 0.470829 0.049068 -0.880859
v 0.471397 0.000000 -0.881921
v 0.470829 -0.049068 -0.880859
v 0.469127 -0.098017 -0.877675
v 0.466295 -0.146730 -0.872376
v 0.462339 -0.195090 -0.864975
v 0.457270 -0.242980 -0.855491
v 0.451099 -0.290285 -0.843946
v 0.443841 -0.336890 -0.830368
v 0.435514 -0.382683 -0.814789
v 0.426138 -0.427555 -0.797247
v 0.415735 -0.471397 -0.777785
v 0.404330 -0.514103 -0.756449
v 0.391952 -0.555570 -0.733291
v 0.378629 -0.595699 -0.708366
v 0.364395 -0.634393 -0.681734
v 0.349282 -0.671559 -0.653461
v 0.333328 -0.707107 -0.623612
v 0.316571 -0.740951 -0.592262
v 0.299051 -0.773010 -0.559485
v 0.280811 -0.803208 -0.525360
v 0.261894 -0.831470 -0.489969
v 0.242346 -0.857729 -0.453398
v 0.222215 -0.881921 -0.415735
v 0.201548 -0.903989 -0.377070
v 0.180396 -0.923880 -0.337497
v 0.158809 -0.941544 -0.297110
v 0.136839 -0.956940 -0.256008
v 0.114540 -0.970031 -0.214289
v 0.091965 -0.980785 -0.172054
v 0.069168 -0.989177 -0.129405
v 0.046205 -0.995185 -0.086443
v 0.023130 -0.998795 -0.043274
v 0.027261 0.998795 -0.040798
v 0.054455 0.995185 -0.081498
v 0.081519 0.989177 -0.122002
v 0.108386 0.980785 -0.162212
v 0.134993 0.970031 -0.202031
v 0.161274 0.956940 -0.241363
v 0.187166 0.941544 -0.280114
v 0.212608 0.923880 -0.318190
v 0.237537 0.903989 -0.355499
v 0.261894 0.881921 -0.391952
v 0.285620 0.857729 -0.427461
v 0.308658 0.831470 -0.461940
v 0.330953 0.803208 -0.495306
v 0.352450 0.773010 -0.527479
v 0.373098 0.740951 -0.558381
v 0.392847 0.707107 -0.587938
v 0.411650 0.671559 -0.616078
v 0.429462 0.634393 -0.642735
v 0.446238 0.595699 -0.667843
v 0.461940 0.555570 -0.691342
v 0.476528 0.514103 -0.713175
v 0.489969 0.471397 -0.733291
v 0.502230 0.427555 -0.751640
v 0.513280 0.382683 -0.768178
v 0.523094 0.336890 -0.782865
v 0.531648 0.290285 -0.795667
v 0.538920 0.242980 -0.806551
v 0.544895 0.195090 -0.815493
v 0.549557 0.146730 -0.822470
v 0.552895 0.098017 -0.827466
v 0.554901 0.049068 -0.830468
v 0.555570 0.000000 -0.831470
v 0.554901 -0.049068 -0.830468
v 0.552895 -0.098017 -0.827466
v 0.549557 -0.146730 -0.822470
v 0.544895 -0.195090 -0.815493
v 0.538920 -0.242980 -0.806551
v 0.531648 -0.290285 -0.795667
v 0.523094 -0.336890 -0.782865
v 0.513280 -0.382683 -0.768178
v 0.502230 -0.427555 -0.751640
v 0.489969 -0.471397 -0.733291
v 0.476528 -0.514103 -0.713175
v 0.461940 -0.555570 -0.691342
v 0.446238 -0.595699 -0.667843
v 0.429462 -0.634393 -0.642735
v 0.411650 -0.671559 -0.616078
v 0.392847 -0.707107 -0.587938
v 0.373098 -0.740951 -0.558381
v 0.352450 -0.773010 -0.527479
v 0.330953 -0.803208 -0.495306
v 0.308658 -0.831470 -0.461940
v 0.285620 -0.857729 -0.427461
v 0.261894 -0.881921 -0.391952
v 0.237537 -0.903989 -0.355499
v 0.212608 -0.923880 -0.318190
v 0.187166 -0.941544 -0.280114
v 0.161274 -0.956940 -0.241363
v 0.134993 -0.970031 -0.202031
v 0.108386 -0.980785 -0.162212
v 0.081519 -0.989177 -0.122002
v 0.054455 -0.995185 -0.081498
v 0.027261 -0.998795 -0.040798
v 0.031128 0.998795 -0.037930
v 0.062181 0.995185 -0.075768
v 0.093085 0.989177 -0.113424
v 0.123764 0.980785 -0.150807
v 0.154145 0.970031 -0.187826
v 0.184155 0.956940 -0.224393
v 0.213721 0.941544 -0.260419
v 0.242772 0.923880 -0.295818
v 0.271238 0.903989 -0.330505
v 0.299051 0.881921 -0.364395
v 0.326143 0.857729 -0.397407
v 0.352450 0.831470 -0.429462
v 0.377908 0.803208 -0.460482
v 0.402455 0.773010 -0.490393
v 0.426032 0.740951 -0.519122
v 0.448584 0.707107 -0.546601
v 0.470054 0.671559 -0.572763
v 0.490393 0.634393 -0.597545
v 0.509549 0.595699 -0.620888
v 0.527479 0.555570 -0.642735
v 0.544137 0.514103 -0.663033
v 0.559485 0.471397 -0.681734
v 0.573485 0.427555 -0.698793
v 0.586103 0.382683 -0.714168
v 0.597309 0.336890 -0.727823
v 0.607077 0.290285 -0.739725
v 0.615381 0.242980 -0.749844
v 0.622204 0.195090 -0.758157
v 0.627527 0.146730 -0.764644
v 0.631338 0.098017 -0.769288
v 0.633629 0.049068 -0.772079
v 0.634393 0.000000 -0.773010
v 0.633629 -0.049068 -0.772079
v 0.631338 -0.098017 -0.769288
v 0.627527 -0.146730 -0.764644
v 0.622204 -0.195090 -0.758157
v 0.615381 -0.242980 -0.749844
v 0.607077 -0.290285 -0.739725
v 0.597309 -0.336890 -0.727823
v 0.586103 -0.382683 -0.714168
v 0.573485 -0.427555 -0.698793
v 0.559485 -0.471397 -0.681734
v 0.544137 -0.514103 -0.663033
v 0.527479 -0.555570 -0.642735
v 0.509549 -0.595699 -0.620888
v 0.490393 -0.634393 -0.597545
v 0.470054 -0.671559 -0.572763
v 0.448584 -0.707107 -0.546601
v 0.426032 -0.740951 -0.519122
v 0.402455 -0.773010 -0.490393
v 0.377908 -0.803208 -0.460482
v 0.352450 -0.831470 -0.429462
v 0.326143 -0.857729 -0.397407
v 0.299051 -0.881921 -0.364395
v 0.271238 -0.903989 -0.330505
v 0.242772 -0.923880 -0.295818
v 0.213721 -0.941544 -0.260419
v 0.184155 -0.956940 -0.224393
v 0.154145 -0.970031 -0.187826
v 0.123764 -0.980785 -0.150807
v 0.093085 -0.989177 -0.113424
v 0.062181 -0.995185 -0.075768
v 0.031128 -0.998795 -0.037930
v 0.034696 0.998795 -0.034696
v 0.069309 0.995185 -0.069309
v 0.103754 0.989177 -0.103754
v 0.137950 0.980785 -0.137950
v 0.171813 0.970031 -0.171813
v 0.205262 0.956940 -0.205262
v 0.238217 0.941544 -0.238217
v 0.270598 0.923880 -0.270598
v 0.302327 0.903989 -0.302327
v 0.333328 0.881921 -0.333328
v 0.363526 0.857729 -0.363525
v 0.392848 0.831470 -0.392848
v 0.421223 0.803208 -0.421223
v 0.448584 0.773010 -0.448584
v 0.474864 0.740951 -0.474864
v 0.500000 0.707107 -0.500000
v 0.523932 0.671559 -0.523932
v 0.546601 0.634393 -0.546601
v 0.567953 0.595699 -0.567953
v 0.587938 0.555570 -0.587938
v 0.606506 0.514103 -0.606506
v 0.623612 0.471397 -0.623612
v 0.639217 0.427555 -0.639217
v 0.653281 0.382683 -0.653281
v 0.665772 0.336890 -0.665772
v 0.676659 0.290285 -0.676659
v 0.685916 0.242980 -0.685916
v 0.693520 0.195090 -0.693520
v 0.699453 0.146730 -0.699453
v 0.703702 0.098017 -0.703702
v 0.706255 0.049068 -0.706255
v 0.707107 0.000000 -0.707107
v 0.706255 -0.049068 -0.706255
v 0.703702 -0.098017 -0.703702
v 0.699453 -0.146730 -0.699453
v 0.693520 -0.195090 -0.693520
v 0.685916 -0.242980 -0.685916
v 0.676659 -0.290285 -0.676659
v 0.665772 -0.336890 -0.665772
v 0.653281 -0.382683 -0.653281
v 0.639217 -0.427555 -0.639217
v 0.623612 -0.471397 -0.623612
v 0.606506 -0.514103 -0.606506
v 0.587938 -0.555570 -0.587938
v 0.567953 -0.595699 -0.567953
v 0.546601 -0.634393 -0.546601
v 0.523932 -0.671559 -0.523932
v 0.500000 -0.707107 -0.500000
v 0.474864 -0.740951 -0.474864
v 0.448584 -0.773010 -0.448584
v 0.421223 -0.803208 -0.421223
v 0.392848 -0.831470 -0.392848
v 0.363526 -0.857729 -0.363525
v 0.333328 -0.881921 -0.333328
v 0.302327 -0.903989 -0.302327
v 0.270598 -0.923880 -0.270598
v 0.238217 -0.941544 -0.238217
v 0.205262 -0.956940 -0.205262
v 0.171813 -0.970031 -0.171813
v 0.137950 -0.980785 -0.137950
v 0.103754 -0.989177 -0.103754
v 0.069309 -0.995185 -0.069309
v 0.034696 -0.998795 -0.034696
v 0.037930 0.998795 -0.031128
v 0.075768 0.995185 -0.062181
v 0.113424 0.989177 -0.093085
v 0.150807 0.980785 -0.123764
v 0.187826 0.970031 -0.154145
v 0.224393 0.956940 -0.184155
v 0.260419 0.941544 -0.213721
v 0.295818 0.923880 -0.242772
v 0.330505 0.903989 -0.271238
v 0.364395 0.881921 -0.299051
v 0.397407 0.857729 -0.326143
v 0.429462 0.831470 -0.352450
v 0.460482 0.803208 -0.377908
v 0.490393 0.773010 -0.402455
v 0.519122 0.740951 -0.426033
v 0.546601 0.707107 -0.448584
v 0.572763 0.671559 -0.470054
v 0.597545 0.634393 -0.490393
v 0.620888 0.595699 -0.509549
v 0.642735 0.555570 -0.527479
v 0.663033 0.514103 -0.544137
v 0.681734 0.471397 -0.559485
v 0.698793 0.427555 -0.573485
v 0.714168 0.382683 -0.586103
v 0.727823 0.336890 -0.597309
v 0.739725 0.290285 -0.607077
v 0.749844 0.242980 -0.615381
v 0.758157 0.195090 -0.622203
v 0.764644 0.146730 -0.627527
v 0.769288 0.098017 -0.631338
v 0.772079 0.049068 -0.633629
v 0.773010 0.000000 -0.634393
v 0.772079 -0.049068 -0.633629
v 0.769288 -0.098017 -0.631338
v 0.764644 -0.146730 -0.627527
v 0.758157 -0.195090 -0.622203
v 0.749844 -0.242980 -0.615381
v 0.739725 -0.290285 -0.607077
v 0.727823 -0.336890 -0.597309
v 0.714168 -0.382683 -0.586103
v 0.698793 -0.427555 -0.573485
v 0.681734 -0.471397 -0.559485
v 0.663033 -0.514103 -0.544137
v 0.642735 -0.555570 -0.527479
v 0.620888 -0.595699 -0.509549
v 0.597545 -0.634393 -0.490393
v 0.572763 -0.671559 -0.470054
v 0.546601 -0.707107 -0.448584
v 0.519122 -0.740951 -0.426033
v 0.490393 -0.773010 -0.402455
v 0.460482 -0.803208 -0.377908
v 0.429462 -0.831470 -0.352450
v 0.397407 -0.857729 -0.326143
v 0.364395 -0.881921 -0.299051
v 0.330505 -0.903989 -0.271238
v 0.295818 -0.923880 -0.242772
v 0.260419 -0.941544 -0.213721
v 0.224393 -0.956940 -0.184155
v 0.187826 -0.970031 -0.154145
v 0.150807 -0.980785 -0.123764
v 0.113424 -0.989177 -0.093085
v 0.075768 -0.995185 -0.062181
v 0.037930 -0.998795 -0.031128
v 0.040798 0.998795 -0.027261
v 0.081498 0.995185 -0.054455
v 0.122002 0.989177 -0.081519
v 0.162212 0.980785 -0.108386
v 0.202031 0.970031 -0.134993
v 0.241363 0.956940 -0.161274
v 0.280114 0.941544 -0.187166
v 0.318190 0.923880 -0.212607
v 0.355499 0.903989 -0.237537
v 0.391952 0.881921 -0.261894
v 0.427461 0.857729 -0.285620
v 0.461940 0.831470 -0.308658
v 0.495306 0.803208 -0.330953
v 0.527479 0.773010 -0.352450
v 0.558381 0.740951 -0.373098
v 0.587938 0.707107 -0.392847
v 0.616078 0.671559 -0.411650
v 0.642735 0.634393 -0.429462
v 0.667843 0.595699 -0.446238
v 0.691342 0.555570 -0.461940
v 0.713175 0.514103 -0.476528
v 0.733291 0.471397 -0.489969
v 0.751640 0.427555 -0.502230
v 0.768178 0.382683 -0.513280
v 0.782865 0.336890 -0.523094
v 0.795667 0.290285 -0.531648
v 0.806551 0.242980 -0.538920
v 0.815493 0.195090 -0.544895
v 0.822470 0.146730 -0.549557
v 0.827466 0.098017 -0.552895
v 0.830468 0.049068 -0.554901
v 0.831470 0.000000 -0.555570
v 0.830468 -0.049068 -0.554901
v 0.827466 -0.098017 -0.552895
v 0.822470 -0.146730 -0.549557
v 0.815493 -0.195090 -0.544895
v 0.806551 -0.242980 -0.538920
v 0.795667 -0.290285 -0.531648
v 0.782865 -0.336890 -0.523094
v 0.768178 -0.382683 -0.513280
v 0.751640 -0.427555 -0.502230
v 0.733291 -0.471397 -0.489969
v 0.713175 -0.514103 -0.476528
v 0.691342 -0.555570 -0.461940
v 0.667843 -0.595699 -0.446238
v 0.642735 -0.634393 -0.429462
v 0.616078 -0.671559 -0.411650
v 0.587938 -0.707107 -0.392847
v 0.558381 -0.740951 -0.373098
v 0.527479 -0.773010 -0.352450
v 0.495306 -0.803208 -0.330953
v 0.461940 -0.831470 -0.308658
v 0.427461 -0.857729 -0.285620
v 0.391952 -0.881921 -0.261894
v 0.355499 -0.903989 -0.237537
v 0.318190 -0.923880 -0.212607
v 0.280114 -0.941544 -0.187166
v 0.241363 -0.956940 -0.161274
v 0.202031 -0.970031 -0.134993
v 0.162212 -0.980785 -0.108386
v 0.122002 -0.989177 -0.081519
v 0.081498 -0.995185 -0.054455
v 0.040798 -0.998795 -0.027261
v 0.043274 0.998795 -0.023130
v 0.086443 0.995185 -0.046205
v 0.129405 0.989177 -0.069168
v 0.172054 0.980785 -0.091965
v 0.214289 0.970031 -0.114540
v 0.256008 0.956940 -0.136839
v 0.297110 0.941544 -0.158809
v 0.337497 0.923880 -0.180396
v 0.377070 0.903989 -0.201548
v 0.415735 0.881921 -0.222215
v 0.453398 0.857729 -0.242346
v 0.489969 0.831470 -0.261894
v 0.525360 0.803208 -0.280811
v 0.559485 0.773010 -0.299051
v 0.592262 0.740951 -0.316571
v 0.623613 0.707107 -0.333328
v 0.653461 0.671559 -0.349282
v 0.681734 0.634393 -0.364395
v 0.708366 0.595699 -0.378629
v 0.733291 0.555570 -0.391952
v 0.756449 0.514103 -0.404330
v 0.777785 0.471397 -0.415735
v 0.797247 0.427555 -0.426138
v 0.814789 0.382683 -0.435514
v 0.830368 0.336890 -0.443841
v 0.843946 0.290285 -0.451099
v 0.855491 0.242980 -0.457269
v 0.864975 0.195090 -0.462339
v 0.872376 0.146730 -0.466294
v 0.877675 0.098017 -0.469127
v 0.880859 0.049068 -0.470829
v 0.881921 0.000000 -0.471397
v 0.880859 -0.049068 -0.470829
v 0.877675 -0.098017 -0.469127
v 0.872376 -0.146730 -0.466294
v 0.864975 -0.195090 -0.462339
v 0.855491 -0.242980 -0.457269
v 0.843946 -0.290285 -0.451099
v 0.830368 -0.336890 -0.443841
v 0.814789 -0.382683 -0.435514
v 0.797247 -0.427555 -0.426138
v 0.777785 -0.471397 -0.415735
v 0.756449 -0.514103 -0.404330
v 0.733291 -0.555570 -0.391952
v 0.708366 -0.595699 -0.378629
v 0.681734 -0.634393 -0.364395
v 0.653461 -0.671559 -0.349282
v 0.623613 -0.707107 -0.333328
v 0.592262 -0.740951 -0.316571
v 0.559485 -0.773010 -0.299051
v 0.525360 -0.803208 -0.280811
v 0.489969 -0.831470 -0.261894
v 0.453398 -0.857729 -0.242346
v 0.415735 -0.881921 -0.222215
v 0.377070 -0.903989 -0.201548
v 0.337497 -0.923880 -0.180396
v 0.297110 -0.941544 -0.158809
v 0.256008 -0.956940 -0.136839
v 0.214289 -0.970031 -0.114540
v 0.172054 -0.980785 -0.091965
v 0.129405 -0.989177 -0.069168
v 0.086443 -0.995185 -0.046205
v 0.043274 -0.998795 -0.023130
v 0.045333 0.998795 -0.018777
v 0.090556 0.995185 -0.037510
v 0.135561 0.989177 -0.056151
v 0.180240 0.980785 -0.074658
v 0.224484 0.970031 -0.092984
v 0.268188 0.956940 -0.111087
v 0.311246 0.941544 -0.128922
v 0.353553 0.923880 -0.146447
v 0.395009 0.903989 -0.163618
v 0.435514 0.881921 -0.180396
v 0.474969 0.857729 -0.196739
v 0.513280 0.831470 -0.212608
v 0.550354 0.803208 -0.227964
v 0.586103 0.773010 -0.242772
v 0.620440 0.740951 -0.256995
v 0.653281 0.707107 -0.270598
v 0.684550 0.671559 -0.283550
v 0.714168 0.634393 -0.295818
v 0.742067 0.595699 -0.307374
v 0.768178 0.555570 -0.318190
v 0.792438 0.514103 -0.328238
v 0.814789 0.471397 -0.337497
v 0.835177 0.427555 -0.345942
v 0.853553 0.382683 -0.353553
v 0.869873 0.336890 -0.360313
v 0.884098 0.290285 -0.366205
v 0.896192 0.242980 -0.371215
v 0.906127 0.195090 -0.375330
v 0.913880 0.146730 -0.378541
v 0.919431 0.098017 -0.380841
v 0.922767 0.049068 -0.382222
v 0.923879 0.000000 -0.382683
v 0.922767 -0.049068 -0.382222
v 0.919431 -0.098017 -0.380841
v 0.913880 -0.146730 -0.378541
v 0.906127 -0.195090 -0.375330
v 0.896192 -0.242980 -0.371215
v 0.884098 -0.290285 -0.366205
v 0.869873 -0.336890 -0.360313
v 0.853553 -0.382683 -0.353553
v 0.835177 -0.427555 -0.345942
v 0.814789 -0.471397 -0.337497
v 0.792438 -0.514103 -0.328238
v 0.768178 -0.555570 -0.318190
v 0.742067 -0.595699 -0.307374
v 0.714168 -0.634393 -0.295818
v 0.684550 -0.671559 -0.283550
v 0.653281 -0.707107 -0.270598
v 0.620440 -0.740951 -0.256995
v 0.586103 -0.773010 -0.242772
v 0.550354 -0.803208 -0.227964
v 0.513280 -0.831470 -0.212608
v 0.474969 -0.857729 -0.196739
v 0.435514 -0.881921 -0.180396
v 0.395009 -0.903989 -0.163618
v 0.353553 -0.923880 -0.146447
v 0.311246 -0.941544 -0.128922
v 0.268188 -0.956940 -0.111087
v 0.224484 -0.970031 -0.092984
v 0.180240 -0.980785 -0.074658
v 0.135561 -0.989177 -0.056151
v 0.090556 -0.995185 -0.037510
v 0.045333 -0.998795 -0.018777
v 0.046955 0.998795 -0.014244
v 0.093797 0.995185 -0.028453
v 0.140412 0.989177 -0.042594
v 0.186690 0.980785 -0.056632
v 0.232517 0.970031 -0.070533
v 0.277785 0.956940 -0.084265
v 0.322383 0.941544 -0.097794
v 0.366205 0.923880 -0.111087
v 0.409145 0.903989 -0.124113
v 0.451099 0.881921 -0.136839
v 0.491966 0.857729 -0.149236
v 0.531648 0.831470 -0.161274
v 0.570049 0.803208 -0.172922
v 0.607076 0.773010 -0.184155
v 0.642642 0.740951 -0.194943
v 0.676659 0.707107 -0.205262
v 0.709046 0.671559 -0.215087
v 0.739725 0.634393 -0.224393
v 0.768622 0.595699 -0.233159
v 0.795667 0.555570 -0.241363
v 0.820795 0.514103 -0.248985
v 0.843946 0.471397 -0.256008
v 0.865064 0.427555 -0.262414
v 0.884098 0.382683 -0.268188
v 0.901001 0.336890 -0.273316
v 0.915735 0.290285 -0.277785
v 0.928262 0.242980 -0.281585
v 0.938553 0.195090 -0.284707
v 0.946583 0.146730 -0.287143
v 0.952332 0.098017 -0.288887
v 0.955788 0.049068 -0.289935
v 0.956940 0.000000 -0.290285
v 0.955788 -0.049068 -0.289935
v 0.952332 -0.098017 -0.288887
v 0.946583 -0.146730 -0.287143
v 0.938553 -0.195090 -0.284707
v 0.928262 -0.242980 -0.281585
v 0.915735 -0.290285 -0.277785
v 0.901001 -0.336890 -0.273316
v 0.884098 -0.382683 -0.268188
v 0.865064 -0.427555 -0.262414
v 0.843946 -0.471397 -0.256008
v 0.820795 -0.514103 -0.248985
v 0.795667 -0.555570 -0.241363
v 0.768622 -0.595699 -0.233159
v 0.739725 -0.634393 -0.224393
v 0.709046 -0.671559 -0.215087
v 0.676659 -0.707107 -0.205262
v 0.642642 -0.740951 -0.194943
v 0.607076 -0.773010 -0.184155
v 0.570049 -0.803208 -0.172922
v 0.531648 -0.831470 -0.161274
v 0.491966 -0.857729 -0.149236
v 0.451099 -0.881921 -0.136839
v 0.409145 -0.903989 -0.124113
v 0.366205 -0.923880 -0.111087
v 0.322383 -0.941544 -0.097794
v 0.277785 -0.956940 -0.084265
v 0.232517 -0.970031 -0.070533
v 0.186690 -0.980785 -0.056632
v 0.140412 -0.989177 -0.042594
v 0.093797 -0.995185 -0.028453
v 0.046955 -0.998795 -0.014244
v 0.048125 0.998795 -0.009573
v 0.096134 0.995185 -0.019122
v 0.143911 0.989177 -0.028626
v 0.191342 0.980785 -0.038060
v 0.238311 0.970031 -0.047403
v 0.284707 0.956940 -0.056632
v 0.330417 0.941544 -0.065724
v 0.375330 0.923880 -0.074658
v 0.419340 0.903989 -0.083412
v 0.462339 0.881921 -0.091965
v 0.504224 0.857729 -0.100296
v 0.544895 0.831470 -0.108386
v 0.584253 0.803208 -0.116215
v 0.622204 0.773010 -0.123764
v 0.658655 0.740951 -0.131015
v 0.693520 0.707107 -0.137950
v 0.726714 0.671559 -0.144552
v 0.758157 0.634393 -0.150807
v 0.787774 0.595699 -0.156698
v 0.815493 0.555570 -0.162212
v 0.841247 0.514103 -0.167334
v 0.864975 0.471397 -0.172054
v 0.886619 0.427555 -0.176360
v 0.906127 0.382683 -0.180240
v 0.923452 0.336890 -0.183686
v 0.938553 0.290285 -0.186690
v 0.951392 0.242980 -0.189244
v 0.961940 0.195090 -0.191342
v 0.970169 0.146730 -0.192979
v 0.976063 0.098017 -0.194151
v 0.979604 0.049068 -0.194855
v 0.980785 0.000000 -0.195090
v 0.979604 -0.049068 -0.194855
v 0.976063 -0.098017 -0.194151
v 0.970169 -0.146730 -0.192979
v 0.961940 -0.195090 -0.191342
v 0.951392 -0.242980 -0.189244
v 0.938553 -0.290285 -0.186690
v 0.923452 -0.336890 -0.183686
v 0.906127 -0.382683 -0.180240
v 0.886619 -0.427555 -0.176360
v 0.864975 -0.471397 -0.172054
v 0.841247 -0.514103 -0.167334
v 0.815493 -0.555570 -0.162212
v 0.787774 -0.595699 -0.156698
v 0.758157 -0.634393 -0.150807
v 0.726714 -0.671559 -0.144552
v 0.693520 -0.707107 -0.137950
v 0.658655 -0.740951 -0.131015
v 0.622204 -0.773010 -0.123764
v 0.584253 -0.803208 -0.116215
v 0.544895 -0.831470 -0.108386
v 0.504224 -0.857729 -0.100296
v 0.462339 -0.881921 -0.091965
v 0.419340 -0.903989 -0.083412
v 0.375330 -0.923880 -0.074658
v 0.330417 -0.941544 -0.065724
v 0.284707 -0.956940 -0.056632
v 0.238311 -0.970031 -0.047403
v 0.191342 -0.980785 -0.038060
v 0.143911 -0.989177 -0.028626
v 0.096134 -0.995185 -0.019122
v 0.048125 -0.998795 -0.009573
v 0.048831 0.998795 -0.004809
v 0.097545 0.995185 -0.009607
v 0.146024 0.989177 -0.014382
v 0.194151 0.980785 -0.019122
v 0.241810 0.970031 -0.023816
v 0.288887 0.956940 -0.028453
v 0.335268 0.941544 -0.033021
v 0.380841 0.923880 -0.037510
v 0.425496 0.903989 -0.041908
v 0.469127 0.881921 -0.046205
v 0.511627 0.857729 -0.050391
v 0.552895 0.831470 -0.054455
v 0.592831 0.803208 -0.058389
v 0.631338 0.773010 -0.062181
v 0.668325 0.740951 -0.065824
v 0.703702 0.707107 -0.069308
v 0.737383 0.671559 -0.072626
v 0.769288 0.634393 -0.075768
v 0.799340 0.595699 -0.078728
v 0.827466 0.555570 -0.081498
v 0.853598 0.514103 -0.084072
v 0.877674 0.471397 -0.086443
v 0.899636 0.427555 -0.088606
v 0.919431 0.382683 -0.090556
v 0.937010 0.336890 -0.092287
v 0.952332 0.290285 -0.093797
v 0.965360 0.242980 -0.095080
v 0.976062 0.195090 -0.096134
v 0.984413 0.146730 -0.096956
v 0.990393 0.098017 -0.097545
v 0.993986 0.049068 -0.097899
v 0.995185 0.000000 -0.098017
v 0.993986 -0.049068 -0.097899
v 0.990393 -0.098017 -0.097545
v 0.984413 -0.146730 -0.096956
v 0.976062 -0.195090 -0.096134
v 0.965360 -0.242980 -0.095080
v 0.952332 -0.290285 -0.093797
v 0.937010 -0.336890 -0.092287
v 0.919431 -0.382683 -0.090556
v 0.899636 -0.427555 -0.088606
v 0.877674 -0.471397 -0.086443
v 0.853598 -0.514103 -0.084072
v 0.827466 -0.555570 -0.081498
v 0.799340 -0.595699 -0.078728
v 0.769288 -0.634393 -0.075768
v 0.737383 -0.671559 -0.072626
v 0.703702 -0.707107 -0.069308
v 0.668325 -0.740951 -0.065824
v 0.631338 -0.773010 -0.062181
v 0.592831 -0.803208 -0.058389
v 0.552895 -0.831470 -0.054455
v 0.511627 -0.857729 -0.050391
v 0.469127 -0.881921 -0.046205
v 0.425496 -0.903989 -0.041908
v 0.380841 -0.923880 -0.037510
v 0.335268 -0.941544 -0.033021
v 0.288887 -0.956940 -0.028453
v 0.241810 -0.970031 -0.023816
v 0.194151 -0.980785 -0.019122
v 0.146024 -0.989177 -0.014382
v 0.097545 -0.995185 -0.009607
v 0.048831 -0.998795 -0.004809
v 0.049068 0.998795 0.000000
v 0.098017 0.995185 0.000000
v 0.146730 0.989177 -0.000000
v 0.195090 0.980785 -0.000000
v 0.242980 0.970031 0.000000
v 0.290285 0.956940 0.000000
v 0.336890 0.941544 0.000000
v 0.382683 0.923880 0.000000
v 0.427555 0.903989 -0.000000
v 0.471397 0.881921 0.000000
v 0.514103 0.857729 0.000000
v 0.555570 0.831470 -0.000000
v 0.595699 0.803208 0.000000
v 0.634393 0.773010 -0.000000
v 0.671559 0.740951 -0.000000
v 0.707107 0.707107 0.000000
v 0.740951 0.671559 0.000000
v 0.773010 0.634393 -0.000000
v 0.803207 0.595699 0.000000
v 0.831470 0.555570 -0.000000
v 0.857728 0.514103 0.000000
v 0.881921 0.471397 0.000000
v 0.903989 0.427555 0.000000
v 0.923879 0.382683 0.000000
v 0.941544 0.336890 -0.000000
v 0.956940 0.290285 -0.000000
v 0.970031 0.242980 0.000000
v 0.980785 0.195090 0.000000
v 0.989176 0.146730 0.000000
v 0.995185 0.098017 0.000000
v 0.998795 0.049068 0.000000
v 1.000000 0.000000 0.000000
v 0.998795 -0.049068 0.000000
v 0.995185 -0.098017 0.000000
v 0.989176 -0.146730 0.000000
v 0.980785 -0.195090 0.000000
v 0.970031 -0.242980 0.000000
v 0.956940 -0.290285 -0.000000
v 0.941544 -0.336890 -0.000000
v 0.923879 -0.382683 0.000000
v 0.903989 -0.427555 0.000000
v 0.881921 -0.471397 0.000000
v 0.857728 -0.514103 0.000000
v 0.831470 -0.555570 -0.000000
v 0.803207 -0.595699 0.000000
v 0.773010 -0.634393 -0.000000
v 0.740951 -0.671559 0.000000
v 0.707107 -0.707107 0.000000
v 0.671559 -0.740951 -0.000000
v 0.634393 -0.773010 -0.000000
v 0.595699 -0.803208 0.000000
v 0.555570 -0.831470 -0.000000
v 0.514103 -0.857729 0.000000
v 0.471397 -0.881921 0.000000
v 0.427555 -0.903989 -0.000000
v 0.382683 -0.923880 0.000000
v 0.336890 -0.941544 0.000000
v 0.290285 -0.956940 0.000000
v 0.242980 -0.970031 0.000000
v 0.195090 -0.980785 -0.000000
v 0.146730 -0.989177 -0.000000
v 0.098017 -0.995185 0.000000
v 0.049068 -0.998795 0.000000
v 0.048831 0.998795 0.004809
v 0.097545 0.995185 0.009607
v 0.146024 0.989177 0.014382
v 0.194151 0.980785 0.019122
v 0.241810 0.970031 0.023816
v 0.288887 0.956940 0.028453
v 0.335268 0.941544 0.033021
v 0.380841 0.923880 0.037510
v 0.425496 0.903989 0.041908
v 0.469127 0.881921 0.046205
v 0.511627 0.857729 0.050391
v 0.552895 0.831470 0.054455
v 0.592831 0.803208 0.058389
v 0.631338 0.773010 0.062181
v 0.668325 0.740951 0.065824
v 0.703702 0.707107 0.069309
v 0.737383 0.671559 0.072626
v 0.769288 0.634393 0.075768
v 0.799340 0.595699 0.078728
v 0.827466 0.555570 0.081498
v 0.853598 0.514103 0.084072
v 0.877674 0.471397 0.086443
v 0.899636 0.427555 0.088606
v 0.919431 0.382683 0.090556
v 0.937010 0.336890 0.092287
v 0.952332 0.290285 0.093797
v 0.965360 0.242980 0.095080
v 0.976062 0.195090 0.096134
v 0.984413 0.146730 0.096956
v 0.990393 0.098017 0.097545
v 0.993986 0.049068 0.097899
v 0.995185 0.000000 0.098017
v 0.993986 -0.049068 0.097899
v 0.990393 -0.098017 0.097545
v 0.984413 -0.146730 0.096956
v 0.976062 -0.195090 0.096134
v 0.965360 -0.242980 0.095080
v 0.952332 -0.290285 0.093797
v 0.937010 -0.336890 0.092287
v 0.919431 -0.382683 0.090556
v 0.899636 -0.427555 0.088606
v 0.877674 -0.471397 0.086443
v 0.853598 -0.514103 0.084072
v 0.827466 -0.555570 0.081498
v 0.799340 -0.595699 0.078728
v 0.769288 -0.634393 0.075768
v 0.737383 -0.671559 0.072626
v 0.703702 -0.707107 0.069309
v 0.668325 -0.740951 0.065824
v 0.631338 -0.773010 0.062181
v 0.592831 -0.803208 0.058389
v 0.552895 -0.831470 0.054455
v 0.511627 -0.857729 0.050391
v 0.469127 -0.881921 0.046205
v 0.425496 -0.903989 0.041908
v 0.380841 -0.923880 0.037510
v 0.335268 -0.941544 0.033021
v 0.288887 -0.956940 0.028453
v 0.241810 -0.970031 0.023816
v 0.194151 -0.980785 0.019122
v 0.146024 -0.989177 0.014382
v 0.097545 -0.995185 0.009607
v 0.048831 -0.998795 0.004809
v 0.048125 0.998795 0.009573
v 0.096134 0.995185 0.019122
v 0.143911 0.989177 0.028626
v 0.191342 0.980785 0.038060
v 0.238311 0.970031 0.047403
v 0.284707 0.956940 0.056632
v 0.330417 0.941544 0.065724
v 0.375330 0.923880 0.074658
v 0.419340 0.903989 0.083412
v 0.462339 0.881921 0.091965
v 0.504224 0.857729 0.100296
v 0.544895 0.831470 0.108386
v 0.584253 0.803208 0.116215
v 0.622204 0.773010 0.123764
v 0.658655 0.740951 0.131015
v 0.693520 0.707107 0.137950
v 0.726714 0.671559 0.144552
v 0.758157 0.634393 0.150807
v 0.787774 0.595699 0.156698
v 0.815493 0.555570 0.162212
v 0.841247 0.514103 0.167335
v 0.864975 0.471397 0.172054
v 0.886619 0.427555 0.176360
v 0.906127 0.382683 0.180240
v 0.923452 0.336890 0.183686
v 0.938553 0.290285 0.186690
v 0.951392 0.242980 0.189244
v 0.961940 0.195090 0.191342
v 0.970169 0.146730 0.192979
v 0.976062 0.098017 0.194151
v 0.979604 0.049068 0.194855
v 0.980785 0.000000 0.195090
v 0.979604 -0.049068 0.194855
v 0.976062 -0.098017 0.194151
v 0.970169 -0.146730 0.192979
v 0.961940 -0.195090 0.191342
v 0.951392 -0.242980 0.189244
v 0.938553 -0.290285 0.186690
v 0.923452 -0.336890 0.183686
v 0.906127 -0.382683 0.180240
v 0.886619 -0.427555 0.176360
v 0.864975 -0.471397 0.172054
v 0.841247 -0.514103 0.167335
v 0.815493 -0.555570 0.162212
v 0.787774 -0.595699 0.156698
v 0.758157 -0.634393 0.150807
v 0.726714 -0.671559 0.144552
v 0.693520 -0.707107 0.137950
v 0.658655 -0.740951 0.131015
v 0.622204 -0.773010 0.123764
v 0.584253 -0.803208 0.116215
v 0.544895 -0.831470 0.108386
v 0.504224 -0.857729 0.100296
v 0.462339 -0.881921 0.091965
v 0.419340 -0.903989 0.083412
v 0.375330 -0.923880 0.074658
v 0.330417 -0.941544 0.065724
v 0.284707 -0.956940 0.056632
v 0.238311 -0.970031 0.047403
v 0.191342 -0.980785 0.038060
v 0.143911 -0.989177 0.028626
v 0.096134 -0.995185 0.019122
v 0.048125 -0.998795 0.009573
v 0.046955 0.998795 0.014244
v 0.093797 0.995185 0.028453
v 0.140412 0.989177 0.042594
v 0.186690 0.980785 0.056632
v 0.232517 0.970031 0.070533
v 0.277785 0.956940 0.084265
v 0.322383 0.941544 0.097794
v 0.366205 0.923880 0.111087
v 0.409145 0.903989 0.124113
v 0.451098 0.881921 0.136839
v 0.491965 0.857729 0.149236
v 0.531648 0.831470 0.161274
v 0.570049 0.803208 0.172922
v 0.607076 0.773010 0.184155
v 0.642642 0.740951 0.194943
v 0.676659 0.707107 0.205262
v 0.709046 0.671559 0.215087
v 0.739725 0.634393 0.224393
v 0.768622 0.595699 0.233159
v 0.795667 0.555570 0.241363
v 0.820795 0.514103 0.248985
v 0.843946 0.471397 0.256008
v 0.865064 0.427555 0.262414
v 0.884097 0.382683 0.268188
v 0.901001 0.336890 0.273316
v 0.915735 0.290285 0.277785
v 0.928262 0.242980 0.281585
v 0.938553 0.195090 0.284707
v 0.946582 0.146730 0.287143
v 0.952332 0.098017 0.288887
v 0.955788 0.049068 0.289935
v 0.956940 0.000000 0.290285
v 0.955788 -0.049068 0.289935
v 0.952332 -0.098017 0.288887
v 0.946582 -0.146730 0.287143
v 0.938553 -0.195090 0.284707
v 0.928262 -0.242980 0.281585
v 0.915735 -0.290285 0.277785
v 0.901001 -0.336890 0.273316
v 0.884097 -0.382683 0.268188
v 0.865064 -0.427555 0.262414
v 0.843946 -0.471397 0.256008
v 0.820795 -0.514103 0.248985
v 0.795667 -0.555570 0.241363
v 0.768622 -0.595699 0.233159
v 0.739725 -0.634393 0.224393
v 0.709046 -0.671559 0.215087
v 0.676659 -0.707107 0.205262
v 0.642642 -0.740951 0.194943
v 0.607076 -0.773010 0.184155
v 0.570049 -0.803208 0.172922
v 0.531648 -0.831470 0.161274
v 0.491965 -0.857729 0.149236
v 0.451098 -0.881921 0.136839
v 0.409145 -0.903989 0.124113
v 0.366205 -0.923880 0.111087
v 0.322383 -0.941544 0.097794
v 0.277785 -0.956940 0.084265
v 0.232517 -0.970031 0.070533
v 0.186690 -0.980785 0.056632
v 0.140412 -0.989177 0.042594
v 0.093797 -0.995185 0.028453
v 0.046955 -0.998795 0.014244
v 0.045333 0.998795 0.018777
v 0.090556 0.995185 0.037510
v 0.135561 0.989177 0.056151
v 0.180240 0.980785 0.074658
v 0.224484 0.970031 0.092984
v 0.268188 0.956940 0.111087
v 0.311246 0.941544 0.128922
v 0.353553 0.923880 0.146447
v 0.395009 0.903989 0.163618
v 0.435514 0.881921 0.180396
v 0.474969 0.857729 0.196739
v 0.513280 0.831470 0.212608
v 0.550354 0.803208 0.227964
v 0.586103 0.773010 0.242772
v 0.620440 0.740951 0.256994
v 0.653281 0.707107 0.270598
v 0.684549 0.671559 0.283550
v 0.714169 0.634393 0.295818
v 0.742067 0.595699 0.307374
v 0.768178 0.555570 0.318190
v 0.792438 0.514103 0.328239
v 0.814789 0.471397 0.337497
v 0.835177 0.427555 0.345942
v 0.853553 0.382683 0.353553
v 0.869873 0.336890 0.360313
v 0.884098 0.290285 0.366205
v 0.896192 0.242980 0.371215
v 0.906127 0.195090 0.375330
v 0.913880 0.146730 0.378541
v 0.919431 0.098017 0.380841
v 0.922767 0.049068 0.382222
v 0.923879 0.000000 0.382683
v 0.922767 -0.049068 0.382222
v 0.919431 -0.098017 0.380841
v 0.913880 -0.146730 0.378541
v 0.906127 -0.195090 0.375330
v 0.896192 -0.242980 0.371215
v 0.884098 -0.290285 0.366205
v 0.869873 -0.336890 0.360313
v 0.853553 -0.382683 0.353553
v 0.835177 -0.427555 0.345942
v 0.814789 -0.471397 0.337497
v 0.792438 -0.514103 0.328239
v 0.768178 -0.555570 0.318190
v 0.742067 -0.595699 0.307374
v 0.714169 -0.634393 0.295818
v 0.684549 -0.671559 0.283550
v 0.653281 -0.707107 0.270598
v 0.620440 -0.740951 0.256994
v 0.586103 -0.773010 0.242772
v 0.550354 -0.803208 0.227964
v 0.513280 -0.831470 0.212608
v 0.474969 -0.857729 0.196739
v 0.435514 -0.881921 0.180396
v 0.395009 -0.903989 0.163618
v 0.353553 -0.923880 0.146447
v 0.311246 -0.941544 0.128922
v 0.268188 -0.956940 0.111087
v 0.224484 -0.970031 0.092984
v 0.180240 -0.980785 0.074658
v 0.135561 -0.989177 0.056151
v 0.090556 -0.995185 0.037510
v 0.045333 -0.998795 0.018777
v 0.043274 0.998795 0.023130
v 0.086443 0.995185 0.046205
v 0.129405 0.989177 0.069168
v 0.172054 0.980785 0.091965
v 0.214289 0.970031 0.114540
v 0.256008 0.956940 0.136839
v 0.297110 0.941544 0.158809
v 0.337497 0.923880 0.180396
v 0.377070 0.903989 0.201548
v 0.415735 0.881921 0.222215
v 0.453398 0.857729 0.242346
v 0.489969 0.831470 0.261894
v 0.525360 0.803208 0.280811
v 0.559485 0.773010 0.299051
v 0.592262 0.740951 0.316571
v 0.623612 0.707107 0.333328
v 0.653460 0.671559 0.349282
v 0.681734 0.634393 0.364395
v 0.708366 0.595699 0.378629
v 0.733291 0.555570 0.391952
v 0.756449 0.514103 0.404330
v 0.777785 0.471397 0.415735
v 0.797247 0.427555 0.426138
v 0.814789 0.382683 0.435514
v 0.830368 0.336890 0.443841
v 0.843946 0.290285 0.451099
v 0.855491 0.242980 0.457269
v 0.864975 0.195090 0.462339
v 0.872375 0.146730 0.466294
v 0.877674 0.098017 0.469127
v 0.880859 0.049068 0.470829
v 0.881921 0.000000 0.471397
v 0.880859 -0.049068 0.470829
v 0.877674 -0.098017 0.469127
v 0.872375 -0.146730 0.466294
v 0.864975 -0.195090 0.462339
v 0.855491 -0.242980 0.457269
v 0.843946 -0.290285 0.451099
v 0.830368 -0.336890 0.443841
v 0.814789 -0.382683 0.435514
v 0.797247 -0.427555 0.426138
v 0.777785 -0.471397 0.415735
v 0.756449 -0.514103 0.404330
v 0.733291 -0.555570 0.391952
v 0.708366 -0.595699 0.378629
v 0.681734 -0.634393 0.364395
v 0.653460 -0.671559 0.349282
v 0.623612 -0.707107 0.333328
v 0.592262 -0.740951 0.316571
v 0.559485 -0.773010 0.299051
v 0.525360 -0.803208 0.280811
v 0.489969 -0.831470 0.261894
v 0.453398 -0.857729 0.242346
v 0.415735 -0.881921 0.222215
v 0.377070 -0.903989 0.201548
v 0.337497 -0.923880 0.180396
v 0.297110 -0.941544 0.158809
v 0.256008 -0.956940 0.136839
v 0.214289 -0.970031 0.114540
v 0.172054 -0.980785 0.091965
v 0.129405 -0.989177 0.069168
v 0.086443 -0.995185 0.046205
v 0.043274 -0.998795 0.023130
v 0.040798 0.998795 0.027261
v 0.081498 0.995185 0.054455
v 0.122002 0.989177 0.081519
v 0.162212 0.980785 0.108386
v 0.202031 0.970031 0.134993
v 0.241363 0.956940 0.161274
v 0.280114 0.941544 0.187166
v 0.318190 0.923880 0.212607
v 0.355499 0.903989 0.237537
v 0.391952 0.881921 0.261894
v 0.427461 0.857729 0.285620
v 0.461940 0.831470 0.308658
v 0.495306 0.803208 0.330953
v 0.527479 0.773010 0.352450
v 0.558381 0.740951 0.373098
v 0.587938 0.707107 0.392848
v 0.616078 0.671559 0.411650
v 0.642735 0.634393 0.429462
v 0.667842 0.595699 0.446238
v 0.691342 0.555570 0.461940
v 0.713175 0.514103 0.476528
v 0.733290 0.471397 0.489969
v 0.751640 0.427555 0.502230
v 0.768178 0.382683 0.513280
v 0.782865 0.336890 0.523094
v 0.795667 0.290285 0.531648
v 0.806551 0.242980 0.538920
v 0.815493 0.195090 0.544895
v 0.822470 0.146730 0.549557
v 0.827466 0.098017 0.552895
v 0.830468 0.049068 0.554901
v 0.831469 0.000000 0.555570
v 0.830468 -0.049068 0.554901
v 0.827466 -0.098017 0.552895
v 0.822470 -0.146730 0.549557
v 0.815493 -0.195090 0.544895
v 0.806551 -0.242980 0.538920
v 0.795667 -0.290285 0.531648
v 0.782865 -0.336890 0.523094
v 0.768178 -0.382683 0.513280
v 0.751640 -0.427555 0.502230
v 0.733290 -0.471397 0.489969
v 0.713175 -0.514103 0.476528
v 0.691342 -0.555570 0.461940
v 0.667842 -0.595699 0.446238
v 0.642735 -0.634393 0.429462
v 0.616078 -0.671559 0.411650
v 0.587938 -0.707107 0.392848
v 0.558381 -0.740951 0.373098
v 0.527479 -0.773010 0.352450
v 0.495306 -0.803208 0.330953
v 0.461940 -0.831470 0.308658
v 0.427461 -0.857729 0.285620
v 0.391952 -0.881921 0.261894
v 0.355499 -0.903989 0.237537
v 0.318190 -0.923880 0.212607
v 0.280114 -0.941544 0.187166
v 0.241363 -0.956940 0.161274
v 0.202031 -0.970031 0.134993
v 0.162212 -0.980785 0.108386
v 0.122002 -0.989177 0.081519
v 0.081498 -0.995185 0.054455
v 0.040798 -0.998795 0.027261
v 0.037930 0.998795 0.031128
v 0.075768 0.995185 0.062181
v 0.113424 0.989177 0.093085
v 0.150807 0.980785 0.123764
v 0.187826 0.970031 0.154145
v 0.224393 0.956940 0.184155
v 0.260419 0.941544 0.213721
v 0.295818 0.923880 0.242772
v 0.330505 0.903989 0.271238
v 0.364394 0.881921 0.299051
v 0.397407 0.857729 0.326143
v 0.429462 0.831470 0.352450
v 0.460482 0.803208 0.377908
v 0.490393 0.773010 0.402455
v 0.519122 0.740951 0.426032
v 0.546601 0.707107 0.448584
v 0.572763 0.671559 0.470054
v 0.597545 0.634393 0.490393
v 0.620888 0.595699 0.509549
v 0.642735 0.555570 0.527479
v 0.663033 0.514103 0.544137
v 0.681734 0.471397 0.559485
v 0.698793 0.427555 0.573485
v 0.714168 0.382683 0.586103
v 0.727823 0.336890 0.597309
v 0.739725 0.290285 0.607076
v 0.749844 0.242980 0.615381
v 0.758157 0.195090 0.622204
v 0.764643 0.146730 0.627527
v 0.769288 0.098017 0.631338
v 0.772079 0.049068 0.633629
v 0.773010 0.000000 0.634393
v 0.772079 -0.049068 0.633629
v 0.769288 -0.098017 0.631338
v 0.764643 -0.146730 0.627527
v 0.758157 -0.195090 0.622204
v 0.749844 -0.242980 0.615381
v 0.739725 -0.290285 0.607076
v 0.727823 -0.336890 0.597309
v 0.714168 -0.382683 0.586103
v 0.698793 -0.427555 0.573485
v 0.681734 -0.471397 0.559485
v 0.663033 -0.514103 0.544137
v 0.642735 -0.555570 0.527479
v 0.620888 -0.595699 0.509549
v 0.597545 -0.634393 0.490393
v 0.572763 -0.671559 0.470054
v 0.546601 -0.707107 0.448584
v 0.519122 -0.740951 0.426032
v 0.490393 -0.773010 0.402455
v 0.460482 -0.803208 0.377908
v 0.429462 -0.831470 0.352450
v 0.397407 -0.857729 0.326143
v 0.364394 -0.881921 0.299051
v 0.330505 -0.903989 0.271238
v 0.295818 -0.923880 0.242772
v 0.260419 -0.941544 0.213721
v 0.224393 -0.956940 0.184155
v 0.187826 -0.970031 0.154145
v 0.150807 -0.980785 0.123764
v 0.113424 -0.989177 0.093085
v 0.075768 -0.995185 0.062181
v 0.037930 -0.998795 0.031128
v 0.034696 0.998795 0.034696
v 0.069309 0.995185 0.069309
v 0.103754 0.989177 0.103754
v 0.137950 0.980785 0.137950
v 0.171813 0.970031 0.171813
v 0.205262 0.956940 0.205262
v 0.238217 0.941544 0.238217
v 0.270598 0.923880 0.270598
v 0.302327 0.903989 0.302327
v 0.333328 0.881921 0.333328
v 0.363525 0.857729 0.363525
v 0.392848 0.831470 0.392848
v 0.421223 0.803208 0.421223
v 0.448584 0.773010 0.448584
v 0.474864 0.740951 0.474864
v 0.500000 0.707107 0.500000
v 0.523931 0.671559 0.523931
v 0.546601 0.634393 0.546601
v 0.567953 0.595699 0.567953
v 0.587938 0.555570 0.587938
v 0.606506 0.514103 0.606506
v 0.623612 0.471397 0.623612
v 0.639217 0.427555 0.639217
v 0.653281 0.382683 0.653281
v 0.665772 0.336890 0.665772
v 0.676659 0.290285 0.676659
v 0.685915 0.242980 0.685915
v 0.693520 0.195090 0.693520
v 0.699453 0.146730 0.699453
v 0.703702 0.098017 0.703702
v 0.706255 0.049068 0.706255
v 0.707107 0.000000 0.707107
v 0.706255 -0.049068 0.706255
v 0.703702 -0.098017 0.703702
v 0.699453 -0.146730 0.699453
v 0.693520 -0.195090 0.693520
v 0.685915 -0.242980 0.685915
v 0.676659 -0.290285 0.676659
v 0.665772 -0.336890 0.665772
v 0.653281 -0.382683 0.653281
v 0.639217 -0.427555 0.639217
v 0.623612 -0.471397 0.623612
v 0.606506 -0.514103 0.606506
v 0.587938 -0.555570 0.587938
v 0.567953 -0.595699 0.567953
v 0.546601 -0.634393 0.546601
v 0.523931 -0.671559 0.523931
v 0.500000 -0.707107 0.500000
v 0.474864 -0.740951 0.474864
v 0.448584 -0.773010 0.448584
v 0.421223 -0.803208 0.421223
v 0.392848 -0.831470 0.392848
v 0.363525 -0.857729 0.363525
v 0.333328 -0.881921 0.333328
v 0.302327 -0.903989 0.302327
v 0.270598 -0.923880 0.270598
v 0.238217 -0.941544 0.238217
v 0.205262 -0.956940 0.205262
v 0.171813 -0.970031 0.171813
v 0.137950 -0.980785 0.137950
v 0.103754 -0.989177 0.103754
v 0.069309 -0.995185 0.069309
v 0.034696 -0.998795 0.034696
v 0.031128 0.998795 0.037930
v 0.062181 0.995185 0.075768
v 0.093085 0.989177 0.113424
v 0.123764 0.980785 0.150807
v 0.154145 0.970031 0.187826
v 0.184155 0.956940 0.224393
v 0.213721 0.941544 0.260419
v 0.242772 0.923880 0.295818
v 0.271238 0.903989 0.330505
v 0.299051 0.881921 0.364395
v 0.326143 0.857729 0.397407
v 0.352450 0.831470 0.429462
v 0.377907 0.803208 0.460482
v 0.402455 0.773010 0.490393
v 0.426032 0.740951 0.519122
v 0.448584 0.707107 0.546601
v 0.470054 0.671559 0.572763
v 0.490393 0.634393 0.597545
v 0.509549 0.595699 0.620888
v 0.527479 0.555570 0.642735
v 0.544137 0.514103 0.663033
v 0.559485 0.471397 0.681734
v 0.573485 0.427555 0.698793
v 0.586103 0.382683 0.714168
v 0.597309 0.336890 0.727823
v 0.607076 0.290285 0.739725
v 0.615381 0.242980 0.749844
v 0.622203 0.195090 0.758157
v 0.627527 0.146730 0.764643
v 0.631338 0.098017 0.769288
v 0.633629 0.049068 0.772079
v 0.634393 0.000000 0.773010
v 0.633629 -0.049068 0.772079
v 0.631338 -0.098017 0.769288
v 0.627527 -0.146730 0.764643
v 0.622203 -0.195090 0.758157
v 0.615381 -0.242980 0.749844
v 0.607076 -0.290285 0.739725
v 0.597309 -0.336890 0.727823
v 0.586103 -0.382683 0.714168
v 0.573485 -0.427555 0.698793
v 0.559485 -0.471397 0.681734
v 0.544137 -0.514103 0.663033
v 0.527479 -0.555570 0.642735
v 0.509549 -0.595699 0.620888
v 0.490393 -0.634393 0.597545
v 0.470054 -0.671559 0.572763
v 0.448584 -0.707107 0.546601
v 0.426032 -0.740951 0.519122
v 0.402455 -0.773010 0.490393
v 0.377907 -0.803208 0.460482
v 0.352450 -0.831470 0.429462
v 0.326143 -0.857729 0.397407
v 0.299051 -0.881921 0.364395
v 0.271238 -0.903989 0.330505
v 0.242772 -0.923880 0.295818
v 0.213721 -0.941544 0.260419
v 0.184155 -0.956940 0.224393
v 0.154145 -0.970031 0.187826
v 0.123764 -0.980785 0.150807
v 0.093085 -0.989177 0.113424
v 0.062181 -0.995185 0.075768
v 0.031128 -0.998795 0.037930
v 0.027261 0.998795 0.040798
v 0.054455 0.995185 0.081498
v 0.081519 0.989177 0.122002
v 0.108386 0.980785 0.162212
v 0.134992 0.970031 0.202031
v 0.161274 0.956940 0.241363
v 0.187166 0.941544 0.280114
v 0.212607 0.923880 0.318190
v 0.237537 0.903989 0.355499
v 0.261894 0.881921 0.391952
v 0.285620 0.857729 0.427461
v 0.308658 0.831470 0.461940
v 0.330953 0.803208 0.495306
v 0.352450 0.773010 0.527479
v 0.373098 0.740951 0.558381
v 0.392847 0.707107 0.587938
v 0.411650 0.671559 0.616078
v 0.429462 0.634393 0.642735
v 0.446238 0.595699 0.667843
v 0.461940 0.555570 0.691342
v 0.476528 0.514103 0.713175
v 0.489969 0.471397 0.733291
v 0.502230 0.427555 0.751640
v 0.513280 0.382683 0.768178
v 0.523094 0.336890 0.782865
v 0.531647 0.290285 0.795667
v 0.538920 0.242980 0.806551
v 0.544895 0.195090 0.815493
v 0.549557 0.146730 0.822470
v 0.552895 0.098017 0.827466
v 0.554901 0.049068 0.830468
v 0.555570 0.000000 0.831470
v 0.554901 -0.049068 0.830468
v 0.552895 -0.098017 0.827466
v 0.549557 -0.146730 0.822470
v 0.544895 -0.195090 0.815493
v 0.538920 -0.242980 0.806551
v 0.531647 -0.290285 0.795667
v 0.523094 -0.336890 0.782865
v 0.513280 -0.382683 0.768178
v 0.502230 -0.427555 0.751640
v 0.489969 -0.471397 0.733291
v 0.476528 -0.514103 0.713175
v 0.461940 -0.555570 0.691342
v 0.446238 -0.595699 0.667843
v 0.429462 -0.634393 0.642735
v 0.411650 -0.671559 0.616078
v 0.392847 -0.707107 0.587938
v 0.373098 -0.740951 0.558381
v 0.352450 -0.773010 0.527479
v 0.330953 -0.803208 0.495306
v 0.308658 -0.831470 0.461940
v 0.285620 -0.857729 0.427461
v 0.261894 -0.881921 0.391952
v 0.237537 -0.903989 0.355499
v 0.212607 -0.923880 0.318190
v 0.187166 -0.941544 0.280114
v 0.161274 -0.956940 0.241363
v 0.134992 -0.970031 0.202031
v 0.108386 -0.980785 0.162212
v 0.081519 -0.989177 0.122002
v 0.054455 -0.995185 0.081498
v 0.027261 -0.998795 0.040798
v 0.023130 0.998795 0.043274
v 0.046205 0.995185 0.086443
v 0.069168 0.989177 0.129405
v 0.091965 0.980785 0.172054
v 0.114540 0.970031 0.214289
v 0.136839 0.956940 0.256008
v 0.158809 0.941544 0.297110
v 0.180396 0.923880 0.337497
v 0.201548 0.903989 0.377070
v 0.222215 0.881921 0.415735
v 0.242346 0.857729 0.453398
v 0.261894 0.831470 0.489969
v 0.280811 0.803208 0.525360
v 0.299051 0.773010 0.559485
v 0.316571 0.740951 0.592262
v 0.333328 0.707107 0.623612
v 0.349282 0.671559 0.653460
v 0.364395 0.634393 0.681734
v 0.378629 0.595699 0.708366
v 0.391952 0.555570 0.733291
v 0.404330 0.514103 0.756449
v 0.415735 0.471397 0.777785
v 0.426138 0.427555 0.797247
v 0.435514 0.382683 0.814789
v 0.443841 0.336890 0.830367
v 0.451098 0.290285 0.843946
v 0.457269 0.242980 0.855491
v 0.462339 0.195090 0.864975
v 0.466294 0.146730 0.872375
v 0.469127 0.098017 0.877674
v 0.470829 0.049068 0.880859
v 0.471397 0.000000 0.881921
v 0.470829 -0.049068 0.880859
v 0.469127 -0.098017 0.877674
v 0.466294 -0.146730 0.872375
v 0.462339 -0.195090 0.864975
v 0.457269 -0.242980 0.855491
v 0.451098 -0.290285 0.843946
v 0.443841 -0.336890 0.830367
v 0.435514 -0.382683 0.814789
v 0.426138 -0.427555 0.797247
v 0.415735 -0.471397 0.777785
v 0.404330 -0.514103 0.756449
v 0.391952 -0.555570 0.733291
v 0.378629 -0.595699 0.708366
v 0.364395 -0.634393 0.681734
v 0.349282 -0.671559 0.653460
v 0.333328 -0.707107 0.623612
v 0.316571 -0.740951 0.592262
v 0.299051 -0.773010 0.559485
v 0.280811 -0.803208 0.525360
v 0.261894 -0.831470 0.489969
v 0.242346 -0.857729 0.453398
v 0.222215 -0.881921 0.415735
v 0.201548 -0.903989 0.377070
v 0.180396 -0.923880 0.337497
v 0.158809 -0.941544 0.297110
v 0.136839 -0.956940 0.256008
v 0.114540 -0.970031 0.214289
v 0.091965 -0.980785 0.172054
v 0.069168 -0.989177 0.129405
v 0.046205 -0.995185 0.086443
v 0.023130 -0.998795 0.043274
v 0.018777 0.998795 0.045333
v 0.037510 0.995185 0.090556
v 0.056151 0.989177 0.135561
v 0.074658 0.980785 0.180240
v 0.092984 0.970031 0.224484
v 0.111087 0.956940 0.268188
v 0.128922 0.941544 0.311246
v 0.146447 0.923880 0.353553
v 0.163618 0.903989 0.395009
v 0.180396 0.881921 0.435514
v 0.196738 0.857729 0.474969
v 0.212608 0.831470 0.513280
v 0.227964 0.803208 0.550354
v 0.242772 0.773010 0.586103
v 0.256994 0.740951 0.620439
v 0.270598 0.707107 0.653281
v 0.283550 0.671559 0.684549
v 0.295818 0.634393 0.714168
v 0.307374 0.595699 0.742067
v 0.318190 0.555570 0.768178
v 0.328238 0.514103 0.792438
v 0.337497 0.471397 0.814789
v 0.345942 0.427555 0.835177
v 0.353553 0.382683 0.853553
v 0.360313 0.336890 0.869873
v 0.366205 0.290285 0.884097
v 0.371215 0.242980 0.896192
v 0.375330 0.195090 0.906127
v 0.378541 0.146730 0.913879
v 0.380841 0.098017 0.919431
v 0.382222 0.049068 0.922767
v 0.382683 0.000000 0.923879
v 0.382222 -0.049068 0.922767
v 0.380841 -0.098017 0.919431
v 0.378541 -0.146730 0.913879
v 0.375330 -0.195090 0.906127
v 0.371215 -0.242980 0.896192
v 0.366205 -0.290285 0.884097
v 0.360313 -0.336890 0.869873
v 0.353553 -0.382683 0.853553
v 0.345942 -0.427555 0.835177
v 0.337497 -0.471397 0.814789
v 0.328238 -0.514103 0.792438
v 0.318190 -0.555570 0.768178
v 0.307374 -0.595699 0.742067
v 0.295818 -0.634393 0.714168
v 0.283550 -0.671559 0.684549
v 0.270598 -0.707107 0.653281
v 0.256994 -0.740951 0.620439
v 0.242772 -0.773010 0.586103
v 0.227964 -0.803208 0.550354
v 0.212608 -0.831470 0.513280
v 0.196738 -0.857729 0.474969
v 0.180396 -0.881921 0.435514
v 0.163618 -0.903989 0.395009
v 0.146447 -0.923880 0.353553
v 0.128922 -0.941544 0.311246
v 0.111087 -0.956940 0.268188
v 0.092984 -0.970031 0.224484
v 0.074658 -0.980785 0.180240
v 0.056151 -0.989177 0.135561
v 0.037510 -0.995185 0.090556
v 0.018777 -0.998795 0.045333
v 0.014244 0.998795 0.046955
v 0.028453 0.995185 0.093797
v 0.042594 0.989177 0.140412
v 0.056632 0.980785 0.186690
v 0.070533 0.970031 0.232517
v 0.084265 0.956940 0.277785
v 0.097794 0.941544 0.322383
v 0.111087 0.923880 0.366205
v 0.124113 0.903989 0.409145
v 0.136839 0.881921 0.451098
v 0.149236 0.857729 0.491965
v 0.161274 0.831470 0.531648
v 0.172922 0.803208 0.570049
v 0.184155 0.773010 0.607076
v 0.194943 0.740951 0.642642
v 0.205262 0.707107 0.676659
v 0.215087 0.671559 0.709046
v 0.224393 0.634393 0.739725
v 0.233159 0.595699 0.768622
v 0.241363 0.555570 0.795667
v 0.248985 0.514103 0.820795
v 0.256008 0.471397 0.843946
v 0.262414 0.427555 0.865064
v 0.268188 0.382683 0.884097
v 0.273316 0.336890 0.901001
v 0.277785 0.290285 0.915735
v 0.281585 0.242980 0.928262
v 0.284707 0.195090 0.938553
v 0.287143 0.146730 0.946582
v 0.288887 0.098017 0.952332
v 0.289935 0.049068 0.955787
v 0.290284 0.000000 0.956940
v 0.289935 -0.049068 0.955787
v 0.288887 -0.098017 0.952332
v 0.287143 -0.146730 0.946582
v 0.284707 -0.195090 0.938553
v 0.281585 -0.242980 0.928262
v 0.277785 -0.290285 0.915735
v 0.273316 -0.336890 0.901001
v 0.268188 -0.382683 0.884097
v 0.262414 -0.427555 0.865064
v 0.256008 -0.471397 0.843946
v 0.248985 -0.514103 0.820795
v 0.241363 -0.555570 0.795667
v 0.233159 -0.595699 0.768622
v 0.224393 -0.634393 0.739725
v 0.215087 -0.671559 0.709046
v 0.205262 -0.707107 0.676659
v 0.194943 -0.740951 0.642642
v 0.184155 -0.773010 0.607076
v 0.172922 -0.803208 0.570049
v 0.161274 -0.831470 0.531648
v 0.149236 -0.857729 0.491965
v 0.136839 -0.881921 0.451098
v 0.124113 -0.903989 0.409145
v 0.111087 -0.923880 0.366205
v 0.097794 -0.941544 0.322383
v 0.084265 -0.956940 0.277785
v 0.070533 -0.970031 0.232517
v 0.056632 -0.980785 0.186690
v 0.042594 -0.989177 0.140412
v 0.028453 -0.995185 0.093797
v 0.014244 -0.998795 0.046955
v 0.009573 0.998795 0.048125
v 0.019122 0.995185 0.096134
v 0.028626 0.989177 0.143911
v 0.038060 0.980785 0.191342
v 0.047403 0.970031 0.238311
v 0.056632 0.956940 0.284707
v 0.065724 0.941544 0.330417
v 0.074658 0.923880 0.375330
v 0.083412 0.903989 0.419340
v 0.091965 0.881921 0.462339
v 0.100296 0.857729 0.504224
v 0.108386 0.831470 0.544895
v 0.116215 0.803208 0.584253
v 0.123764 0.773010 0.622204
v 0.131015 0.740951 0.658655
v 0.137950 0.707107 0.693520
v 0.144552 0.671559 0.726714
v 0.150807 0.634393 0.758157
v 0.156698 0.595699 0.787774
v 0.162212 0.555570 0.815493
v 0.167334 0.514103 0.841247
v 0.172054 0.471397 0.864975
v 0.176360 0.427555 0.886619
v 0.180240 0.382683 0.906127
v 0.183686 0.336890 0.923452
v 0.186690 0.290285 0.938553
v 0.189243 0.242980 0.951392
v 0.191342 0.195090 0.961940
v 0.192979 0.146730 0.970169
v 0.194151 0.098017 0.976062
v 0.194855 0.049068 0.979604
v 0.195090 0.000000 0.980785
v 0.194855 -0.049068 0.979604
v 0.194151 -0.098017 0.976062
v 0.192979 -0.146730 0.970169
v 0.191342 -0.195090 0.961940
v 0.189243 -0.242980 0.951392
v 0.186690 -0.290285 0.938553
v 0.183686 -0.336890 0.923452
v 0.180240 -0.382683 0.906127
v 0.176360 -0.427555 0.886619
v 0.172054 -0.471397 0.864975
v 0.167334 -0.514103 0.841247
v 0.162212 -0.555570 0.815493
v 0.156698 -0.595699 0.787774
v 0.150807 -0.634393 0.758157
v 0.144552 -0.671559 0.726714
v 0.137950 -0.707107 0.693520
v 0.131015 -0.740951 0.658655
v 0.123764 -0.773010 0.622204
v 0.116215 -0.803208 0.584253
v 0.108386 -0.831470 0.544895
v 0.100296 -0.857729 0.504224
v 0.091965 -0.881921 0.462339
v 0.083412 -0.903989 0.419340
v 0.074658 -0.923880 0.375330
v 0.065724 -0.941544 0.330417
v 0.056632 -0.956940 0.284707
v 0.047403 -0.970031 0.238311
v 0.038060 -0.980785 0.191342
v 0.028626 -0.989177 0.143911
v 0.019122 -0.995185 0.096134
v 0.009573 -0.998795 0.048125
v 0.004809 0.998795 0.048831
v 0.009607 0.995185 0.097545
v 0.014382 0.989177 0.146024
v 0.019122 0.980785 0.194151
v 0.023816 0.970031 0.241810
v 0.028453 0.956940 0.288887
v 0.033021 0.941544 0.335268
v 0.037510 0.923880 0.380841
v 0.041908 0.903989 0.425496
v 0.046205 0.881921 0.469127
v 0.050391 0.857729 0.511627
v 0.054455 0.831470 0.552895
v 0.058389 0.803208 0.592831
v 0.062181 0.773010 0.631338
v 0.065824 0.740951 0.668325
v 0.069308 0.707107 0.703702
v 0.072626 0.671559 0.737383
v 0.075768 0.634393 0.769288
v 0.078728 0.595699 0.799340
v 0.081498 0.555570 0.827466
v 0.084072 0.514103 0.853598
v 0.086443 0.471397 0.877674
v 0.088606 0.427555 0.899636
v 0.090556 0.382683 0.919430
v 0.092288 0.336890 0.937010
v 0.093796 0.290285 0.952332
v 0.095080 0.242980 0.965360
v 0.096134 0.195090 0.976062
v 0.096956 0.146730 0.984413
v 0.097545 0.098017 0.990392
v 0.097899 0.049068 0.993986
v 0.098017 0.000000 0.995185
v 0.097899 -0.049068 0.993986
v 0.097545 -0.098017 0.990392
v 0.096956 -0.146730 0.984413
v 0.096134 -0.195090 0.976062
v 0.095080 -0.242980 0.965360
v 0.093796 -0.290285 0.952332
v 0.092288 -0.336890 0.937010
v 0.090556 -0.382683 0.919430
v 0.088606 -0.427555 0.899636
v 0.086443 -0.471397 0.877674
v 0.084072 -0.514103 0.853598
v 0.081498 -0.555570 0.827466
v 0.078728 -0.595699 0.799340
v 0.075768 -0.634393 0.769288
v 0.072626 -0.671559 0.737383
v 0.069308 -0.707107 0.703702
v 0.065824 -0.740951 0.668325
v 0.062181 -0.773010 0.631338
v 0.058389 -0.803208 0.592831
v 0.054455 -0.831470 0.552895
v 0.050391 -0.857729 0.511627
v 0.046205 -0.881921 0.469127
v 0.041908 -0.903989 0.425496
v 0.037510 -0.923880 0.380841
v 0.033021 -0.941544 0.335268
v 0.028453 -0.956940 0.288887
v 0.023816 -0.970031 0.241810
v 0.019122 -0.980785 0.194151
v 0.014382 -0.989177 0.146024
v 0.009607 -0.995185 0.097545
v 0.004809 -0.998795 0.048831
v -0.000000 0.998795 0.049068
v -0.000000 0.995185 0.098017
v 0.000000 0.989177 0.146730
v 0.000000 0.980785 0.195090
v -0.000000 0.970031 0.242980
v -0.000000 0.956940 0.290285
v -0.000000 0.941544 0.336890
v -0.000000 0.923880 0.382683
v 0.000000 0.903989 0.427555
v -0.000000 0.881921 0.471397
v -0.000000 0.857729 0.514102
v 0.000000 0.831470 0.555571
v -0.000000 0.803208 0.595699
v 0.000000 0.773010 0.634393
v 0.000000 0.740951 0.671559
v -0.000000 0.707107 0.707107
v -0.000000 0.671559 0.740951
v 0.000000 0.634393 0.773010
v -0.000000 0.595699 0.803207
v 0.000000 0.555570 0.831470
v -0.000000 0.514103 0.857728
v -0.000000 0.471397 0.881921
v -0.000000 0.427555 0.903989
v -0.000000 0.382683 0.923879
v 0.000000 0.336890 0.941544
v -0.000000 0.290285 0.956940
v -0.000000 0.242980 0.970031
v -0.000000 0.195090 0.980785
v 0.000000 0.146730 0.989176
v -0.000000 0.098017 0.995184
v -0.000000 0.049068 0.998795
v -0.000000 0.000000 1.000000
v -0.000000 -0.049068 0.998795
v -0.000000 -0.098017 0.995184
v 0.000000 -0.146730 0.989176
v -0.000000 -0.195090 0.980785
v -0.000000 -0.242980 0.970031
v -0.000000 -0.290285 0.956940
v 0.000000 -0.336890 0.941544
v -0.000000 -0.382683 0.923879
v -0.000000 -0.427555 0.903989
v -0.000000 -0.471397 0.881921
v -0.000000 -0.514103 0.857728
v 0.000000 -0.555570 0.831470
v -0.000000 -0.595699 0.803207
v 0.000000 -0.634393 0.773010
v -0.000000 -0.671559 0.740951
v -0.000000 -0.707107 0.707107
v 0.000000 -0.740951 0.671559
v 0.000000 -0.773010 0.634393
v -0.000000 -0.803208 0.595699
v 0.000000 -0.831470 0.555571
v -0.000000 -0.857729 0.514102
v -0.000000 -0.881921 0.471397
v 0.000000 -0.903989 0.427555
v -0.000000 -0.923880 0.382683
v -0.000000 -0.941544 0.336890
v -0.000000 -0.956940 0.290285
v -0.000000 -0.970031 0.242980
v 0.000000 -0.980785 0.195090
v 0.000000 -0.989177 0.146730
v -0.000000 -0.995185 0.098017
v -0.000000 -0.998795 0.049068
v -0.004809 0.998795 0.048831
v -0.009607 0.995185 0.097545
v -0.014382 0.989177 0.146024
v -0.019122 0.980785 0.194151
v -0.023816 0.970031 0.241810
v -0.028453 0.956940 0.288887
v -0.033021 0.941544 0.335268
v -0.037510 0.923880 0.380840
v -0.041908 0.903989 0.425496
v -0.046205 0.881921 0.469127
v -0.050391 0.857729 0.511627
v -0.054455 0.831470 0.552895
v -0.058389 0.803208 0.592831
v -0.062181 0.773010 0.631338
v -0.065824 0.740951 0.668325
v -0.069309 0.707107 0.703702
v -0.072626 0.671559 0.737383
v -0.075768 0.634393 0.769288
v -0.078728 0.595699 0.799340
v -0.081498 0.555570 0.827466
v -0.084072 0.514103 0.853598
v -0.086443 0.471397 0.877674
v -0.088606 0.427555 0.899636
v -0.090556 0.382683 0.919430
v -0.092287 0.336890 0.937010
v -0.093797 0.290285 0.952332
v -0.095080 0.242980 0.965360
v -0.096134 0.195090 0.976062
v -0.096956 0.146730 0.984413
v -0.097545 0.098017 0.990392
v -0.097899 0.049068 0.993986
v -0.098017 0.000000 0.995184
v -0.097899 -0.049068 0.993986
v -0.097545 -0.098017 0.990392
v -0.096956 -0.146730 0.984413
v -0.096134 -0.195090 0.976062
v -0.095080 -0.242980 0.965360
v -0.093797 -0.290285 0.952332
v -0.092287 -0.336890 0.937010
v -0.090556 -0.382683 0.919430
v -0.088606 -0.427555 0.899636
v -0.086443 -0.471397 0.877674
v -0.084072 -0.514103 0.853598
v -0.081498 -0.555570 0.827466
v -0.078728 -0.595699 0.799340
v -0.075768 -0.634393 0.769288
v -0.072626 -0.671559 0.737383
v -0.069309 -0.707107 0.703702
v -0.065824 -0.740951 0.668325
v -0.062181 -0.773010 0.631338
v -0.058389 -0.803208 0.592831
v -0.054455 -0.831470 0.552895
v -0.050391 -0.857729 0.511627
v -0.046205 -0.881921 0.469127
v -0.041908 -0.903989 0.425496
v -0.037510 -0.923880 0.380840
v -0.033021 -0.941544 0.335268
v -0.028453 -0.956940 0.288887
v -0.023816 -0.970031 0.241810
v -0.019122 -0.980785 0.194151
v -0.014382 -0.989177 0.146024
v -0.009607 -0.995185 0.097545
v -0.004809 -0.998795 0.048831
v -0.009573 0.998795 0.048125
v -0.019122 0.995185 0.096134
v -0.028626 0.989177 0.143911
v -0.038060 0.980785 0.191342
v -0.047403 0.970031 0.238311
v -0.056632 0.956940 0.284707
v -0.065724 0.941544 0.330417
v -0.074658 0.923880 0.375330
v -0.083412 0.903989 0.419340
v -0.091965 0.881921 0.462339
v -0.100296 0.857729 0.504224
v -0.108386 0.831470 0.544895
v -0.116215 0.803208 0.584253
v -0.123764 0.773010 0.622204
v -0.131015 0.740951 0.658655
v -0.137950 0.707107 0.693520
v -0.144552 0.671559 0.726714
v -0.150807 0.634393 0.758157
v -0.156698 0.595699 0.787774
v -0.162212 0.555570 0.815493
v -0.167335 0.514103 0.841247
v -0.172054 0.471397 0.864975
v -0.176360 0.427555 0.886619
v -0.180240 0.382683 0.906127
v -0.183686 0.336890 0.923452
v -0.186690 0.290285 0.938553
v -0.189244 0.242980 0.951392
v -0.191342 0.195090 0.961940
v -0.192979 0.146730 0.970169
v -0.194151 0.098017 0.976062
v -0.194855 0.049068 0.979604
v -0.195090 0.000000 0.980785
v -0.194855 -0.049068 0.979604
v -0.194151 -0.098017 0.976062
v -0.192979 -0.146730 0.970169
v -0.191342 -0.195090 0.961940
v -0.189244 -0.242980 0.951392
v -0.186690 -0.290285 0.938553
v -0.183686 -0.336890 0.923452
v -0.180240 -0.382683 0.906127
v -0.176360 -0.427555 0.886619
v -0.172054 -0.471397 0.864975
v -0.167335 -0.514103 0.841247
v -0.162212 -0.555570 0.815493
v -0.156698 -0.595699 0.787774
v -0.150807 -0.634393 0.758157
v -0.144552 -0.671559 0.726714
v -0.137950 -0.707107 0.693520
v -0.131015 -0.740951 0.658655
v -0.123764 -0.773010 0.622204
v -0.116215 -0.803208 0.584253
v -0.108386 -0.831470 0.544895
v -0.100296 -0.857729 0.504224
v -0.091965 -0.881921 0.462339
v -0.083412 -0.903989 0.419340
v -0.074658 -0.923880 0.375330
v -0.065724 -0.941544 0.330417
v -0.056632 -0.956940 0.284707
v -0.047403 -0.970031 0.238311
v -0.038060 -0.980785 0.191342
v -0.028626 -0.989177 0.143911
v -0.019122 -0.995185 0.096134
v -0.009573 -0.998795 0.048125
v -0.014244 0.998795 0.046955
v -0.028453 0.995185 0.093797
v -0.042594 0.989177 0.140412
v -0.056632 0.980785 0.186690
v -0.070533 0.970031 0.232517
v -0.084265 0.956940 0.277785
v -0.097794 0.941544 0.322383
v -0.111087 0.923880 0.366205
v -0.124113 0.903989 0.409145
v -0.136839 0.881921 0.451098
v -0.149236 0.857729 0.491965
v -0.161274 0.831470 0.531648
v -0.172922 0.803208 0.570048
v -0.184155 0.773010 0.607076
v -0.194943 0.740951 0.642642
v -0.205262 0.707107 0.676659
v -0.215087 0.671559 0.709046
v -0.224393 0.634393 0.739725
v -0.233159 0.595699 0.768621
v -0.241363 0.555570 0.795667
v -0.248985 0.514103 0.820795
v -0.256008 0.471397 0.843946
v -0.262414 0.427555 0.865064
v -0.268188 0.382683 0.884097
v -0.273316 0.336890 0.901001
v -0.277785 0.290285 0.915735
v -0.281585 0.242980 0.928261
v -0.284707 0.195090 0.938553
v -0.287143 0.146730 0.946582
v -0.288887 0.098017 0.952332
v -0.289935 0.049068 0.955787
v -0.290285 0.000000 0.956940
v -0.289935 -0.049068 0.955787
v -0.288887 -0.098017 0.952332
v -0.287143 -0.146730 0.946582
v -0.284707 -0.195090 0.938553
v -0.281585 -0.242980 0.928261
v -0.277785 -0.290285 0.915735
v -0.273316 -0.336890 0.901001
v -0.268188 -0.382683 0.884097
v -0.262414 -0.427555 0.865064
v -0.256008 -0.471397 0.843946
v -0.248985 -0.514103 0.820795
v -0.241363 -0.555570 0.795667
v -0.233159 -0.595699 0.768621
v -0.224393 -0.634393 0.739725
v -0.215087 -0.671559 0.709046
v -0.205262 -0.707107 0.676659
v -0.194943 -0.740951 0.642642
v -0.184155 -0.773010 0.607076
v -0.172922 -0.803208 0.570048
v -0.161274 -0.831470 0.531648
v -0.149236 -0.857729 0.491965
v -0.136839 -0.881921 0.451098
v -0.124113 -0.903989 0.409145
v -0.111087 -0.923880 0.366205
v -0.097794 -0.941544 0.322383
v -0.084265 -0.956940 0.277785
v -0.070533 -0.970031 0.232517
v -0.056632 -0.980785 0.186690
v -0.042594 -0.989177 0.140412
v -0.028453 -0.995185 0.093797
v -0.014244 -0.998795 0.046955
v -0.018777 0.998795 0.045333
v -0.037510 0.995185 0.090556
v -0.056151 0.989177 0.135561
v -0.074658 0.980785 0.180240
v -0.092984 0.970031 0.224484
v -0.111087 0.956940 0.268188
v -0.128922 0.941544 0.311246
v -0.146447 0.923880 0.353553
v -0.163618 0.903989 0.395010
v -0.180396 0.881921 0.435514
v -0.196739 0.857729 0.474969
v -0.212608 0.831470 0.513280
v -0.227964 0.803208 0.550354
v -0.242772 0.773010 0.586103
v -0.256994 0.740951 0.620439
v -0.270598 0.707107 0.653281
v -0.283550 0.671559 0.684549
v -0.295818 0.634393 0.714168
v -0.307374 0.595699 0.742067
v -0.318190 0.555570 0.768178
v -0.328238 0.514103 0.792438
v -0.337497 0.471397 0.814789
v -0.345942 0.427555 0.835177
v -0.353553 0.382683 0.853553
v -0.360313 0.336890 0.869873
v -0.366205 0.290285 0.884097
v -0.371215 0.242980 0.896191
v -0.375330 0.195090 0.906127
v -0.378541 0.146730 0.913879
v -0.380841 0.098017 0.919430
v -0.382222 0.049068 0.922766
v -0.382684 0.000000 0.923879
v -0.382222 -0.049068 0.922766
v -0.380841 -0.098017 0.919430
v -0.378541 -0.146730 0.913879
v -0.375330 -0.195090 0.906127
v -0.371215 -0.242980 0.896191
v -0.366205 -0.290285 0.884097
v -0.360313 -0.336890 0.869873
v -0.353553 -0.382683 0.853553
v -0.345942 -0.427555 0.835177
v -0.337497 -0.471397 0.814789
v -0.328238 -0.514103 0.792438
v -0.318190 -0.555570 0.768178
v -0.307374 -0.595699 0.742067
v -0.295818 -0.634393 0.714168
v -0.283550 -0.671559 0.684549
v -0.270598 -0.707107 0.653281
v -0.256994 -0.740951 0.620439
v -0.242772 -0.773010 0.586103
v -0.227964 -0.803208 0.550354
v -0.212608 -0.831470 0.513280
v -0.196739 -0.857729 0.474969
v -0.180396 -0.881921 0.435514
v -0.163618 -0.903989 0.395010
v -0.146447 -0.923880 0.353553
v -0.128922 -0.941544 0.311246
v -0.111087 -0.956940 0.268188
v -0.092984 -0.970031 0.224484
v -0.074658 -0.980785 0.180240
v -0.056151 -0.989177 0.135561
v -0.037510 -0.995185 0.090556
v -0.018777 -0.998795 0.045333
v -0.023130 0.998795 0.043274
v -0.046205 0.995185 0.086443
v -0.069168 0.989177 0.129405
v -0.091965 0.980785 0.172054
v -0.114540 0.970031 0.214289
v -0.136839 0.956940 0.256008
v -0.158809 0.941544 0.297110
v -0.180396 0.923880 0.337496
v -0.201548 0.903989 0.377070
v -0.222215 0.881921 0.415735
v -0.242346 0.857729 0.453398
v -0.261894 0.831470 0.489970
v -0.280811 0.803208 0.525360
v -0.299051 0.773010 0.559485
v -0.316571 0.740951 0.592262
v -0.333328 0.707107 0.623612
v -0.349282 0.671559 0.653460
v -0.364394 0.634393 0.681734
v -0.378629 0.595699 0.708365
v -0.391952 0.555570 0.733291
v -0.404330 0.514103 0.756449
v -0.415735 0.471397 0.777785
v -0.426138 0.427555 0.797247
v -0.435514 0.382683 0.814789
v -0.443841 0.336890 0.830368
v -0.451099 0.290285 0.843946
v -0.457269 0.242980 0.855491
v -0.462339 0.195090 0.864975
v -0.466294 0.146730 0.872375
v -0.469127 0.098017 0.877674
v -0.470829 0.049068 0.880859
v -0.471397 0.000000 0.881921
v -0.470829 -0.049068 0.880859
v -0.469127 -0.098017 0.877674
v -0.466294 -0.146730 0.872375
v -0.462339 -0.195090 0.864975
v -0.457269 -0.242980 0.855491
v -0.451099 -0.290285 0.843946
v -0.443841 -0.336890 0.830368
v -0.435514 -0.382683 0.814789
v -0.426138 -0.427555 0.797247
v -0.415735 -0.471397 0.777785
v -0.404330 -0.514103 0.756449
v -0.391952 -0.555570 0.733291
v -0.378629 -0.595699 0.708365
v -0.364394 -0.634393 0.681734
v -0.349282 -0.671559 0.653460
v -0.333328 -0.707107 0.623612
v -0.316571 -0.740951 0.592262
v -0.299051 -0.773010 0.559485
v -0.280811 -0.803208 0.525360
v -0.261894 -0.831470 0.489970
v -0.242346 -0.857729 0.453398
v -0.222215 -0.881921 0.415735
v -0.201548 -0.903989 0.377070
v -0.180396 -0.923880 0.337496
v -0.158809 -0.941544 0.297110
v -0.136839 -0.956940 0.256008
v -0.114540 -0.970031 0.214289
v -0.091965 -0.980785 0.172054
v -0.069168 -0.989177 0.129405
v -0.046205 -0.995185 0.086443
v -0.023130 -0.998795 0.043274
v -0.027261 0.998795 0.040798
v -0.054455 0.995185 0.081498
v -0.081519 0.989177 0.122002
v -0.108386 0.980785 0.162212
v -0.134993 0.970031 0.202031
v -0.161274 0.956940 0.241363
v -0.187166 0.941544 0.280114
v -0.212607 0.923880 0.318189
v -0.237537 0.903989 0.355499
v -0.261894 0.881921 0.391952
v -0.285620 0.857729 0.427460
v -0.308658 0.831470 0.461940
v -0.330953 0.803208 0.495306
v -0.352450 0.773010 0.527479
v -0.373098 0.740951 0.558381
v -0.392848 0.707107 0.587938
v -0.411650 0.671559 0.616078
v -0.429461 0.634393 0.642735
v -0.446238 0.595699 0.667842
v -0.461940 0.555570 0.691342
v -0.476528 0.514103 0.713175
v -0.489969 0.471397 0.733290
v -0.502230 0.427555 0.751640
v -0.513280 0.382683 0.768177
v -0.523094 0.336890 0.782865
v -0.531648 0.290285 0.795667
v -0.538920 0.242980 0.806551
v -0.544895 0.195090 0.815493
v -0.549557 0.146730 0.822469
v -0.552895 0.098017 0.827466
v -0.554901 0.049068 0.830468
v -0.555570 0.000000 0.831469
v -0.554901 -0.049068 0.830468
v -0.552895 -0.098017 0.827466
v -0.549557 -0.146730 0.822469
v -0.544895 -0.195090 0.815493
v -0.538920 -0.242980 0.806551
v -0.531648 -0.290285 0.795667
v -0.523094 -0.336890 0.782865
v -0.513280 -0.382683 0.768177
v -0.502230 -0.427555 0.751640
v -0.489969 -0.471397 0.733290
v -0.476528 -0.514103 0.713175
v -0.461940 -0.555570 0.691342
v -0.446238 -0.595699 0.667842
v -0.429461 -0.634393 0.642735
v -0.411650 -0.671559 0.616078
v -0.392848 -0.707107 0.587938
v -0.373098 -0.740951 0.558381
v -0.352450 -0.773010 0.527479
v -0.330953 -0.803208 0.495306
v -0.308658 -0.831470 0.461940
v -0.285620 -0.857729 0.427460
v -0.261894 -0.881921 0.391952
v -0.237537 -0.903989 0.355499
v -0.212607 -0.923880 0.318189
v -0.187166 -0.941544 0.280114
v -0.161274 -0.956940 0.241363
v -0.134993 -0.970031 0.202031
v -0.108386 -0.980785 0.162212
v -0.081519 -0.989177 0.122002
v -0.054455 -0.995185 0.081498
v -0.027261 -0.998795 0.040798
v -0.031128 0.998795 0.037930
v -0.062181 0.995185 0.075768
v -0.093085 0.989177 0.113424
v -0.123764 0.980785 0.150807
v -0.154145 0.970031 0.187826
v -0.184155 0.956940 0.224393
v -0.213721 0.941544 0.260419
v -0.242772 0.923880 0.295818
v -0.271238 0.903989 0.330505
v -0.299051 0.881921 0.364394
v -0.326143 0.857729 0.397406
v -0.352450 0.831470 0.429462
v -0.377908 0.803208 0.460482
v -0.402455 0.773010 0.490393
v -0.426032 0.740951 0.519122
v -0.448584 0.707107 0.546601
v -0.470054 0.671559 0.572763
v -0.490392 0.634393 0.597545
v -0.509549 0.595699 0.620888
v -0.527479 0.555570 0.642735
v -0.544137 0.514103 0.663033
v -0.559485 0.471397 0.681734
v -0.573485 0.427555 0.698793
v -0.586103 0.382683 0.714168
v -0.597309 0.336890 0.727823
v -0.607077 0.290285 0.739725
v -0.615381 0.242980 0.749844
v -0.622204 0.195090 0.758157
v -0.627526 0.146730 0.764643
v -0.631338 0.098017 0.769288
v -0.633629 0.049068 0.772079
v -0.634393 0.000000 0.773010
v -0.633629 -0.049068 0.772079
v -0.631338 -0.098017 0.769288
v -0.627526 -0.146730 0.764643
v -0.622204 -0.195090 0.758157
v -0.615381 -0.242980 0.749844
v -0.607077 -0.290285 0.739725
v -0.597309 -0.336890 0.727823
v -0.586103 -0.382683 0.714168
v -0.573485 -0.427555 0.698793
v -0.559485 -0.471397 0.681734
v -0.544137 -0.514103 0.663033
v -0.527479 -0.555570 0.642735
v -0.509549 -0.595699 0.620888
v -0.490392 -0.634393 0.597545
v -0.470054 -0.671559 0.572763
v -0.448584 -0.707107 0.546601
v -0.426032 -0.740951 0.519122
v -0.402455 -0.773010 0.490393
v -0.377908 -0.803208 0.460482
v -0.352450 -0.831470 0.429462
v -0.326143 -0.857729 0.397406
v -0.299051 -0.881921 0.364394
v -0.271238 -0.903989 0.330505
v -0.242772 -0.923880 0.295818
v -0.213721 -0.941544 0.260419
v -0.184155 -0.956940 0.224393
v -0.154145 -0.970031 0.187826
v -0.123764 -0.980785 0.150807
v -0.093085 -0.989177 0.113424
v -0.062181 -0.995185 0.075768
v -0.031128 -0.998795 0.037930
v -0.034696 0.998795 0.034696
v -0.069309 0.995185 0.069309
v -0.103754 0.989177 0.103754
v -0.137950 0.980785 0.137950
v -0.171813 0.970031 0.171813
v -0.205262 0.956940 0.205262
v -0.238217 0.941544 0.238217
v -0.270598 0.923880 0.270598
v -0.302327 0.903989 0.302327
v -0.333328 0.881921 0.333328
v -0.363525 0.857729 0.363525
v -0.392848 0.831470 0.392848
v -0.421223 0.803208 0.421223
v -0.448584 0.773010 0.448584
v -0.474864 0.740951 0.474864
v -0.500000 0.707107 0.500000
v -0.523931 0.671559 0.523931
v -0.546601 0.634393 0.546601
v -0.567953 0.595699 0.567953
v -0.587938 0.555570 0.587938
v -0.606506 0.514103 0.606506
v -0.623612 0.471397 0.623612
v -0.639217 0.427555 0.639217
v -0.653281 0.382683 0.653281
v -0.665772 0.336890 0.665772
v -0.676659 0.290285 0.676659
v -0.685915 0.242980 0.685915
v -0.693520 0.195090 0.693520
v -0.699453 0.146730 0.699453
v -0.703702 0.098017 0.703702
v -0.706255 0.049068 0.706255
v -0.707107 0.000000 0.707106
v -0.706255 -0.049068 0.706255
v -0.703702 -0.098017 0.703702
v -0.699453 -0.146730 0.699453
v -0.693520 -0.195090 0.693520
v -0.685915 -0.242980 0.685915
v -0.676659 -0.290285 0.676659
v -0.665772 -0.336890 0.665772
v -0.653281 -0.382683 0.653281
v -0.639217 -0.427555 0.639217
v -0.623612 -0.471397 0.623612
v -0.606506 -0.514103 0.606506
v -0.587938 -0.555570 0.587938
v -0.567953 -0.595699 0.567953
v -0.546601 -0.634393 0.546601
v -0.523931 -0.671559 0.523931
v -0.500000 -0.707107 0.500000
v -0.474864 -0.740951 0.474864
v -0.448584 -0.773010 0.448584
v -0.421223 -0.803208 0.421223
v -0.392848 -0.831470 0.392848
v -0.363525 -0.857729 0.363525
v -0.333328 -0.881921 0.333328
v -0.302327 -0.903989 0.302327
v -0.270598 -0.923880 0.270598
v -0.238217 -0.941544 0.238217
v -0.205262 -0.956940 0.205262
v -0.171813 -0.970031 0.171813
v -0.137950 -0.980785 0.137950
v -0.103754 -0.989177 0.103754
v -0.069309 -0.995185 0.069309
v -0.034696 -0.998795 0.034696
v -0.037930 0.998795 0.031128
v -0.075768 0.995185 0.062181
v -0.113424 0.989177 0.093085
v -0.150807 0.980785 0.123764
v -0.187826 0.970031 0.154145
v -0.224393 0.956940 0.184155
v -0.260419 0.941544 0.213721
v -0.295818 0.923880 0.242772
v -0.330505 0.903989 0.271238
v -0.364394 0.881921 0.299051
v -0.397407 0.857729 0.326143
v -0.429462 0.831470 0.352450
v -0.460482 0.803208 0.377907
v -0.490393 0.773010 0.402455
v -0.519122 0.740951 0.426032
v -0.546601 0.707107 0.448584
v -0.572763 0.671559 0.470054
v -0.597545 0.634393 0.490393
v -0.620888 0.595699 0.509549
v -0.642735 0.555570 0.527479
v -0.663033 0.514103 0.544137
v -0.681734 0.471397 0.559485
v -0.698793 0.427555 0.573485
v -0.714168 0.382683 0.586103
v -0.727823 0.336890 0.597309
v -0.739725 0.290285 0.607076
v -0.749844 0.242980 0.615381
v -0.758157 0.195090 0.622203
v -0.764643 0.146730 0.627526
v -0.769288 0.098017 0.631338
v -0.772079 0.049068 0.633629
v -0.773010 0.000000 0.634393
v -0.772079 -0.049068 0.633629
v -0.769288 -0.098017 0.631338
v -0.764643 -0.146730 0.627526
v -0.758157 -0.195090 0.622203
v -0.749844 -0.242980 0.615381
v -0.739725 -0.290285 0.607076
v -0.727823 -0.336890 0.597309
v -0.714168 -0.382683 0.586103
v -0.698793 -0.427555 0.573485
v -0.681734 -0.471397 0.559485
v -0.663033 -0.514103 0.544137
v -0.642735 -0.555570 0.527479
v -0.620888 -0.595699 0.509549
v -0.597545 -0.634393 0.490393
v -0.572763 -0.671559 0.470054
v -0.546601 -0.707107 0.448584
v -0.519122 -0.740951 0.426032
v -0.490393 -0.773010 0.402455
v -0.460482 -0.803208 0.377907
v -0.429462 -0.831470 0.352450
v -0.397407 -0.857729 0.326143
v -0.364394 -0.881921 0.299051
v -0.330505 -0.903989 0.271238
v -0.295818 -0.923880 0.242772
v -0.260419 -0.941544 0.213721
v -0.224393 -0.956940 0.184155
v -0.187826 -0.970031 0.154145
v -0.150807 -0.980785 0.123764
v -0.113424 -0.989177 0.093085
v -0.075768 -0.995185 0.062181
v -0.037930 -0.998795 0.031128
v -0.040798 0.998795 0.027261
v -0.081498 0.995185 0.054455
v -0.122002 0.989177 0.081519
v -0.162212 0.980785 0.108386
v -0.202031 0.970031 0.134992
v -0.241363 0.956940 0.161274
v -0.280114 0.941544 0.187166
v -0.318189 0.923880 0.212607
v -0.355499 0.903989 0.237537
v -0.391952 0.881921 0.261894
v -0.427460 0.857729 0.285620
v -0.461940 0.831470 0.308659
v -0.495306 0.803208 0.330953
v -0.527479 0.773010 0.352450
v -0.558381 0.740951 0.373098
v -0.587938 0.707107 0.392847
v -0.616078 0.671559 0.411650
v -0.642734 0.634393 0.429462
v -0.667842 0.595699 0.446238
v -0.691342 0.555570 0.461940
v -0.713175 0.514103 0.476528
v -0.733290 0.471397 0.489969
v -0.751640 0.427555 0.502230
v -0.768177 0.382683 0.513280
v -0.782865 0.336890 0.523094
v -0.795667 0.290285 0.531647
v -0.806551 0.242980 0.538920
v -0.815493 0.195090 0.544895
v -0.822470 0.146730 0.549556
v -0.827466 0.098017 0.552895
v -0.830468 0.049068 0.554901
v -0.831470 0.000000 0.555570
v -0.830468 -0.049068 0.554901
v -0.827466 -0.098017 0.552895
v -0.822470 -0.146730 0.549556
v -0.815493 -0.195090 0.544895
v -0.806551 -0.242980 0.538920
v -0.795667 -0.290285 0.531647
v -0.782865 -0.336890 0.523094
v -0.768177 -0.382683 0.513280
v -0.751640 -0.427555 0.502230
v -0.733290 -0.471397 0.489969
v -0.713175 -0.514103 0.476528
v -0.691342 -0.555570 0.461940
v -0.667842 -0.595699 0.446238
v -0.642734 -0.634393 0.429462
v -0.616078 -0.671559 0.411650
v -0.587938 -0.707107 0.392847
v -0.558381 -0.740951 0.373098
v -0.527479 -0.773010 0.352450
v -0.495306 -0.803208 0.330953
v -0.461940 -0.831470 0.308659
v -0.427460 -0.857729 0.285620
v -0.391952 -0.881921 0.261894
v -0.355499 -0.903989 0.237537
v -0.318189 -0.923880 0.212607
v -0.280114 -0.941544 0.187166
v -0.241363 -0.956940 0.161274
v -0.202031 -0.970031 0.134992
v -0.162212 -0.980785 0.108386
v -0.122002 -0.989177 0.081519
v -0.081498 -0.995185 0.054455
v -0.040798 -0.998795 0.027261
v -0.043274 0.998795 0.023130
v -0.086443 0.995185 0.046205
v -0.129405 0.989177 0.069168
v -0.172054 0.980785 0.091965
v -0.214289 0.970031 0.114540
v -0.256008 0.956940 0.136839
v -0.297110 0.941544 0.158809
v -0.337496 0.923880 0.180396
v -0.377070 0.903989 0.201548
v -0.415735 0.881921 0.222215
v -0.453398 0.857729 0.242346
v -0.489969 0.831470 0.261894
v -0.525360 0.803208 0.280810
v -0.559485 0.773010 0.299051
v -0.592262 0.740951 0.316571
v -0.623612 0.707107 0.333328
v -0.653460 0.671559 0.349282
v -0.681734 0.634393 0.364395
v -0.708365 0.595699 0.378629
v -0.733291 0.555570 0.391952
v -0.756449 0.514103 0.404330
v -0.777785 0.471397 0.415735
v -0.797247 0.427555 0.426138
v -0.814789 0.382683 0.435513
v -0.830367 0.336890 0.443841
v -0.843946 0.290285 0.451098
v -0.855491 0.242980 0.457269
v -0.864975 0.195090 0.462339
v -0.872375 0.146730 0.466294
v -0.877674 0.098017 0.469127
v -0.880859 0.049068 0.470829
v -0.881921 0.000000 0.471396
v -0.880859 -0.049068 0.470829
v -0.877674 -0.098017 0.469127
v -0.872375 -0.146730 0.466294
v -0.864975 -0.195090 0.462339
v -0.855491 -0.242980 0.457269
v -0.843946 -0.290285 0.451098
v -0.830367 -0.336890 0.443841
v -0.814789 -0.382683 0.435513
v -0.797247 -0.427555 0.426138
v -0.777785 -0.471397 0.415735
v -0.756449 -0.514103 0.404330
v -0.733291 -0.555570 0.391952
v -0.708365 -0.595699 0.378629
v -0.681734 -0.634393 0.364395
v -0.653460 -0.671559 0.349282
v -0.623612 -0.707107 0.333328
v -0.592262 -0.740951 0.316571
v -0.559485 -0.773010 0.299051
v -0.525360 -0.803208 0.280810
v -0.489969 -0.831470 0.261894
v -0.453398 -0.857729 0.242346
v -0.415735 -0.881921 0.222215
v -0.377070 -0.903989 0.201548
v -0.337496 -0.923880 0.180396
v -0.297110 -0.941544 0.158809
v -0.256008 -0.956940 0.136839
v -0.214289 -0.970031 0.114540
v -0.172054 -0.980785 0.091965
v -0.129405 -0.989177 0.069168
v -0.086443 -0.995185 0.046205
v -0.043274 -0.998795 0.023130
v -0.045333 0.998795 0.018777
v -0.090556 0.995185 0.037509
v -0.135561 0.989177 0.056151
v -0.180240 0.980785 0.074658
v -0.224484 0.970031 0.092984
v -0.268188 0.956940 0.111087
v -0.311246 0.941544 0.128922
v -0.353553 0.923880 0.146446
v -0.395010 0.903989 0.163618
v -0.435514 0.881921 0.180396
v -0.474969 0.857729 0.196738
v -0.513280 0.831470 0.212608
v -0.550354 0.803208 0.227964
v -0.586103 0.773010 0.242772
v -0.620439 0.740951 0.256994
v -0.653281 0.707107 0.270598
v -0.684549 0.671559 0.283550
v -0.714168 0.634393 0.295818
v -0.742067 0.595699 0.307374
v -0.768178 0.555570 0.318190
v -0.792438 0.514103 0.328238
v -0.814789 0.471397 0.337496
v -0.835177 0.427555 0.345942
v -0.853553 0.382683 0.353553
v -0.869873 0.336890 0.360313
v -0.884098 0.290285 0.366205
v -0.896191 0.242980 0.371214
v -0.906127 0.195090 0.375330
v -0.913879 0.146730 0.378541
v -0.919431 0.098017 0.380840
v -0.922766 0.049068 0.382222
v -0.923879 0.000000 0.382683
v -0.922766 -0.049068 0.382222
v -0.919431 -0.098017 0.380840
v -0.913879 -0.146730 0.378541
v -0.906127 -0.195090 0.375330
v -0.896191 -0.242980 0.371214
v -0.884098 -0.290285 0.366205
v -0.869873 -0.336890 0.360313
v -0.853553 -0.382683 0.353553
v -0.835177 -0.427555 0.345942
v -0.814789 -0.471397 0.337496
v -0.792438 -0.514103 0.328238
v -0.768178 -0.555570 0.318190
v -0.742067 -0.595699 0.307374
v -0.714168 -0.634393 0.295818
v -0.684549 -0.671559 0.283550
v -0.653281 -0.707107 0.270598
v -0.620439 -0.740951 0.256994
v -0.586103 -0.773010 0.242772
v -0.550354 -0.803208 0.227964
v -0.513280 -0.831470 0.212608
v -0.474969 -0.857729 0.196738
v -0.435514 -0.881921 0.180396
v -0.395010 -0.903989 0.163618
v -0.353553 -0.923880 0.146446
v -0.311246 -0.941544 0.128922
v -0.268188 -0.956940 0.111087
v -0.224484 -0.970031 0.092984
v -0.180240 -0.980785 0.074658
v -0.135561 -0.989177 0.056151
v -0.090556 -0.995185 0.037509
v -0.045333 -0.998795 0.018777
v -0.046955 0.998795 0.014244
v -0.093796 0.995185 0.028453
v -0.140412 0.989177 0.042594
v -0.186690 0.980785 0.056632
v -0.232517 0.970031 0.070533
v -0.277785 0.956940 0.084265
v -0.322383 0.941544 0.097794
v -0.366205 0.923880 0.111087
v -0.409145 0.903989 0.124113
v -0.451098 0.881921 0.136839
v -0.491965 0.857729 0.149236
v -0.531648 0.831470 0.161274
v -0.570048 0.803208 0.172922
v -0.607076 0.773010 0.184155
v -0.642642 0.740951 0.194943
v -0.676659 0.707107 0.205262
v -0.709046 0.671559 0.215087
v -0.739725 0.634393 0.224393
v -0.768621 0.595699 0.233159
v -0.795667 0.555570 0.241363
v -0.820795 0.514103 0.248985
v -0.843946 0.471397 0.256008
v -0.865064 0.427555 0.262414
v -0.884097 0.382683 0.268188
v -0.901001 0.336890 0.273316
v -0.915735 0.290285 0.277785
v -0.928261 0.242980 0.281585
v -0.938553 0.195090 0.284707
v -0.946582 0.146730 0.287142
v -0.952332 0.098017 0.288887
v -0.955787 0.049068 0.289935
v -0.956940 0.000000 0.290284
v -0.955787 -0.049068 0.289935
v -0.952332 -0.098017 0.288887
v -0.946582 -0.146730 0.287142
v -0.938553 -0.195090 0.284707
v -0.928261 -0.242980 0.281585
v -0.915735 -0.290285 0.277785
v -0.901001 -0.336890 0.273316
v -0.884097 -0.382683 0.268188
v -0.865064 -0.427555 0.262414
v -0.843946 -0.471397 0.256008
v -0.820795 -0.514103 0.248985
v -0.795667 -0.555570 0.241363
v -0.768621 -0.595699 0.233159
v -0.739725 -0.634393 0.224393
v -0.709046 -0.671559 0.215087
v -0.676659 -0.707107 0.205262
v -0.642642 -0.740951 0.194943
v -0.607076 -0.773010 0.184155
v -0.570048 -0.803208 0.172922
v -0.531648 -0.831470 0.161274
v -0.491965 -0.857729 0.149236
v -0.451098 -0.881921 0.136839
v -0.409145 -0.903989 0.124113
v -0.366205 -0.923880 0.111087
v -0.322383 -0.941544 0.097794
v -0.277785 -0.956940 0.084265
v -0.232517 -0.970031 0.070533
v -0.186690 -0.980785 0.056632
v -0.140412 -0.989177 0.042594
v -0.093796 -0.995185 0.028453
v -0.046955 -0.998795 0.014244
v -0.048125 0.998795 0.009573
v -0.096134 0.995185 0.019122
v -0.143911 0.989177 0.028626
v -0.191342 0.980785 0.038060
v -0.238311 0.970031 0.047403
v -0.284707 0.956940 0.056632
v -0.330417 0.941544 0.065724
v -0.375330 0.923880 0.074658
v -0.419340 0.903989 0.083412
v -0.462339 0.881921 0.091965
v -0.504224 0.857729 0.100296
v -0.544895 0.831470 0.108386
v -0.584253 0.803208 0.116215
v -0.622204 0.773010 0.123764
v -0.658655 0.740951 0.131015
v -0.693520 0.707107 0.137949
v -0.726714 0.671559 0.144552
v -0.758157 0.634393 0.150807
v -0.787774 0.595699 0.156698
v -0.815493 0.555570 0.162212
v -0.841247 0.514103 0.167334
v -0.864975 0.471397 0.172054
v -0.886619 0.427555 0.176360
v -0.906127 0.382683 0.180240
v -0.923452 0.336890 0.183686
v -0.938553 0.290285 0.186690
v -0.951392 0.242980 0.189243
v -0.961940 0.195090 0.191342
v -0.970169 0.146730 0.192978
v -0.976062 0.098017 0.194151
v -0.979603 0.049068 0.194855
v -0.980785 0.000000 0.195090
v -0.979603 -0.049068 0.194855
v -0.976062 -0.098017 0.194151
v -0.970169 -0.146730 0.192978
v -0.961940 -0.195090 0.191342
v -0.951392 -0.242980 0.189243
v -0.938553 -0.290285 0.186690
v -0.923452 -0.336890 0.183686
v -0.906127 -0.382683 0.180240
v -0.886619 -0.427555 0.176360
v -0.864975 -0.471397 0.172054
v -0.841247 -0.514103 0.167334
v -0.815493 -0.555570 0.162212
v -0.787774 -0.595699 0.156698
v -0.758157 -0.634393 0.150807
v -0.726714 -0.671559 0.144552
v -0.693520 -0.707107 0.137949
v -0.658655 -0.740951 0.131015
v -0.622204 -0.773010 0.123764
v -0.584253 -0.803208 0.116215
v -0.544895 -0.831470 0.108386
v -0.504224 -0.857729 0.100296
v -0.462339 -0.881921 0.091965
v -0.419340 -0.903989 0.083412
v -0.375330 -0.923880 0.074658
v -0.330417 -0.941544 0.065724
v -0.284707 -0.956940 0.056632
v -0.238311 -0.970031 0.047403
v -0.191342 -0.980785 0.038060
v -0.143911 -0.989177 0.028626
v -0.096134 -0.995185 0.019122
v -0.048125 -0.998795 0.009573
v -0.048831 0.998795 0.004809
v -0.097545 0.995185 0.009607
v -0.146024 0.989177 0.014382
v -0.194151 0.980785 0.019122
v -0.241810 0.970031 0.023816
v -0.288887 0.956940 0.028453
v -0.335268 0.941544 0.033021
v -0.380840 0.923880 0.037509
v -0.425496 0.903989 0.041908
v -0.469127 0.881921 0.046205
v -0.511627 0.857729 0.050391
v -0.552895 0.831470 0.054455
v -0.592831 0.803208 0.058389
v -0.631338 0.773010 0.062181
v -0.668325 0.740951 0.065824
v -0.703702 0.707107 0.069308
v -0.737383 0.671559 0.072626
v -0.769288 0.634393 0.075768
v -0.799339 0.595699 0.078728
v -0.827466 0.555570 0.081498
v -0.853598 0.514103 0.084072
v -0.877674 0.471397 0.086443
v -0.899636 0.427555 0.088606
v -0.919430 0.382683 0.090556
v -0.937010 0.336890 0.092288
v -0.952332 0.290285 0.093796
v -0.965359 0.242980 0.095079
v -0.976062 0.195090 0.096134
v -0.984412 0.146730 0.096956
v -0.990392 0.098017 0.097545
v -0.993986 0.049068 0.097899
v -0.995184 0.000000 0.098017
v -0.993986 -0.049068 0.097899
v -0.990392 -0.098017 0.097545
v -0.984412 -0.146730 0.096956
v -0.976062 -0.195090 0.096134
v -0.965359 -0.242980 0.095079
v -0.952332 -0.290285 0.093796
v -0.937010 -0.336890 0.092288
v -0.919430 -0.382683 0.090556
v -0.899636 -0.427555 0.088606
v -0.877674 -0.471397 0.086443
v -0.853598 -0.514103 0.084072
v -0.827466 -0.555570 0.081498
v -0.799339 -0.595699 0.078728
v -0.769288 -0.634393 0.075768
v -0.737383 -0.671559 0.072626
v -0.703702 -0.707107 0.069308
v -0.668325 -0.740951 0.065824
v -0.631338 -0.773010 0.062181
v -0.592831 -0.803208 0.058389
v -0.552895 -0.831470 0.054455
v -0.511627 -0.857729 0.050391
v -0.469127 -0.881921 0.046205
v -0.425496 -0.903989 0.041908
v -0.380840 -0.923880 0.037509
v -0.335268 -0.941544 0.033021
v -0.288887 -0.956940 0.028453
v -0.241810 -0.970031 0.023816
v -0.194151 -0.980785 0.019122
v -0.146024 -0.989177 0.014382
v -0.097545 -0.995185 0.009607
v -0.048831 -0.998795 0.004809
v -0.049068 0.998795 -0.000000
v -0.098017 0.995185 -0.000000
v -0.146730 0.989177 0.000000
v -0.195090 0.980785 0.000000
v -0.242980 0.970031 -0.000000
v -0.290285 0.956940 -0.000000
v -0.336890 0.941544 -0.000000
v -0.382683 0.923880 -0.000000
v -0.427555 0.903989 -0.000000
v -0.471396 0.881921 -0.000000
v -0.514102 0.857729 -0.000000
v -0.555571 0.831470 0.000000
v -0.595699 0.803208 -0.000000
v -0.634393 0.773010 0.000000
v -0.671559 0.740951 -0.000000
v -0.707107 0.707107 -0.000000
v -0.740951 0.671559 -0.000000
v -0.773010 0.634393 0.000000
v -0.803207 0.595699 -0.000000
v -0.831470 0.555570 0.000000
v -0.857728 0.514103 -0.000000
v -0.881921 0.471397 -0.000000
v -0.903989 0.427555 -0.000000
v -0.923879 0.382683 -0.000000
v -0.941544 0.336890 0.000000
v -0.956940 0.290285 -0.000000
v -0.970030 0.242980 -0.000000
v -0.980785 0.195090 -0.000000
v -0.989175 0.146730 -0.000000
v -0.995184 0.098017 -0.000000
v -0.998795 0.049068 -0.000000
v -1.000000 0.000000 -0.000000
v -0.998795 -0.049068 -0.000000
v -0.995184 -0.098017 -0.000000
v -0.989175 -0.146730 -0.000000
v -0.980785 -0.195090 -0.000000
v -0.970030 -0.242980 -0.000000
v -0.956940 -0.290285 -0.000000
v -0.941544 -0.336890 0.000000
v -0.923879 -0.382683 -0.000000
v -0.903989 -0.427555 -0.000000
v -0.881921 -0.471397 -0.000000
v -0.857728 -0.514103 -0.000000
v -0.831470 -0.555570 0.000000
v -0.803207 -0.595699 -0.000000
v -0.773010 -0.634393 0.000000
v -0.740951 -0.671559 -0.000000
v -0.707107 -0.707107 -0.000000
v -0.671559 -0.740951 -0.000000
v -0.634393 -0.773010 0.000000
v -0.595699 -0.803208 -0.000000
v -0.555571 -0.831470 0.000000
v -0.514102 -0.857729 -0.000000
v -0.471396 -0.881921 -0.000000
v -0.427555 -0.903989 -0.000000
v -0.382683 -0.923880 -0.000000
v -0.336890 -0.941544 -0.000000
v -0.290285 -0.956940 -0.000000
v -0.242980 -0.970031 -0.000000
v -0.195090 -0.980785 0.000000
v -0.146730 -0.989177 0.000000
v -0.098017 -0.995185 -0.000000
v -0.049068 -0.998795 -0.000000
v -0.048831 0.998795 -0.004809
v -0.097545 0.995185 -0.009607
v -0.146024 0.989177 -0.014382
v -0.194151 0.980785 -0.019122
v -0.241810 0.970031 -0.023816
v -0.288887 0.956940 -0.028453
v -0.335268 0.941544 -0.033021
v -0.380840 0.923880 -0.037510
v -0.425496 0.903989 -0.041908
v -0.469127 0.881921 -0.046205
v -0.511627 0.857729 -0.050391
v -0.552895 0.831470 -0.054455
v -0.592830 0.803208 -0.058389
v -0.631338 0.773010 -0.062181
v -0.668325 0.740951 -0.065824
v -0.703702 0.707107 -0.069309
v -0.737383 0.671559 -0.072626
v -0.769288 0.634393 -0.075768
v -0.799339 0.595699 -0.078728
v -0.827466 0.555570 -0.081498
v -0.853598 0.514103 -0.084072
v -0.877674 0.471397 -0.086443
v -0.899636 0.427555 -0.088606
v -0.919430 0.382683 -0.090556
v -0.937010 0.336890 -0.092287
v -0.952332 0.290285 -0.093797
v -0.965359 0.242980 -0.095080
v -0.976062 0.195090 -0.096134
v -0.984412 0.146730 -0.096956
v -0.990392 0.098017 -0.097545
v -0.993986 0.049068 -0.097899
v -0.995184 0.000000 -0.098017
v -0.993986 -0.049068 -0.097899
v -0.990392 -0.098017 -0.097545
v -0.984412 -0.146730 -0.096956
v -0.976062 -0.195090 -0.096134
v -0.965359 -0.242980 -0.095080
v -0.952332 -0.290285 -0.093797
v -0.937010 -0.336890 -0.092287
v -0.919430 -0.382683 -0.090556
v -0.899636 -0.427555 -0.088606
v -0.877674 -0.471397 -0.086443
v -0.853598 -0.514103 -0.084072
v -0.827466 -0.555570 -0.081498
v -0.799339 -0.595699 -0.078728
v -0.769288 -0.634393 -0.075768
v -0.737383 -0.671559 -0.072626
v -0.703702 -0.707107 -0.069309
v -0.668325 -0.740951 -0.065824
v -0.631338 -0.773010 -0.062181
v -0.592830 -0.803208 -0.058389
v -0.552895 -0.831470 -0.054455
v -0.511627 -0.857729 -0.050391
v -0.469127 -0.881921 -0.046205
v -0.425496 -0.903989 -0.041908
v -0.380840 -0.923880 -0.037510
v -0.335268 -0.941544 -0.033021
v -0.288887 -0.956940 -0.028453
v -0.241810 -0.970031 -0.023816
v -0.194151 -0.980785 -0.019122
v -0.146024 -0.989177 -0.014382
v -0.097545 -0.995185 -0.009607
v -0.048831 -0.998795 -0.004809
v -0.048125 0.998795 -0.009573
v -0.096134 0.995185 -0.019122
v -0.143911 0.989177 -0.028626
v -0.191342 0.980785 -0.038060
v -0.238311 0.970031 -0.047403
v -0.284707 0.956940 -0.056632
v -0.330416 0.941544 -0.065724
v -0.375330 0.923880 -0.074658
v -0.419340 0.903989 -0.083412
v -0.462339 0.881921 -0.091965
v -0.504224 0.857729 -0.100296
v -0.544896 0.831470 -0.108386
v -0.584253 0.803208 -0.116215
v -0.622204 0.773010 -0.123764
v -0.658655 0.740951 -0.131015
v -0.693520 0.707107 -0.137950
v -0.726714 0.671559 -0.144552
v -0.758157 0.634393 -0.150807
v -0.787774 0.595699 -0.156698
v -0.815493 0.555570 -0.162212
v -0.841247 0.514103 -0.167335
v -0.864975 0.471397 -0.172054
v -0.886619 0.427555 -0.176360
v -0.906127 0.382683 -0.180240
v -0.923452 0.336890 -0.183686
v -0.938553 0.290285 -0.186690
v -0.951392 0.242980 -0.189244
v -0.961940 0.195090 -0.191342
v -0.970169 0.146730 -0.192979
v -0.976062 0.098017 -0.194151
v -0.979603 0.049068 -0.194855
v -0.980785 0.000000 -0.195091
v -0.979603 -0.049068 -0.194855
v -0.976062 -0.098017 -0.194151
v -0.970169 -0.146730 -0.192979
v -0.961940 -0.195090 -0.191342
v -0.951392 -0.242980 -0.189244
v -0.938553 -0.290285 -0.186690
v -0.923452 -0.336890 -0.183686
v -0.906127 -0.382683 -0.180240
v -0.886619 -0.427555 -0.176360
v -0.864975 -0.471397 -0.172054
v -0.841247 -0.514103 -0.167335
v -0.815493 -0.555570 -0.162212
v -0.787774 -0.595699 -0.156698
v -0.758157 -0.634393 -0.150807
v -0.726714 -0.671559 -0.144552
v -0.693520 -0.707107 -0.137950
v -0.658655 -0.740951 -0.131015
v -0.622204 -0.773010 -0.123764
v -0.584253 -0.803208 -0.116215
v -0.544896 -0.831470 -0.108386
v -0.504224 -0.857729 -0.100296
v -0.462339 -0.881921 -0.091965
v -0.419340 -0.903989 -0.083412
v -0.375330 -0.923880 -0.074658
v -0.330416 -0.941544 -0.065724
v -0.284707 -0.956940 -0.056632
v -0.238311 -0.970031 -0.047403
v -0.191342 -0.980785 -0.038060
v -0.143911 -0.989177 -0.028626
v -0.096134 -0.995185 -0.019122
v -0.048125 -0.998795 -0.009573
v -0.046955 0.998795 -0.014244
v -0.093796 0.995185 -0.028453
v -0.140412 0.989177 -0.042594
v -0.186690 0.980785 -0.056632
v -0.232517 0.970031 -0.070533
v -0.277785 0.956940 -0.084265
v -0.322383 0.941544 -0.097794
v -0.366205 0.923880 -0.111087
v -0.409145 0.903989 -0.124113
v -0.451098 0.881921 -0.136839
v -0.491965 0.857729 -0.149236
v -0.531648 0.831470 -0.161274
v -0.570048 0.803208 -0.172922
v -0.607076 0.773010 -0.184155
v -0.642642 0.740951 -0.194943
v -0.676659 0.707107 -0.205262
v -0.709046 0.671559 -0.215087
v -0.739725 0.634393 -0.224393
v -0.768621 0.595699 -0.233159
v -0.795667 0.555570 -0.241363
v -0.820795 0.514103 -0.248985
v -0.843946 0.471397 -0.256008
v -0.865064 0.427555 -0.262414
v -0.884097 0.382683 -0.268188
v -0.901001 0.336890 -0.273316
v -0.915735 0.290285 -0.277785
v -0.928261 0.242980 -0.281585
v -0.938553 0.195090 -0.284707
v -0.946582 0.146730 -0.287143
v -0.952332 0.098017 -0.288887
v -0.955787 0.049068 -0.289935
v -0.956940 0.000000 -0.290285
v -0.955787 -0.049068 -0.289935
v -0.952332 -0.098017 -0.288887
v -0.946582 -0.146730 -0.287143
v -0.938553 -0.195090 -0.284707
v -0.928261 -0.242980 -0.281585
v -0.915735 -0.290285 -0.277785
v -0.901001 -0.336890 -0.273316
v -0.884097 -0.382683 -0.268188
v -0.865064 -0.427555 -0.262414
v -0.843946 -0.471397 -0.256008
v -0.820795 -0.514103 -0.248985
v -0.795667 -0.555570 -0.241363
v -0.768621 -0.595699 -0.233159
v -0.739725 -0.634393 -0.224393
v -0.709046 -0.671559 -0.215087
v -0.676659 -0.707107 -0.205262
v -0.642642 -0.740951 -0.194943
v -0.607076 -0.773010 -0.184155
v -0.570048 -0.803208 -0.172922
v -0.531648 -0.831470 -0.161274
v -0.491965 -0.857729 -0.149236
v -0.451098 -0.881921 -0.136839
v -0.409145 -0.903989 -0.124113
v -0.366205 -0.923880 -0.111087
v -0.322383 -0.941544 -0.097794
v -0.277785 -0.956940 -0.084265
v -0.232517 -0.970031 -0.070533
v -0.186690 -0.980785 -0.056632
v -0.140412 -0.989177 -0.042594
v -0.093796 -0.995185 -0.028453
v -0.046955 -0.998795 -0.014244
v -0.045333 0.998795 -0.018777
v -0.090556 0.995185 -0.037510
v -0.135561 0.989177 -0.056151
v -0.180240 0.980785 -0.074658
v -0.224484 0.970031 -0.092984
v -0.268188 0.956940 -0.111087
v -0.311245 0.941544 -0.128922
v -0.353553 0.923880 -0.146446
v -0.395010 0.903989 -0.163618
v -0.435514 0.881921 -0.180396
v -0.474968 0.857729 -0.196738
v -0.513280 0.831470 -0.212608
v -0.550354 0.803208 -0.227964
v -0.586103 0.773010 -0.242772
v -0.620439 0.740951 -0.256994
v -0.653281 0.707107 -0.270598
v -0.684549 0.671559 -0.283550
v -0.714168 0.634393 -0.295818
v -0.742067 0.595699 -0.307374
v -0.768178 0.555570 -0.318190
v -0.792437 0.514103 -0.328238
v -0.814789 0.471397 -0.337497
v -0.835177 0.427555 -0.345942
v -0.853553 0.382683 -0.353553
v -0.869873 0.336890 -0.360313
v -0.884098 0.290285 -0.366205
v -0.896191 0.242980 -0.371215
v -0.906127 0.195090 -0.375330
v -0.913879 0.146730 -0.378541
v -0.919430 0.098017 -0.380841
v -0.922766 0.049068 -0.382222
v -0.923879 0.000000 -0.382684
v -0.922766 -0.049068 -0.382222
v -0.919430 -0.098017 -0.380841
v -0.913879 -0.146730 -0.378541
v -0.906127 -0.195090 -0.375330
v -0.896191 -0.242980 -0.371215
v -0.884098 -0.290285 -0.366205
v -0.869873 -0.336890 -0.360313
v -0.853553 -0.382683 -0.353553
v -0.835177 -0.427555 -0.345942
v -0.814789 -0.471397 -0.337497
v -0.792437 -0.514103 -0.328238
v -0.768178 -0.555570 -0.318190
v -0.742067 -0.595699 -0.307374
v -0.714168 -0.634393 -0.295818
v -0.684549 -0.671559 -0.283550
v -0.653281 -0.707107 -0.270598
v -0.620439 -0.740951 -0.256994
v -0.586103 -0.773010 -0.242772
v -0.550354 -0.803208 -0.227964
v -0.513280 -0.831470 -0.212608
v -0.474968 -0.857729 -0.196738
v -0.435514 -0.881921 -0.180396
v -0.395010 -0.903989 -0.163618
v -0.353553 -0.923880 -0.146446
v -0.311245 -0.941544 -0.128922
v -0.268188 -0.956940 -0.111087
v -0.224484 -0.970031 -0.092984
v -0.180240 -0.980785 -0.074658
v -0.135561 -0.989177 -0.056151
v -0.090556 -0.995185 -0.037510
v -0.045333 -0.998795 -0.018777
v -0.043274 0.998795 -0.023130
v -0.086443 0.995185 -0.046205
v -0.129405 0.989177 -0.069168
v -0.172054 0.980785 -0.091965
v -0.214289 0.970031 -0.114540
v -0.256008 0.956940 -0.136839
v -0.297110 0.941544 -0.158809
v -0.337496 0.923880 -0.180396
v -0.377070 0.903989 -0.201548
v -0.415735 0.881921 -0.222215
v -0.453398 0.857729 -0.242346
v -0.489970 0.831470 -0.261894
v -0.525360 0.803208 -0.280811
v -0.559485 0.773010 -0.299051
v -0.592262 0.740951 -0.316571
v -0.623612 0.707107 -0.333328
v -0.653460 0.671559 -0.349282
v -0.681734 0.634393 -0.364394
v -0.708365 0.595699 -0.378629
v -0.733291 0.555570 -0.391952
v -0.756449 0.514103 -0.404330
v -0.777785 0.471397 -0.415735
v -0.797247 0.427555 -0.426138
v -0.814788 0.382683 -0.435514
v -0.830368 0.336890 -0.443841
v -0.843946 0.290285 -0.451099
v -0.855490 0.242980 -0.457269
v -0.864975 0.195090 -0.462339
v -0.872375 0.146730 -0.466294
v -0.877674 0.098017 -0.469127
v -0.880858 0.049068 -0.470829
v -0.881921 0.000000 -0.471397
v -0.880858 -0.049068 -0.470829
v -0.877674 -0.098017 -0.469127
v -0.872375 -0.146730 -0.466294
v -0.864975 -0.195090 -0.462339
v -0.855490 -0.242980 -0.457269
v -0.843946 -0.290285 -0.451099
v -0.830368 -0.336890 -0.443841
v -0.814788 -0.382683 -0.435514
v -0.797247 -0.427555 -0.426138
v -0.777785 -0.471397 -0.415735
v -0.756449 -0.514103 -0.404330
v -0.733291 -0.555570 -0.391952
v -0.708365 -0.595699 -0.378629
v -0.681734 -0.634393 -0.364394
v -0.653460 -0.671559 -0.349282
v -0.623612 -0.707107 -0.333328
v -0.592262 -0.740951 -0.316571
v -0.559485 -0.773010 -0.299051
v -0.525360 -0.803208 -0.280811
v -0.489970 -0.831470 -0.261894
v -0.453398 -0.857729 -0.242346
v -0.415735 -0.881921 -0.222215
v -0.377070 -0.903989 -0.201548
v -0.337496 -0.923880 -0.180396
v -0.297110 -0.941544 -0.158809
v -0.256008 -0.956940 -0.136839
v -0.214289 -0.970031 -0.114540
v -0.172054 -0.980785 -0.091965
v -0.129405 -0.989177 -0.069168
v -0.086443 -0.995185 -0.046205
v -0.043274 -0.998795 -0.023130
v -0.040798 0.998795 -0.027261
v -0.081498 0.995185 -0.054455
v -0.122002 0.989177 -0.081519
v -0.162212 0.980785 -0.108386
v -0.202030 0.970031 -0.134992
v -0.241363 0.956940 -0.161274
v -0.280114 0.941544 -0.187166
v -0.318189 0.923880 -0.212607
v -0.355499 0.903989 -0.237537
v -0.391952 0.881921 -0.261894
v -0.427460 0.857729 -0.285620
v -0.461940 0.831470 -0.308659
v -0.495306 0.803208 -0.330953
v -0.527479 0.773010 -0.352450
v -0.558381 0.740951 -0.373098
v -0.587938 0.707107 -0.392847
v -0.616078 0.671559 -0.411650
v -0.642735 0.634393 -0.429461
v -0.667842 0.595699 -0.446238
v -0.691342 0.555570 -0.461940
v -0.713175 0.514103 -0.476528
v -0.733290 0.471397 -0.489969
v -0.751640 0.427555 -0.502230
v -0.768177 0.382683 -0.513280
v -0.782865 0.336890 -0.523094
v -0.795667 0.290285 -0.531648
v -0.806551 0.242980 -0.538920
v -0.815493 0.195090 -0.544895
v -0.822469 0.146730 -0.549557
v -0.827465 0.098017 -0.552895
v -0.830468 0.049068 -0.554901
v -0.831469 0.000000 -0.555570
v -0.830468 -0.049068 -0.554901
v -0.827465 -0.098017 -0.552895
v -0.822469 -0.146730 -0.549557
v -0.815493 -0.195090 -0.544895
v -0.806551 -0.242980 -0.538920
v -0.795667 -0.290285 -0.531648
v -0.782865 -0.336890 -0.523094
v -0.768177 -0.382683 -0.513280
v -0.751640 -0.427555 -0.502230
v -0.733290 -0.471397 -0.489969
v -0.713175 -0.514103 -0.476528
v -0.691342 -0.555570 -0.461940
v -0.667842 -0.595699 -0.446238
v -0.642735 -0.634393 -0.429461
v -0.616078 -0.671559 -0.411650
v -0.587938 -0.707107 -0.392847
v -0.558381 -0.740951 -0.373098
v -0.527479 -0.773010 -0.352450
v -0.495306 -0.803208 -0.330953
v -0.461940 -0.831470 -0.308659
v -0.427460 -0.857729 -0.285620
v -0.391952 -0.881921 -0.261894
v -0.355499 -0.903989 -0.237537
v -0.318189 -0.923880 -0.212607
v -0.280114 -0.941544 -0.187166
v -0.241363 -0.956940 -0.161274
v -0.202030 -0.970031 -0.134992
v -0.162212 -0.980785 -0.108386
v -0.122002 -0.989177 -0.081519
v -0.081498 -0.995185 -0.054455
v -0.040798 -0.998795 -0.027261
v -0.037930 0.998795 -0.031128
v -0.075768 0.995185 -0.062181
v -0.113424 0.989177 -0.093085
v -0.150807 0.980785 -0.123764
v -0.187826 0.970031 -0.154145
v -0.224393 0.956940 -0.184155
v -0.260419 0.941544 -0.213721
v -0.295818 0.923880 -0.242772
v -0.330505 0.903989 -0.271238
v -0.364394 0.881921 -0.299051
v -0.397406 0.857729 -0.326143
v -0.429462 0.831470 -0.352450
v -0.460481 0.803208 -0.377908
v -0.490393 0.773010 -0.402455
v -0.519122 0.740951 -0.426032
v -0.546601 0.707107 -0.448584
v -0.572763 0.671559 -0.470054
v -0.597545 0.634393 -0.490392
v -0.620887 0.595699 -0.509549
v -0.642735 0.555570 -0.527479
v -0.663033 0.514103 -0.544137
v -0.681734 0.471397 -0.559485
v -0.698793 0.427555 -0.573485
v -0.714168 0.382683 -0.586103
v -0.727823 0.336890 -0.597309
v -0.739725 0.290285 -0.607077
v -0.749843 0.242980 -0.615381
v -0.758157 0.195090 -0.622204
v -0.764643 0.146730 -0.627526
v -0.769288 0.098017 -0.631338
v -0.772079 0.049068 -0.633629
v -0.773010 0.000000 -0.634393
v -0.772079 -0.049068 -0.633629
v -0.769288 -0.098017 -0.631338
v -0.764643 -0.146730 -0.627526
v -0.758157 -0.195090 -0.622204
v -0.749843 -0.242980 -0.615381
v -0.739725 -0.290285 -0.607077
v -0.727823 -0.336890 -0.597309
v -0.714168 -0.382683 -0.586103
v -0.698793 -0.427555 -0.573485
v -0.681734 -0.471397 -0.559485
v -0.663033 -0.514103 -0.544137
v -0.642735 -0.555570 -0.527479
v -0.620887 -0.595699 -0.509549
v -0.597545 -0.634393 -0.490392
v -0.572763 -0.671559 -0.470054
v -0.546601 -0.707107 -0.448584
v -0.519122 -0.740951 -0.426032
v -0.490393 -0.773010 -0.402455
v -0.460481 -0.803208 -0.377908
v -0.429462 -0.831470 -0.352450
v -0.397406 -0.857729 -0.326143
v -0.364394 -0.881921 -0.299051
v -0.330505 -0.903989 -0.271238
v -0.295818 -0.923880 -0.242772
v -0.260419 -0.941544 -0.213721
v -0.224393 -0.956940 -0.184155
v -0.187826 -0.970031 -0.154145
v -0.150807 -0.980785 -0.123764
v -0.113424 -0.989177 -0.093085
v -0.075768 -0.995185 -0.062181
v -0.037930 -0.998795 -0.031128
v -0.034696 0.998795 -0.034696
v -0.069309 0.995185 -0.069309
v -0.103754 0.989177 -0.103754
v -0.137950 0.980785 -0.137950
v -0.171813 0.970031 -0.171813
v -0.205262 0.956940 -0.205262
v -0.238217 0.941544 -0.238217
v -0.270598 0.923880 -0.270598
v -0.302327 0.903989 -0.302327
v -0.333328 0.881921 -0.333328
v -0.363525 0.857729 -0.363525
v -0.392848 0.831470 -0.392848
v -0.421223 0.803208 -0.421223
v -0.448584 0.773010 -0.448584
v -0.474864 0.740951 -0.474864
v -0.500000 0.707107 -0.500000
v -0.523931 0.671559 -0.523931
v -0.546601 0.634393 -0.546601
v -0.567953 0.595699 -0.567953
v -0.587938 0.555570 -0.587938
v -0.606505 0.514103 -0.606505
v -0.623612 0.471397 -0.623612
v -0.639217 0.427555 -0.639217
v -0.653281 0.382683 -0.653281
v -0.665772 0.336890 -0.665772
v -0.676659 0.290285 -0.676659
v -0.685915 0.242980 -0.685915
v -0.693520 0.195090 -0.693520
v -0.699452 0.146730 -0.699453
v -0.703702 0.098017 -0.703702
v -0.706255 0.049068 -0.706255
v -0.707106 0.000000 -0.707107
v -0.706255 -0.049068 -0.706255
v -0.703702 -0.098017 -0.703702
v -0.699452 -0.146730 -0.699453
v -0.693520 -0.195090 -0.693520
v -0.685915 -0.242980 -0.685915
v -0.676659 -0.290285 -0.676659
v -0.665772 -0.336890 -0.665772
v -0.653281 -0.382683 -0.653281
v -0.639217 -0.427555 -0.639217
v -0.623612 -0.471397 -0.623612
v -0.606505 -0.514103 -0.606505
v -0.587938 -0.555570 -0.587938
v -0.567953 -0.595699 -0.567953
v -0.546601 -0.634393 -0.546601
v -0.523931 -0.671559 -0.523931
v -0.500000 -0.707107 -0.500000
v -0.474864 -0.740951 -0.474864
v -0.448584 -0.773010 -0.448584
v -0.421223 -0.803208 -0.421223
v -0.392848 -0.831470 -0.392848
v -0.363525 -0.857729 -0.363525
v -0.333328 -0.881921 -0.333328
v -0.302327 -0.903989 -0.302327
v -0.270598 -0.923880 -0.270598
v -0.238217 -0.941544 -0.238217
v -0.205262 -0.956940 -0.205262
v -0.171813 -0.970031 -0.171813
v -0.137950 -0.980785 -0.137950
v -0.103754 -0.989177 -0.103754
v -0.069309 -0.995185 -0.069309
v -0.034696 -0.998795 -0.034696
v -0.031128 0.998795 -0.037930
v -0.062181 0.995185 -0.075768
v -0.093085 0.989177 -0.113424
v -0.123764 0.980785 -0.150807
v -0.154145 0.970031 -0.187826
v -0.184155 0.956940 -0.224393
v -0.213721 0.941544 -0.260419
v -0.242772 0.923880 -0.295818
v -0.271238 0.903989 -0.330505
v -0.299051 0.881921 -0.364394
v -0.326143 0.857729 -0.397406
v -0.352450 0.831470 -0.429462
v -0.377907 0.803208 -0.460482
v -0.402455 0.773010 -0.490393
v -0.426032 0.740951 -0.519122
v -0.448584 0.707107 -0.546601
v -0.470054 0.671559 -0.572763
v -0.490393 0.634393 -0.597545
v -0.509549 0.595699 -0.620887
v -0.527479 0.555570 -0.642735
v -0.544137 0.514103 -0.663033
v -0.559485 0.471397 -0.681734
v -0.573485 0.427555 -0.698793
v -0.586102 0.382683 -0.714168
v -0.597309 0.336890 -0.727823
v -0.607076 0.290285 -0.739725
v -0.615381 0.242980 -0.749844
v -0.622203 0.195090 -0.758157
v -0.627526 0.146730 -0.764643
v -0.631338 0.098017 -0.769288
v -0.633629 0.049068 -0.772079
v -0.634393 0.000000 -0.773010
v -0.633629 -0.049068 -0.772079
v -0.631338 -0.098017 -0.769288
v -0.627526 -0.146730 -0.764643
v -0.622203 -0.195090 -0.758157
v -0.615381 -0.242980 -0.749844
v -0.607076 -0.290285 -0.739725
v -0.597309 -0.336890 -0.727823
v -0.586102 -0.382683 -0.714168
v -0.573485 -0.427555 -0.698793
v -0.559485 -0.471397 -0.681734
v -0.544137 -0.514103 -0.663033
v -0.527479 -0.555570 -0.642735
v -0.509549 -0.595699 -0.620887
v -0.490393 -0.634393 -0.597545
v -0.470054 -0.671559 -0.572763
v -0.448584 -0.707107 -0.546601
v -0.426032 -0.740951 -0.519122
v -0.402455 -0.773010 -0.490393
v -0.377907 -0.803208 -0.460482
v -0.352450 -0.831470 -0.429462
v -0.326143 -0.857729 -0.397406
v -0.299051 -0.881921 -0.364394
v -0.271238 -0.903989 -0.330505
v -0.242772 -0.923880 -0.295818
v -0.213721 -0.941544 -0.260419
v -0.184155 -0.956940 -0.224393
v -0.154145 -0.970031 -0.187826
v -0.123764 -0.980785 -0.150807
v -0.093085 -0.989177 -0.113424
v -0.062181 -0.995185 -0.075768
v -0.031128 -0.998795 -0.037930
v -0.027261 0.998795 -0.040798
v -0.054455 0.995185 -0.081498
v -0.081519 0.989177 -0.122002
v -0.108386 0.980785 -0.162212
v -0.134992 0.970031 -0.202030
v -0.161274 0.956940 -0.241363
v -0.187166 0.941544 -0.280114
v -0.212607 0.923880 -0.318189
v -0.237537 0.903989 -0.355499
v -0.261894 0.881921 -0.391952
v -0.285620 0.857729 -0.427460
v -0.308659 0.831470 -0.461940
v -0.330952 0.803208 -0.495306
v -0.352450 0.773010 -0.527479
v -0.373098 0.740951 -0.558381
v -0.392847 0.707107 -0.587938
v -0.411650 0.671559 -0.616078
v -0.429461 0.634393 -0.642734
v -0.446238 0.595699 -0.667842
v -0.461940 0.555570 -0.691342
v -0.476528 0.514103 -0.713175
v -0.489969 0.471397 -0.733290
v -0.502230 0.427555 -0.751640
v -0.513280 0.382683 -0.768177
v -0.523094 0.336890 -0.782865
v -0.531647 0.290285 -0.795667
v -0.538920 0.242980 -0.806551
v -0.544895 0.195090 -0.815493
v -0.549556 0.146730 -0.822469
v -0.552895 0.098017 -0.827466
v -0.554901 0.049068 -0.830468
v -0.555570 0.000000 -0.831469
v -0.554901 -0.049068 -0.830468
v -0.552895 -0.098017 -0.827466
v -0.549556 -0.146730 -0.822469
v -0.544895 -0.195090 -0.815493
v -0.538920 -0.242980 -0.806551
v -0.531647 -0.290285 -0.795667
v -0.523094 -0.336890 -0.782865
v -0.513280 -0.382683 -0.768177
v -0.502230 -0.427555 -0.751640
v -0.489969 -0.471397 -0.733290
v -0.476528 -0.514103 -0.713175
v -0.461940 -0.555570 -0.691342
v -0.446238 -0.595699 -0.667842
v -0.429461 -0.634393 -0.642734
v -0.411650 -0.671559 -0.616078
v -0.392847 -0.707107 -0.587938
v -0.373098 -0.740951 -0.558381
v -0.352450 -0.773010 -0.527479
v -0.330952 -0.803208 -0.495306
v -0.308659 -0.831470 -0.461940
v -0.285620 -0.857729 -0.427460
v -0.261894 -0.881921 -0.391952
v -0.237537 -0.903989 -0.355499
v -0.212607 -0.923880 -0.318189
v -0.187166 -0.941544 -0.280114
v -0.161274 -0.956940 -0.241363
v -0.134992 -0.970031 -0.202030
v -0.108386 -0.980785 -0.162212
v -0.081519 -0.989177 -0.122002
v -0.054455 -0.995185 -0.081498
v -0.027261 -0.998795 -0.040798
v -0.023130 0.998795 -0.043274
v -0.046205 0.995185 -0.086443
v -0.069168 0.989177 -0.129405
v -0.091965 0.980785 -0.172054
v -0.114540 0.970031 -0.214289
v -0.136839 0.956940 -0.256008
v -0.158809 0.941544 -0.297110
v -0.180396 0.923880 -0.337496
v -0.201548 0.903989 -0.377070
v -0.222215 0.881921 -0.415735
v -0.242346 0.857729 -0.453398
v -0.261894 0.831470 -0.489970
v -0.280810 0.803208 -0.525360
v -0.299051 0.773010 -0.559485
v -0.316571 0.740951 -0.592262
v -0.333328 0.707107 -0.623612
v -0.349282 0.671559 -0.653460
v -0.364395 0.634393 -0.681734
v -0.378629 0.595699 -0.708365
v -0.391952 0.555570 -0.733291
v -0.404330 0.514103 -0.756449
v -0.415735 0.471397 -0.777785
v -0.426138 0.427555 -0.797247
v -0.435513 0.382683 -0.814789
v -0.443841 0.336890 -0.830367
v -0.451098 0.290285 -0.843946
v -0.457269 0.242980 -0.855490
v -0.462339 0.195090 -0.864975
v -0.466294 0.146730 -0.872375
v -0.469127 0.098017 -0.877674
v -0.470829 0.049068 -0.880859
v -0.471396 0.000000 -0.881921
v -0.470829 -0.049068 -0.880859
v -0.469127 -0.098017 -0.877674
v -0.466294 -0.146730 -0.872375
v -0.462339 -0.195090 -0.864975
v -0.457269 -0.242980 -0.855490
v -0.451098 -0.290285 -0.843946
v -0.443841 -0.336890 -0.830367
v -0.435513 -0.382683 -0.814789
v -0.426138 -0.427555 -0.797247
v -0.415735 -0.471397 -0.777785
v -0.404330 -0.514103 -0.756449
v -0.391952 -0.555570 -0.733291
v -0.378629 -0.595699 -0.708365
v -0.364395 -0.634393 -0.681734
v -0.349282 -0.671559 -0.653460
v -0.333328 -0.707107 -0.623612
v -0.316571 -0.740951 -0.592262
v -0.299051 -0.773010 -0.559485
v -0.280810 -0.803208 -0.525360
v -0.261894 -0.831470 -0.489970
v -0.242346 -0.857729 -0.453398
v -0.222215 -0.881921 -0.415735
v -0.201548 -0.903989 -0.377070
v -0.180396 -0.923880 -0.337496
v -0.158809 -0.941544 -0.297110
v -0.136839 -0.956940 -0.256008
v -0.114540 -0.970031 -0.214289
v -0.091965 -0.980785 -0.172054
v -0.069168 -0.989177 -0.129405
v -0.046205 -0.995185 -0.086443
v -0.023130 -0.998795 -0.043274
v -0.018777 0.998795 -0.045333
v -0.037509 0.995185 -0.090556
v -0.056151 0.989177 -0.135561
v -0.074658 0.980785 -0.180240
v -0.092984 0.970031 -0.224484
v -0.111087 0.956940 -0.268188
v -0.128922 0.941544 -0.311246
v -0.146446 0.923880 -0.353553
v -0.163618 0.903989 -0.395010
v -0.180396 0.881921 -0.435514
v -0.196738 0.857729 -0.474968
v -0.212608 0.831470 -0.513280
v -0.227964 0.803208 -0.550354
v -0.242772 0.773010 -0.586103
v -0.256994 0.740951 -0.620439
v -0.270598 0.707107 -0.653281
v -0.283549 0.671559 -0.684549
v -0.295818 0.634393 -0.714168
v -0.307374 0.595699 -0.742066
v -0.318190 0.555570 -0.768178
v -0.328238 0.514103 -0.792438
v -0.337496 0.471397 -0.814789
v -0.345942 0.427555 -0.835177
v -0.353553 0.382683 -0.853553
v -0.360313 0.336890 -0.869873
v -0.366205 0.290285 -0.884098
v -0.371214 0.242980 -0.896191
v -0.375330 0.195090 -0.906127
v -0.378541 0.146730 -0.913879
v -0.380840 0.098017 -0.919430
v -0.382222 0.049068 -0.922766
v -0.382683 0.000000 -0.923879
v -0.382222 -0.049068 -0.922766
v -0.380840 -0.098017 -0.919430
v -0.378541 -0.146730 -0.913879
v -0.375330 -0.195090 -0.906127
v -0.371214 -0.242980 -0.896191
v -0.366205 -0.290285 -0.884098
v -0.360313 -0.336890 -0.869873
v -0.353553 -0.382683 -0.853553
v -0.345942 -0.427555 -0.835177
v -0.337496 -0.471397 -0.814789
v -0.328238 -0.514103 -0.792438
v -0.318190 -0.555570 -0.768178
v -0.307374 -0.595699 -0.742066
v -0.295818 -0.634393 -0.714168
v -0.283549 -0.671559 -0.684549
v -0.270598 -0.707107 -0.653281
v -0.256994 -0.740951 -0.620439
v -0.242772 -0.773010 -0.586103
v -0.227964 -0.803208 -0.550354
v -0.212608 -0.831470 -0.513280
v -0.196738 -0.857729 -0.474968
v -0.180396 -0.881921 -0.435514
v -0.163618 -0.903989 -0.395010
v -0.146446 -0.923880 -0.353553
v -0.128922 -0.941544 -0.311246
v -0.111087 -0.956940 -0.268188
v -0.092984 -0.970031 -0.224484
v -0.074658 -0.980785 -0.180240
v -0.056151 -0.989177 -0.135561
v -0.037509 -0.995185 -0.090556
v -0.018777 -0.998795 -0.045333
v -0.014244 0.998795 -0.046955
v -0.028453 0.995185 -0.093796
v -0.042594 0.989177 -0.140412
v -0.056632 0.980785 -0.186690
v -0.070533 0.970031 -0.232517
v -0.084265 0.956940 -0.277785
v -0.097794 0.941544 -0.322383
v -0.111087 0.923880 -0.366205
v -0.124113 0.903989 -0.409145
v -0.136839 0.881921 -0.451098
v -0.149236 0.857729 -0.491965
v -0.161274 0.831470 -0.531648
v -0.172922 0.803208 -0.570048
v -0.184155 0.773010 -0.607076
v -0.194943 0.740951 -0.642642
v -0.205262 0.707107 -0.676659
v -0.215087 0.671559 -0.709046
v -0.224393 0.634393 -0.739724
v -0.233159 0.595699 -0.768621
v -0.241363 0.555570 -0.795667
v -0.248985 0.514103 -0.820795
v -0.256008 0.471397 -0.843946
v -0.262414 0.427555 -0.865064
v -0.268188 0.382683 -0.884097
v -0.273316 0.336890 -0.901001
v -0.277785 0.290285 -0.915735
v -0.281585 0.242980 -0.928261
v -0.284707 0.195090 -0.938553
v -0.287142 0.146730 -0.946582
v -0.288887 0.098017 -0.952332
v -0.289935 0.049068 -0.955787
v -0.290284 0.000000 -0.956940
v -0.289935 -0.049068 -0.955787
v -0.288887 -0.098017 -0.952332
v -0.287142 -0.146730 -0.946582
v -0.284707 -0.195090 -0.938553
v -0.281585 -0.242980 -0.928261
v -0.277785 -0.290285 -0.915735
v -0.273316 -0.336890 -0.901001
v -0.268188 -0.382683 -0.884097
v -0.262414 -0.427555 -0.865064
v -0.256008 -0.471397 -0.843946
v -0.248985 -0.514103 -0.820795
v -0.241363 -0.555570 -0.795667
v -0.233159 -0.595699 -0.768621
v -0.224393 -0.634393 -0.739724
v -0.215087 -0.671559 -0.709046
v -0.205262 -0.707107 -0.676659
v -0.194943 -0.740951 -0.642642
v -0.184155 -0.773010 -0.607076
v -0.172922 -0.803208 -0.570048
v -0.161274 -0.831470 -0.531648
v -0.149236 -0.857729 -0.491965
v -0.136839 -0.881921 -0.451098
v -0.124113 -0.903989 -0.409145
v -0.111087 -0.923880 -0.366205
v -0.097794 -0.941544 -0.322383
v -0.084265 -0.956940 -0.277785
v -0.070533 -0.970031 -0.232517
v -0.056632 -0.980785 -0.186690
v -0.042594 -0.989177 -0.140412
v -0.028453 -0.995185 -0.093796
v -0.014244 -0.998795 -0.046955
v -0.009573 0.998795 -0.048125
v -0.019122 0.995185 -0.096134
v -0.028626 0.989177 -0.143911
v -0.038060 0.980785 -0.191342
v -0.047403 0.970031 -0.238311
v -0.056632 0.956940 -0.284707
v -0.065724 0.941544 -0.330416
v -0.074658 0.923880 -0.375330
v -0.083412 0.903989 -0.419340
v -0.091965 0.881921 -0.462339
v -0.100296 0.857729 -0.504224
v -0.108386 0.831470 -0.544896
v -0.116215 0.803208 -0.584253
v -0.123764 0.773010 -0.622204
v -0.131014 0.740951 -0.658655
v -0.137950 0.707107 -0.693520
v -0.144552 0.671559 -0.726713
v -0.150807 0.634393 -0.758157
v -0.156698 0.595699 -0.787773
v -0.162212 0.555570 -0.815493
v -0.167334 0.514103 -0.841247
v -0.172054 0.471397 -0.864975
v -0.176360 0.427555 -0.886619
v -0.180240 0.382683 -0.906127
v -0.183686 0.336890 -0.923452
v -0.186690 0.290285 -0.938553
v -0.189243 0.242980 -0.951391
v -0.191342 0.195090 -0.961940
v -0.192978 0.146730 -0.970168
v -0.194151 0.098017 -0.976062
v -0.194855 0.049068 -0.979603
v -0.195090 0.000000 -0.980785
v -0.194855 -0.049068 -0.979603
v -0.194151 -0.098017 -0.976062
v -0.192978 -0.146730 -0.970168
v -0.191342 -0.195090 -0.961940
v -0.189243 -0.242980 -0.951391
v -0.186690 -0.290285 -0.938553
v -0.183686 -0.336890 -0.923452
v -0.180240 -0.382683 -0.906127
v -0.176360 -0.427555 -0.886619
v -0.172054 -0.471397 -0.864975
v -0.167334 -0.514103 -0.841247
v -0.162212 -0.555570 -0.815493
v -0.156698 -0.595699 -0.787773
v -0.150807 -0.634393 -0.758157
v -0.144552 -0.671559 -0.726713
v -0.137950 -0.707107 -0.693520
v -0.131014 -0.740951 -0.658655
v -0.123764 -0.773010 -0.622204
v -0.116215 -0.803208 -0.584253
v -0.108386 -0.831470 -0.544896
v -0.100296 -0.857729 -0.504224
v -0.091965 -0.881921 -0.462339
v -0.083412 -0.903989 -0.419340
v -0.074658 -0.923880 -0.375330
v -0.065724 -0.941544 -0.330416
v -0.056632 -0.956940 -0.284707
v -0.047403 -0.970031 -0.238311
v -0.038060 -0.980785 -0.191342
v -0.028626 -0.989177 -0.143911
v -0.019122 -0.995185 -0.096134
v -0.009573 -0.998795 -0.048125
v -0.004809 0.998795 -0.048831
v -0.009607 0.995185 -0.097545
v -0.014382 0.989177 -0.146024
v -0.019122 0.980785 -0.194151
v -0.023816 0.970031 -0.241810
v -0.028453 0.956940 -0.288887
v -0.033021 0.941544 -0.335267
v -0.037509 0.923880 -0.380840
v -0.041908 0.903989 -0.425496
v -0.046205 0.881921 -0.469127
v -0.050391 0.857729 -0.511627
v -0.054455 0.831470 -0.552896
v -0.058389 0.803208 -0.592830
v -0.062181 0.773010 -0.631338
v -0.065824 0.740951 -0.668325
v -0.069308 0.707107 -0.703702
v -0.072626 0.671559 -0.737383
v -0.075768 0.634393 -0.769288
v -0.078728 0.595699 -0.799339
v -0.081499 0.555570 -0.827466
v -0.084072 0.514103 -0.853598
v -0.086443 0.471397 -0.877674
v -0.088606 0.427555 -0.899636
v -0.090556 0.382683 -0.919430
v -0.092288 0.336890 -0.937010
v -0.093796 0.290285 -0.952332
v -0.095079 0.242980 -0.965359
v -0.096134 0.195090 -0.976062
v -0.096956 0.146730 -0.984412
v -0.097545 0.098017 -0.990392
v -0.097899 0.049068 -0.993985
v -0.098017 0.000000 -0.995184
v -0.097899 -0.049068 -0.993985
v -0.097545 -0.098017 -0.990392
v -0.096956 -0.146730 -0.984412
v -0.096134 -0.195090 -0.976062
v -0.095079 -0.242980 -0.965359
v -0.093796 -0.290285 -0.952332
v -0.092288 -0.336890 -0.937010
v -0.090556 -0.382683 -0.919430
v -0.088606 -0.427555 -0.899636
v -0.086443 -0.471397 -0.877674
v -0.084072 -0.514103 -0.853598
v -0.081499 -0.555570 -0.827466
v -0.078728 -0.595699 -0.799339
v -0.075768 -0.634393 -0.769288
v -0.072626 -0.671559 -0.737383
v -0.069308 -0.707107 -0.703702
v -0.065824 -0.740951 -0.668325
v -0.062181 -0.773010 -0.631338
v -0.058389 -0.803208 -0.592830
v -0.054455 -0.831470 -0.552896
v -0.050391 -0.857729 -0.511627
v -0.046205 -0.881921 -0.469127
v -0.041908 -0.903989 -0.425496
v -0.037509 -0.923880 -0.380840
v -0.033021 -0.941544 -0.335267
v -0.028453 -0.956940 -0.288887
v -0.023816 -0.970031 -0.241810
v -0.019122 -0.980785 -0.194151
v -0.014382 -0.989177 -0.146024
v -0.009607 -0.995185 -0.097545
v -0.004809 -0.998795 -0.048831
v 0.000000 0.998795 -0.049068
v 0.000000 0.995185 -0.098017
v 0.000000 0.989177 -0.146730
v 0.000000 0.970031 -0.242980
v 0.000000 0.941544 -0.336890
v 0.000000 0.923880 -0.382683
v 0.000000 0.903989 -0.427555
v 0.000000 0.881921 -0.471396
v 0.000000 0.857729 -0.514102
v -0.000000 0.831470 -0.555571
v -0.000000 0.773010 -0.634393
v -0.000000 0.634393 -0.773010
v 0.000000 0.195090 -0.980785
v 0.000000 -0.049068 -0.998795
v 0.000000 -0.195090 -0.980785
v -0.000000 -0.336890 -0.941544
v -0.000000 -0.634393 -0.773010
v -0.000000 -0.831470 -0.555571
v 0.000000 -0.970031 -0.242980
v 0.000000 -0.989177 -0.146730
v 0.000000 -0.995185 -0.098017
v 0.000000 -0.998795 -0.049068
vn 0.0473 -0.2664 -0.9627
vn 0.0263 0.8446 -0.5348
vn 0.0466 -0.3133 -0.9485
vn 0.0283 0.8173 -0.5756
vn 0.0458 -0.3595 -0.9320
vn 0.0302 0.7880 -0.6150
vn 0.0449 -0.4048 -0.9133
vn 0.0321 0.7568 -0.6528
vn 0.0438 -0.4492 -0.8924
vn 0.0339 0.7238 -0.6891
vn 0.0427 -0.4924 -0.8693
vn 0.0356 0.6891 -0.7238
vn 0.0415 -0.5345 -0.8441
vn 0.0372 0.6527 -0.7567
vn 0.0401 -0.5753 -0.8169
vn 0.0387 0.6148 -0.7878
vn 0.0387 -0.6148 -0.7878
vn 0.0401 0.5753 -0.8169
vn 0.0372 -0.6527 -0.7567
vn 0.0415 0.5345 -0.8441
vn 0.0356 -0.6891 -0.7238
vn 0.0427 0.4924 -0.8693
vn 0.0339 -0.7238 -0.6891
vn 0.0438 0.4492 -0.8924
vn 0.0321 -0.7568 -0.6528
vn 0.0449 0.4048 -0.9133
vn 0.0302 -0.7880 -0.6150
vn 0.0458 0.3595 -0.9320
vn 0.0283 -0.8173 -0.5756
vn 0.0466 0.3133 -0.9485
vn 0.0263 -0.8446 -0.5348
vn 0.0473 0.2664 -0.9627
vn 0.0012 0.9997 -0.0245
vn 0.0242 -0.8698 -0.4928
vn 0.0479 0.2188 -0.9746
vn 0.0036 0.9973 -0.0736
vn 0.0221 -0.8930 -0.4495
vn 0.0483 0.1708 -0.9841
vn 0.0060 0.9925 -0.1224
vn 0.0199 -0.9140 -0.4052
vn 0.0487 0.1223 -0.9913
vn 0.0084 0.9852 -0.1710
vn 0.0177 -0.9328 -0.3598
vn 0.0489 0.0735 -0.9961
vn 0.0108 0.9756 -0.2191
vn 0.0154 -0.9494 -0.3136
vn 0.0491 0.0245 -0.9985
vn 0.0131 0.9637 -0.2667
vn 0.0131 -0.9637 -0.2667
vn 0.0491 -0.0245 -0.9985
vn 0.0154 0.9494 -0.3136
vn 0.0108 -0.9756 -0.2191
vn 0.0489 -0.0735 -0.9961
vn 0.0177 0.9328 -0.3598
vn 0.0084 -0.9852 -0.1710
vn 0.0487 -0.1223 -0.9913
vn 0.0199 0.9140 -0.4052
vn 0.0060 -0.9925 -0.1224
vn 0.0483 -0.1708 -0.9841
vn 0.0221 0.8930 -0.4495
vn 0.0036 -0.9973 -0.0736
vn 0.0479 -0.2188 -0.9746
vn 0.0242 0.8698 -0.4928
vn 0.0012 -0.9997 -0.0245
vn 0.0786 -0.8446 -0.5297
vn 0.1414 0.2664 -0.9534
vn 0.0036 0.9997 -0.0243
vn 0.0724 -0.8698 -0.4880
vn 0.1432 0.2188 -0.9652
vn 0.0108 0.9973 -0.0729
vn 0.0660 -0.8930 -0.4452
vn 0.1446 0.1708 -0.9746
vn 0.0180 0.9925 -0.1212
vn 0.0595 -0.9140 -0.4013
vn 0.1456 0.1223 -0.9818
vn 0.0251 0.9852 -0.1693
vn 0.0529 -0.9328 -0.3564
vn 0.1463 0.0735 -0.9865
vn 0.0322 0.9756 -0.2170
vn 0.0461 -0.9494 -0.3106
vn 0.1467 0.0245 -0.9889
vn 0.0392 0.9637 -0.2641
vn 0.0392 -0.9637 -0.2641
vn 0.1467 -0.0245 -0.9889
vn 0.0461 0.9494 -0.3106
vn 0.0322 -0.9756 -0.2170
vn 0.1463 -0.0735 -0.9865
vn 0.0529 0.9328 -0.3564
vn 0.0251 -0.9852 -0.1693
vn 0.1456 -0.1223 -0.9818
vn 0.0595 0.9140 -0.4013
vn 0.0180 -0.9925 -0.1212
vn 0.1446 -0.1708 -0.9746
vn 0.0660 0.8930 -0.4452
vn 0.0108 -0.9973 -0.0729
vn 0.1432 -0.2188 -0.9652
vn 0.0724 0.8698 -0.4880
vn 0.0036 -0.9997 -0.0243
vn 0.1414 -0.2664 -0.9534
vn 0.0786 0.8446 -0.5297
vn 0.1393 -0.3133 -0.9394
vn 0.0846 0.8173 -0.5700
vn 0.1369 -0.3595 -0.9230
vn 0.0903 0.7880 -0.6090
vn 0.1342 -0.4048 -0.9045
vn 0.0959 0.7568 -0.6465
vn 0.1311 -0.4492 -0.8838
vn 0.1012 0.7238 -0.6825
vn 0.1277 -0.4924 -0.8609
vn 0.1063 0.6891 -0.7168
vn 0.1240 -0.5345 -0.8360
vn 0.1112 0.6527 -0.7494
vn 0.1200 -0.5753 -0.8091
vn 0.1157 0.6148 -0.7802
vn 0.1157 -0.6148 -0.7802
vn 0.1200 0.5753 -0.8091
vn 0.1112 -0.6527 -0.7494
vn 0.1240 0.5345 -0.8360
vn 0.1063 -0.6891 -0.7168
vn 0.1277 0.4924 -0.8609
vn 0.1012 -0.7238 -0.6825
vn 0.1311 0.4492 -0.8838
vn 0.0959 -0.7568 -0.6465
vn 0.1342 0.4048 -0.9045
vn 0.0903 -0.7880 -0.6090
vn 0.1369 0.3595 -0.9230
vn 0.0846 -0.8173 -0.5700
vn 0.1393 0.3133 -0.9394
vn 0.1094 -0.8930 -0.4366
vn 0.2394 0.1708 -0.9558
vn 0.0298 0.9925 -0.1189
vn 0.0986 -0.9140 -0.3935
vn 0.2412 0.1223 -0.9628
vn 0.0416 0.9852 -0.1660
vn 0.0875 -0.9328 -0.3495
vn 0.2423 0.0735 -0.9674
vn 0.0533 0.9756 -0.2128
vn 0.0763 -0.9494 -0.3046
vn 0.2429 0.0245 -0.9697
vn 0.0649 0.9637 -0.2590
vn 0.0649 -0.9637 -0.2590
vn 0.2429 -0.0245 -0.9697
vn 0.0763 0.9494 -0.3046
vn 0.0533 -0.9756 -0.2128
vn 0.2423 -0.0735 -0.9674
vn 0.0875 0.9328 -0.3495
vn 0.0416 -0.9852 -0.1660
vn 0.2412 -0.1223 -0.9628
vn 0.0986 0.9140 -0.3935
vn 0.0298 -0.9925 -0.1189
vn 0.2394 -0.1708 -0.9558
vn 0.1094 0.8930 -0.4366
vn 0.0179 -0.9973 -0.0714
vn 0.2371 -0.2188 -0.9465
vn 0.1199 0.8698 -0.4786
vn 0.0060 -0.9997 -0.0238
vn 0.2342 -0.2664 -0.9350
vn 0.1301 0.8446 -0.5194
vn 0.2307 -0.3133 -0.9212
vn 0.1400 0.8173 -0.5590
vn 0.2267 -0.3595 -0.9052
vn 0.1496 0.7880 -0.5972
vn 0.2222 -0.4048 -0.8870
vn 0.1588 0.7568 -0.6340
vn 0.2171 -0.4492 -0.8667
vn 0.1677 0.7238 -0.6693
vn 0.2115 -0.4924 -0.8443
vn 0.1761 0.6891 -0.7029
vn 0.2054 -0.5345 -0.8198
vn 0.1841 0.6527 -0.7349
vn 0.1987 -0.5753 -0.7934
vn 0.1916 0.6148 -0.7651
vn 0.1916 -0.6148 -0.7651
vn 0.1987 0.5753 -0.7934
vn 0.1841 -0.6527 -0.7349
vn 0.2054 0.5345 -0.8198
vn 0.1761 -0.6891 -0.7029
vn 0.2115 0.4924 -0.8443
vn 0.1677 -0.7238 -0.6693
vn 0.2171 0.4492 -0.8667
vn 0.1588 -0.7568 -0.6340
vn 0.2222 0.4048 -0.8870
vn 0.1496 -0.7880 -0.5972
vn 0.2267 0.3595 -0.9052
vn 0.1400 -0.8173 -0.5590
vn 0.2307 0.3133 -0.9212
vn 0.1301 -0.8446 -0.5194
vn 0.2342 0.2664 -0.9350
vn 0.0060 0.9997 -0.0238
vn 0.1199 -0.8698 -0.4786
vn 0.2371 0.2188 -0.9465
vn 0.0179 0.9973 -0.0714
vn 0.1214 -0.9328 -0.3392
vn 0.3360 0.0735 -0.9390
vn 0.0739 0.9756 -0.2065
vn 0.1058 -0.9494 -0.2957
vn 0.3368 0.0245 -0.9413
vn 0.0900 0.9637 -0.2514
vn 0.0900 -0.9637 -0.2514
vn 0.3368 -0.0245 -0.9413
vn 0.1058 0.9494 -0.2957
vn 0.0739 -0.9756 -0.2065
vn 0.3360 -0.0735 -0.9390
vn 0.1214 0.9328 -0.3392
vn 0.0577 -0.9852 -0.1612
vn 0.3344 -0.1223 -0.9345
vn 0.1367 0.9140 -0.3819
vn 0.0413 -0.9925 -0.1154
vn 0.3319 -0.1708 -0.9277
vn 0.1516 0.8930 -0.4237
vn 0.0248 -0.9973 -0.0693
vn 0.3287 -0.2188 -0.9187
vn 0.1662 0.8698 -0.4645
vn 0.0083 -0.9997 -0.0231
vn 0.3247 -0.2664 -0.9075
vn 0.1804 0.8446 -0.5042
vn 0.3199 -0.3133 -0.8941
vn 0.1941 0.8173 -0.5426
vn 0.3144 -0.3595 -0.8786
vn 0.2074 0.7880 -0.5797
vn 0.3080 -0.4048 -0.8609
vn 0.2202 0.7568 -0.6154
vn 0.3010 -0.4492 -0.8412
vn 0.2324 0.7238 -0.6496
vn 0.2932 -0.4924 -0.8195
vn 0.2441 0.6891 -0.6823
vn 0.2847 -0.5345 -0.7957
vn 0.2552 0.6527 -0.7133
vn 0.2755 -0.5753 -0.7701
vn 0.2657 0.6148 -0.7426
vn 0.2657 -0.6148 -0.7426
vn 0.2755 0.5753 -0.7701
vn 0.2552 -0.6527 -0.7133
vn 0.2847 0.5345 -0.7957
vn 0.2441 -0.6891 -0.6823
vn 0.2932 0.4924 -0.8195
vn 0.2324 -0.7238 -0.6496
vn 0.3010 0.4492 -0.8412
vn 0.2202 -0.7568 -0.6154
vn 0.3080 0.4048 -0.8609
vn 0.2074 -0.7880 -0.5797
vn 0.3144 0.3595 -0.8786
vn 0.1941 -0.8173 -0.5426
vn 0.3199 0.3133 -0.8941
vn 0.1804 -0.8446 -0.5042
vn 0.3247 0.2664 -0.9075
vn 0.0083 0.9997 -0.0231
vn 0.1662 -0.8698 -0.4645
vn 0.3287 0.2188 -0.9187
vn 0.0248 0.9973 -0.0693
vn 0.1516 -0.8930 -0.4237
vn 0.3319 0.1708 -0.9277
vn 0.0413 0.9925 -0.1154
vn 0.1367 -0.9140 -0.3819
vn 0.3344 0.1223 -0.9345
vn 0.0577 0.9852 -0.1612
vn 0.1142 -0.9637 -0.2414
vn 0.4274 -0.0245 -0.9037
vn 0.1343 0.9494 -0.2839
vn 0.0938 -0.9756 -0.1983
vn 0.4264 -0.0735 -0.9015
vn 0.1540 0.9328 -0.3257
vn 0.0732 -0.9852 -0.1547
vn 0.4243 -0.1223 -0.8972
vn 0.1734 0.9140 -0.3667
vn 0.0524 -0.9925 -0.1108
vn 0.4213 -0.1708 -0.8907
vn 0.1924 0.8930 -0.4068
vn 0.0315 -0.9973 -0.0666
vn 0.4172 -0.2189 -0.8821
vn 0.2109 0.8698 -0.4460
vn 0.0105 -0.9997 -0.0222
vn 0.4121 -0.2664 -0.8713
vn 0.2289 0.8446 -0.4840
vn 0.4060 -0.3133 -0.8585
vn 0.2464 0.8173 -0.5209
vn 0.3990 -0.3595 -0.8435
vn 0.2632 0.7880 -0.5566
vn 0.3910 -0.4048 -0.8266
vn 0.2795 0.7568 -0.5909
vn 0.3820 -0.4492 -0.8077
vn 0.2950 0.7238 -0.6237
vn 0.3721 -0.4924 -0.7868
vn 0.3098 0.6891 -0.6551
vn 0.3613 -0.5345 -0.7640
vn 0.3239 0.6527 -0.6849
vn 0.3497 -0.5753 -0.7394
vn 0.3372 0.6148 -0.7130
vn 0.3372 -0.6148 -0.7130
vn 0.3497 0.5753 -0.7394
vn 0.3239 -0.6527 -0.6849
vn 0.3613 0.5345 -0.7640
vn 0.3098 -0.6891 -0.6551
vn 0.3721 0.4924 -0.7868
vn 0.2950 -0.7238 -0.6237
vn 0.3820 0.4492 -0.8077
vn 0.2795 -0.7568 -0.5909
vn 0.3910 0.4048 -0.8266
vn 0.2632 -0.7880 -0.5566
vn 0.3990 0.3595 -0.8435
vn 0.2464 -0.8173 -0.5209
vn 0.4060 0.3133 -0.8585
vn 0.2289 -0.8446 -0.4840
vn 0.4121 0.2664 -0.8713
vn 0.0105 0.9997 -0.0222
vn 0.2109 -0.8698 -0.4460
vn 0.4172 0.2189 -0.8821
vn 0.0315 0.9973 -0.0666
vn 0.1924 -0.8930 -0.4068
vn 0.4213 0.1708 -0.8907
vn 0.0524 0.9925 -0.1108
vn 0.1734 -0.9140 -0.3667
vn 0.4243 0.1223 -0.8972
vn 0.0732 0.9852 -0.1547
vn 0.1540 -0.9328 -0.3257
vn 0.4264 0.0735 -0.9015
vn 0.0938 0.9756 -0.1983
vn 0.1343 -0.9494 -0.2839
vn 0.4274 0.0245 -0.9037
vn 0.1142 0.9637 -0.2414
vn 0.0880 -0.9852 -0.1468
vn 0.5102 -0.1223 -0.8513
vn 0.2085 0.9140 -0.3479
vn 0.0630 -0.9925 -0.1051
vn 0.5066 -0.1708 -0.8451
vn 0.2314 0.8930 -0.3860
vn 0.0379 -0.9973 -0.0632
vn 0.5016 -0.2189 -0.8369
vn 0.2536 0.8698 -0.4232
vn 0.0126 -0.9997 -0.0211
vn 0.4955 -0.2664 -0.8267
vn 0.2753 0.8446 -0.4593
vn 0.4882 -0.3133 -0.8145
vn 0.2963 0.8173 -0.4943
vn 0.4797 -0.3595 -0.8004
vn 0.3165 0.7880 -0.5281
vn 0.4701 -0.4048 -0.7843
vn 0.3360 0.7568 -0.5606
vn 0.4593 -0.4492 -0.7663
vn 0.3547 0.7238 -0.5918
vn 0.4474 -0.4924 -0.7465
vn 0.3726 0.6891 -0.6216
vn 0.4345 -0.5345 -0.7249
vn 0.3895 0.6527 -0.6498
vn 0.4205 -0.5753 -0.7015
vn 0.4055 0.6148 -0.6765
vn 0.4055 -0.6148 -0.6765
vn 0.4205 0.5753 -0.7015
vn 0.3895 -0.6527 -0.6498
vn 0.4345 0.5345 -0.7249
vn 0.3725 -0.6891 -0.6216
vn 0.4474 0.4924 -0.7465
vn 0.3547 -0.7238 -0.5918
vn 0.4593 0.4492 -0.7663
vn 0.3360 -0.7568 -0.5606
vn 0.4701 0.4048 -0.7843
vn 0.3165 -0.7880 -0.5281
vn 0.4797 0.3595 -0.8004
vn 0.2963 -0.8173 -0.4943
vn 0.4882 0.3133 -0.8145
vn 0.2753 -0.8446 -0.4593
vn 0.4955 0.2664 -0.8267
vn 0.0126 0.9997 -0.0211
vn 0.2536 -0.8698 -0.4232
vn 0.5016 0.2189 -0.8369
vn 0.0379 0.9973 -0.0632
vn 0.2314 -0.8930 -0.3860
vn 0.5066 0.1708 -0.8451
vn 0.0630 0.9925 -0.1051
vn 0.2085 -0.9140 -0.3479
vn 0.5102 0.1223 -0.8513
vn 0.0880 0.9852 -0.1468
vn 0.1852 -0.9328 -0.3090
vn 0.5127 0.0735 -0.8554
vn 0.1128 0.9756 -0.1881
vn 0.1614 -0.9494 -0.2693
vn 0.5139 0.0245 -0.8575
vn 0.1373 0.9637 -0.2290
vn 0.1373 -0.9637 -0.2290
vn 0.5139 -0.0245 -0.8575
vn 0.1614 0.9494 -0.2693
vn 0.1128 -0.9756 -0.1881
vn 0.5127 -0.0735 -0.8554
vn 0.1852 0.9328 -0.3090
vn 0.0439 -0.9973 -0.0592
vn 0.5813 -0.2189 -0.7837
vn 0.2939 0.8698 -0.3963
vn 0.0146 -0.9997 -0.0197
vn 0.5742 -0.2664 -0.7742
vn 0.3190 0.8446 -0.4301
vn 0.5657 -0.3133 -0.7628
vn 0.3433 0.8173 -0.4629
vn 0.5559 -0.3595 -0.7495
vn 0.3668 0.7880 -0.4945
vn 0.5447 -0.4048 -0.7344
vn 0.3894 0.7568 -0.5250
vn 0.5322 -0.4492 -0.7176
vn 0.4110 0.7238 -0.5542
vn 0.5185 -0.4924 -0.6991
vn 0.4317 0.6891 -0.5821
vn 0.5035 -0.5345 -0.6788
vn 0.4513 0.6527 -0.6085
vn 0.4872 -0.5753 -0.6570
vn 0.4698 0.6148 -0.6335
vn 0.4698 -0.6148 -0.6335
vn 0.4872 0.5753 -0.6570
vn 0.4513 -0.6527 -0.6085
vn 0.5035 0.5345 -0.6788
vn 0.4317 -0.6891 -0.5821
vn 0.5185 0.4924 -0.6991
vn 0.4110 -0.7238 -0.5542
vn 0.5322 0.4492 -0.7176
vn 0.3894 -0.7568 -0.5250
vn 0.5447 0.4048 -0.7344
vn 0.3668 -0.7880 -0.4945
vn 0.5559 0.3595 -0.7495
vn 0.3433 -0.8173 -0.4629
vn 0.5657 0.3133 -0.7628
vn 0.3190 -0.8446 -0.4301
vn 0.5742 0.2664 -0.7742
vn 0.0146 0.9997 -0.0197
vn 0.2939 -0.8698 -0.3963
vn 0.5813 0.2189 -0.7837
vn 0.0439 0.9973 -0.0592
vn 0.2681 -0.8930 -0.3615
vn 0.5869 0.1708 -0.7914
vn 0.0730 0.9925 -0.0984
vn 0.2416 -0.9140 -0.3258
vn 0.5912 0.1223 -0.7972
vn 0.1020 0.9852 -0.1375
vn 0.2146 -0.9328 -0.2894
vn 0.5941 0.0735 -0.8010
vn 0.1307 0.9756 -0.1762
vn 0.1871 -0.9494 -0.2522
vn 0.5955 0.0245 -0.8030
vn 0.1591 0.9637 -0.2145
vn 0.1591 -0.9637 -0.2145
vn 0.5955 -0.0245 -0.8030
vn 0.1871 0.9494 -0.2522
vn 0.1307 -0.9756 -0.1762
vn 0.5941 -0.0735 -0.8010
vn 0.2146 0.9328 -0.2894
vn 0.1020 -0.9852 -0.1375
vn 0.5912 -0.1223 -0.7972
vn 0.2416 0.9140 -0.3258
vn 0.0730 -0.9925 -0.0984
vn 0.5869 -0.1708 -0.7914
vn 0.2681 0.8930 -0.3615
vn 0.6377 -0.3133 -0.7036
vn 0.3870 0.8173 -0.4270
vn 0.6267 -0.3595 -0.6914
vn 0.4135 0.7880 -0.4562
vn 0.6141 -0.4048 -0.6775
vn 0.4389 0.7568 -0.4843
vn 0.6000 -0.4492 -0.6620
vn 0.4634 0.7238 -0.5112
vn 0.5845 -0.4924 -0.6449
vn 0.4867 0.6891 -0.5369
vn 0.5676 -0.5345 -0.6262
vn 0.5088 0.6527 -0.5613
vn 0.5493 -0.5753 -0.6060
vn 0.5297 0.6148 -0.5844
vn 0.5297 -0.6148 -0.5844
vn 0.5493 0.5753 -0.6060
vn 0.5088 -0.6527 -0.5613
vn 0.5676 0.5345 -0.6262
vn 0.4867 -0.6891 -0.5369
vn 0.5845 0.4924 -0.6449
vn 0.4634 -0.7238 -0.5112
vn 0.6000 0.4492 -0.6620
vn 0.4389 -0.7568 -0.4843
vn 0.6141 0.4048 -0.6775
vn 0.4135 -0.7880 -0.4562
vn 0.6267 0.3595 -0.6914
vn 0.3870 -0.8173 -0.4270
vn 0.6377 0.3133 -0.7036
vn 0.3596 -0.8446 -0.3967
vn 0.6473 0.2664 -0.7142
vn 0.0165 0.9997 -0.0182
vn 0.3313 -0.8698 -0.3655
vn 0.6553 0.2189 -0.7230
vn 0.0495 0.9973 -0.0546
vn 0.3022 -0.8930 -0.3335
vn 0.6617 0.1708 -0.7301
vn 0.0823 0.9925 -0.0908
vn 0.2724 -0.9140 -0.3006
vn 0.6665 0.1223 -0.7354
vn 0.1149 0.9852 -0.1268
vn 0.2419 -0.9328 -0.2669
vn 0.6697 0.0735 -0.7389
vn 0.1473 0.9756 -0.1625
vn 0.2109 -0.9494 -0.2327
vn 0.6714 0.0245 -0.7407
vn 0.1793 0.9637 -0.1978
vn 0.1793 -0.9637 -0.1978
vn 0.6714 -0.0245 -0.7407
vn 0.2109 0.9494 -0.2327
vn 0.1473 -0.9756 -0.1625
vn 0.6697 -0.0735 -0.7389
vn 0.2419 0.9328 -0.2669
vn 0.1149 -0.9852 -0.1268
vn 0.6665 -0.1223 -0.7354
vn 0.2724 0.9140 -0.3006
vn 0.0823 -0.9925 -0.0908
vn 0.6617 -0.1708 -0.7301
vn 0.3022 0.8930 -0.3335
vn 0.0495 -0.9973 -0.0546
vn 0.6553 -0.2189 -0.7230
vn 0.3313 0.8698 -0.3655
vn 0.0165 -0.9997 -0.0182
vn 0.6473 -0.2664 -0.7142
vn 0.3596 0.8446 -0.3967
vn 0.6775 -0.4048 -0.6141
vn 0.4843 0.7568 -0.4389
vn 0.6620 -0.4492 -0.6000
vn 0.5112 0.7238 -0.4634
vn 0.6449 -0.4924 -0.5845
vn 0.5369 0.6891 -0.4867
vn 0.6262 -0.5345 -0.5676
vn 0.5613 0.6527 -0.5088
vn 0.6060 -0.5753 -0.5493
vn 0.5844 0.6148 -0.5297
vn 0.5844 -0.6148 -0.5297
vn 0.6060 0.5753 -0.5493
vn 0.5613 -0.6527 -0.5088
vn 0.6262 0.5345 -0.5676
vn 0.5369 -0.6891 -0.4867
vn 0.6449 0.4924 -0.5845
vn 0.5112 -0.7238 -0.4634
vn 0.6620 0.4492 -0.6000
vn 0.4843 -0.7568 -0.4389
vn 0.6775 0.4048 -0.6141
vn 0.4562 -0.7880 -0.4135
vn 0.6914 0.3595 -0.6267
vn 0.4270 -0.8173 -0.3870
vn 0.7036 0.3133 -0.6377
vn 0.3967 -0.8446 -0.3596
vn 0.7142 0.2664 -0.6473
vn 0.0182 0.9997 -0.0165
vn 0.3655 -0.8698 -0.3313
vn 0.7230 0.2188 -0.6553
vn 0.0546 0.9973 -0.0495
vn 0.3335 -0.8930 -0.3022
vn 0.7301 0.1708 -0.6617
vn 0.0908 0.9925 -0.0823
vn 0.3006 -0.9140 -0.2724
vn 0.7354 0.1223 -0.6665
vn 0.1268 0.9852 -0.1149
vn 0.2669 -0.9328 -0.2419
vn 0.7389 0.0735 -0.6697
vn 0.1625 0.9756 -0.1473
vn 0.2327 -0.9494 -0.2109
vn 0.7407 0.0245 -0.6714
vn 0.1978 0.9637 -0.1793
vn 0.1978 -0.9637 -0.1793
vn 0.7407 -0.0245 -0.6714
vn 0.2327 0.9494 -0.2109
vn 0.1625 -0.9756 -0.1473
vn 0.7389 -0.0735 -0.6697
vn 0.2669 0.9328 -0.2419
vn 0.1268 -0.9852 -0.1149
vn 0.7354 -0.1223 -0.6665
vn 0.3006 0.9140 -0.2724
vn 0.0908 -0.9925 -0.0823
vn 0.7301 -0.1708 -0.6617
vn 0.3335 0.8930 -0.3022
vn 0.0546 -0.9973 -0.0495
vn 0.7230 -0.2188 -0.6553
vn 0.3655 0.8698 -0.3313
vn 0.0182 -0.9997 -0.0165
vn 0.7142 -0.2664 -0.6473
vn 0.3967 0.8446 -0.3596
vn 0.7036 -0.3133 -0.6377
vn 0.4270 0.8173 -0.3870
vn 0.6914 -0.3595 -0.6267
vn 0.4562 0.7880 -0.4135
vn 0.6991 -0.4924 -0.5185
vn 0.5821 0.6891 -0.4317
vn 0.6788 -0.5345 -0.5035
vn 0.6085 0.6527 -0.4513
vn 0.6570 -0.5753 -0.4872
vn 0.6335 0.6148 -0.4698
vn 0.6335 -0.6148 -0.4698
vn 0.6570 0.5753 -0.4872
vn 0.6085 -0.6527 -0.4513
vn 0.6788 0.5345 -0.5035
vn 0.5821 -0.6891 -0.4317
vn 0.6991 0.4924 -0.5185
vn 0.5542 -0.7238 -0.4110
vn 0.7176 0.4492 -0.5322
vn 0.5250 -0.7568 -0.3894
vn 0.7344 0.4048 -0.5447
vn 0.4945 -0.7880 -0.3668
vn 0.7495 0.3595 -0.5559
vn 0.4629 -0.8173 -0.3433
vn 0.7628 0.3133 -0.5657
vn 0.4301 -0.8446 -0.3190
vn 0.7742 0.2664 -0.5742
vn 0.0197 0.9997 -0.0146
vn 0.3963 -0.8698 -0.2939
vn 0.7837 0.2189 -0.5813
vn 0.0592 0.9973 -0.0439
vn 0.3615 -0.8930 -0.2681
vn 0.7914 0.1708 -0.5869
vn 0.0984 0.9925 -0.0730
vn 0.3258 -0.9140 -0.2416
vn 0.7972 0.1223 -0.5912
vn 0.1375 0.9852 -0.1020
vn 0.2894 -0.9328 -0.2146
vn 0.8010 0.0735 -0.5941
vn 0.1762 0.9756 -0.1307
vn 0.2522 -0.9494 -0.1871
vn 0.8030 0.0245 -0.5955
vn 0.2145 0.9637 -0.1591
vn 0.2145 -0.9637 -0.1591
vn 0.8030 -0.0245 -0.5955
vn 0.2522 0.9494 -0.1871
vn 0.1762 -0.9756 -0.1307
vn 0.8010 -0.0735 -0.5941
vn 0.2894 0.9328 -0.2146
vn 0.1375 -0.9852 -0.1020
vn 0.7972 -0.1223 -0.5912
vn 0.3258 0.9140 -0.2416
vn 0.0984 -0.9925 -0.0730
vn 0.7914 -0.1708 -0.5869
vn 0.3615 0.8930 -0.2681
vn 0.0592 -0.9973 -0.0439
vn 0.7837 -0.2189 -0.5813
vn 0.3963 0.8698 -0.2939
vn 0.0197 -0.9997 -0.0146
vn 0.7742 -0.2664 -0.5742
vn 0.4301 0.8446 -0.3190
vn 0.7628 -0.3133 -0.5657
vn 0.4629 0.8173 -0.3433
vn 0.7495 -0.3595 -0.5559
vn 0.4945 0.7880 -0.3668
vn 0.7344 -0.4048 -0.5447
vn 0.5250 0.7568 -0.3894
vn 0.7176 -0.4492 -0.5322
vn 0.5542 0.7238 -0.4110
vn 0.7015 -0.5753 -0.4205
vn 0.6765 0.6148 -0.4055
vn 0.6765 -0.6148 -0.4055
vn 0.7015 0.5753 -0.4205
vn 0.6498 -0.6527 -0.3895
vn 0.7249 0.5345 -0.4345
vn 0.6216 -0.6891 -0.3726
vn 0.7465 0.4924 -0.4474
vn 0.5918 -0.7238 -0.3547
vn 0.7663 0.4492 -0.4593
vn 0.5606 -0.7568 -0.3360
vn 0.7843 0.4048 -0.4701
vn 0.5281 -0.7880 -0.3165
vn 0.8004 0.3595 -0.4797
vn 0.4943 -0.8173 -0.2963
vn 0.8145 0.3133 -0.4882
vn 0.4593 -0.8446 -0.2753
vn 0.8267 0.2664 -0.4955
vn 0.0211 0.9997 -0.0126
vn 0.4232 -0.8698 -0.2536
vn 0.8369 0.2189 -0.5016
vn 0.0632 0.9973 -0.0379
vn 0.3860 -0.8930 -0.2314
vn 0.8451 0.1708 -0.5066
vn 0.1051 0.9925 -0.0630
vn 0.3479 -0.9140 -0.2085
vn 0.8513 0.1223 -0.5102
vn 0.1468 0.9852 -0.0880
vn 0.3090 -0.9328 -0.1852
vn 0.8554 0.0735 -0.5127
vn 0.1881 0.9756 -0.1128
vn 0.2693 -0.9494 -0.1614
vn 0.8575 0.0245 -0.5139
vn 0.2290 0.9637 -0.1373
vn 0.2290 -0.9637 -0.1373
vn 0.8575 -0.0245 -0.5139
vn 0.2693 0.9494 -0.1614
vn 0.1881 -0.9756 -0.1128
vn 0.8554 -0.0735 -0.5127
vn 0.3090 0.9328 -0.1852
vn 0.1468 -0.9852 -0.0880
vn 0.8513 -0.1223 -0.5102
vn 0.3479 0.9140 -0.2085
vn 0.1051 -0.9925 -0.0630
vn 0.8451 -0.1708 -0.5066
vn 0.3860 0.8930 -0.2314
vn 0.0632 -0.9973 -0.0379
vn 0.8369 -0.2189 -0.5016
vn 0.4232 0.8698 -0.2536
vn 0.0211 -0.9997 -0.0126
vn 0.8267 -0.2664 -0.4955
vn 0.4593 0.8446 -0.2753
vn 0.8145 -0.3133 -0.4882
vn 0.4943 0.8173 -0.2963
vn 0.8004 -0.3595 -0.4797
vn 0.5281 0.7880 -0.3165
vn 0.7843 -0.4048 -0.4701
vn 0.5606 0.7568 -0.3360
vn 0.7663 -0.4492 -0.4593
vn 0.5918 0.7238 -0.3547
vn 0.7465 -0.4924 -0.4474
vn 0.6216 0.6891 -0.3726
vn 0.7249 -0.5345 -0.4345
vn 0.6498 0.6527 -0.3895
vn 0.6849 -0.6527 -0.3239
vn 0.7640 0.5345 -0.3613
vn 0.6551 -0.6891 -0.3098
vn 0.7868 0.4924 -0.3721
vn 0.6237 -0.7238 -0.2950
vn 0.8077 0.4492 -0.3820
vn 0.5909 -0.7568 -0.2795
vn 0.8266 0.4048 -0.3910
vn 0.5566 -0.7880 -0.2632
vn 0.8435 0.3595 -0.3990
vn 0.5209 -0.8173 -0.2464
vn 0.8585 0.3133 -0.4060
vn 0.4840 -0.8446 -0.2289
vn 0.8713 0.2664 -0.4121
vn 0.0222 0.9997 -0.0105
vn 0.4460 -0.8698 -0.2109
vn 0.8821 0.2189 -0.4172
vn 0.0666 0.9973 -0.0315
vn 0.4068 -0.8930 -0.1924
vn 0.8907 0.1708 -0.4213
vn 0.1108 0.9925 -0.0524
vn 0.3667 -0.9140 -0.1734
vn 0.8972 0.1223 -0.4243
vn 0.1547 0.9852 -0.0732
vn 0.3257 -0.9328 -0.1540
vn 0.9015 0.0735 -0.4264
vn 0.1983 0.9756 -0.0938
vn 0.2839 -0.9494 -0.1343
vn 0.9037 0.0245 -0.4274
vn 0.2414 0.9637 -0.1142
vn 0.2414 -0.9637 -0.1142
vn 0.9037 -0.0245 -0.4274
vn 0.2839 0.9494 -0.1343
vn 0.1983 -0.9756 -0.0938
vn 0.9015 -0.0735 -0.4264
vn 0.3257 0.9328 -0.1540
vn 0.1547 -0.9852 -0.0732
vn 0.8972 -0.1223 -0.4243
vn 0.3667 0.9140 -0.1734
vn 0.1108 -0.9925 -0.0524
vn 0.8907 -0.1708 -0.4213
vn 0.4068 0.8930 -0.1924
vn 0.0666 -0.9973 -0.0315
vn 0.8821 -0.2189 -0.4172
vn 0.4460 0.8698 -0.2109
vn 0.0222 -0.9997 -0.0105
vn 0.8713 -0.2664 -0.4121
vn 0.4840 0.8446 -0.2289
vn 0.8585 -0.3133 -0.4060
vn 0.5209 0.8173 -0.2464
vn 0.8435 -0.3595 -0.3990
vn 0.5566 0.7880 -0.2632
vn 0.8266 -0.4048 -0.3910
vn 0.5909 0.7568 -0.2795
vn 0.8077 -0.4492 -0.3820
vn 0.6237 0.7238 -0.2950
vn 0.7868 -0.4924 -0.3721
vn 0.6551 0.6891 -0.3098
vn 0.7640 -0.5345 -0.3613
vn 0.6849 0.6527 -0.3239
vn 0.7394 -0.5753 -0.3497
vn 0.7130 0.6148 -0.3372
vn 0.7130 -0.6148 -0.3372
vn 0.7394 0.5753 -0.3497
vn 0.6496 -0.7238 -0.2324
vn 0.8412 0.4492 -0.3010
vn 0.6154 -0.7568 -0.2202
vn 0.8609 0.4048 -0.3080
vn 0.5797 -0.7880 -0.2074
vn 0.8786 0.3595 -0.3144
vn 0.5426 -0.8173 -0.1941
vn 0.8941 0.3133 -0.3199
vn 0.5042 -0.8446 -0.1804
vn 0.9075 0.2664 -0.3247
vn 0.0231 0.9997 -0.0083
vn 0.4645 -0.8698 -0.1662
vn 0.9187 0.2189 -0.3287
vn 0.0693 0.9973 -0.0248
vn 0.4237 -0.8930 -0.1516
vn 0.9277 0.1708 -0.3319
vn 0.1154 0.9925 -0.0413
vn 0.3819 -0.9140 -0.1367
vn 0.9345 0.1223 -0.3344
vn 0.1612 0.9852 -0.0577
vn 0.3392 -0.9328 -0.1214
vn 0.9390 0.0735 -0.3360
vn 0.2065 0.9756 -0.0739
vn 0.2957 -0.9494 -0.1058
vn 0.9413 0.0245 -0.3368
vn 0.2514 0.9637 -0.0900
vn 0.2514 -0.9637 -0.0900
vn 0.9413 -0.0245 -0.3368
vn 0.2957 0.9494 -0.1058
vn 0.2065 -0.9756 -0.0739
vn 0.9390 -0.0735 -0.3360
vn 0.3392 0.9328 -0.1214
vn 0.1612 -0.9852 -0.0577
vn 0.9345 -0.1223 -0.3344
vn 0.3819 0.9140 -0.1367
vn 0.1154 -0.9925 -0.0413
vn 0.9277 -0.1708 -0.3319
vn 0.4237 0.8930 -0.1516
vn 0.0693 -0.9973 -0.0248
vn 0.9187 -0.2189 -0.3287
vn 0.4645 0.8698 -0.1662
vn 0.0231 -0.9997 -0.0083
vn 0.9075 -0.2664 -0.3247
vn 0.5042 0.8446 -0.1804
vn 0.8941 -0.3133 -0.3199
vn 0.5426 0.8173 -0.1941
vn 0.8786 -0.3595 -0.3144
vn 0.5797 0.7880 -0.2074
vn 0.8609 -0.4048 -0.3080
vn 0.6154 0.7568 -0.2202
vn 0.8412 -0.4492 -0.3010
vn 0.6496 0.7238 -0.2324
vn 0.8195 -0.4924 -0.2932
vn 0.6823 0.6891 -0.2441
vn 0.7957 -0.5345 -0.2847
vn 0.7133 0.6527 -0.2552
vn 0.7701 -0.5753 -0.2755
vn 0.7426 0.6148 -0.2657
vn 0.7426 -0.6148 -0.2657
vn 0.7701 0.5753 -0.2755
vn 0.7133 -0.6527 -0.2552
vn 0.7957 0.5345 -0.2847
vn 0.6823 -0.6891 -0.2441
vn 0.8195 0.4924 -0.2932
vn 0.7651 -0.6148 -0.1916
vn 0.9052 0.3595 -0.2267
vn 0.7349 -0.6527 -0.1841
vn 0.9212 0.3133 -0.2307
vn 0.7029 -0.6891 -0.1761
vn 0.0238 0.9997 -0.0060
vn 0.6693 -0.7238 -0.1677
vn 0.6340 -0.7568 -0.1588
vn 0.0714 0.9973 -0.0179
vn 0.5972 -0.7880 -0.1496
vn 0.1189 0.9925 -0.0298
vn 0.5590 -0.8173 -0.1400
vn 0.1660 0.9852 -0.0416
vn 0.5194 -0.8446 -0.1301
vn 0.2128 0.9756 -0.0533
vn 0.9350 0.2664 -0.2342
vn 0.4786 -0.8698 -0.1199
vn 0.2590 0.9637 -0.0649
vn 0.9465 0.2189 -0.2371
vn 0.4366 -0.8930 -0.1094
vn 0.3046 0.9494 -0.0763
vn 0.9558 0.1708 -0.2394
vn 0.3935 -0.9140 -0.0986
vn 0.3495 0.9328 -0.0875
vn 0.9628 0.1223 -0.2412
vn 0.3495 -0.9328 -0.0875
vn 0.3935 0.9140 -0.0986
vn 0.9674 0.0735 -0.2423
vn 0.3046 -0.9494 -0.0763
vn 0.4366 0.8930 -0.1094
vn 0.9697 0.0245 -0.2429
vn 0.2590 -0.9637 -0.0649
vn 0.4786 0.8698 -0.1199
vn 0.9697 -0.0245 -0.2429
vn 0.2128 -0.9756 -0.0533
vn 0.5194 0.8446 -0.1301
vn 0.9674 -0.0735 -0.2423
vn 0.1660 -0.9852 -0.0416
vn 0.5590 0.8173 -0.1400
vn 0.9628 -0.1223 -0.2412
vn 0.1189 -0.9925 -0.0298
vn 0.5972 0.7880 -0.1496
vn 0.9558 -0.1708 -0.2394
vn 0.0714 -0.9973 -0.0179
vn 0.6340 0.7568 -0.1588
vn 0.9465 -0.2189 -0.2371
vn 0.0238 -0.9997 -0.0060
vn 0.6693 0.7238 -0.1677
vn 0.9350 -0.2664 -0.2342
vn 0.7029 0.6891 -0.1761
vn 0.9212 -0.3133 -0.2307
vn 0.7349 0.6527 -0.1841
vn 0.9052 -0.3595 -0.2267
vn 0.7651 0.6148 -0.1916
vn 0.8870 -0.4048 -0.2222
vn 0.7934 0.5753 -0.1987
vn 0.8667 -0.4492 -0.2171
vn 0.8198 0.5345 -0.2054
vn 0.8443 -0.4924 -0.2115
vn 0.8443 0.4924 -0.2115
vn 0.8198 -0.5345 -0.2054
vn 0.8667 0.4492 -0.2171
vn 0.7934 -0.5753 -0.1987
vn 0.8870 0.4048 -0.2222
vn 0.7168 -0.6891 -0.1063
vn 0.8609 0.4924 -0.1277
vn 0.6825 -0.7238 -0.1012
vn 0.8838 0.4492 -0.1311
vn 0.6465 -0.7568 -0.0959
vn 0.9045 0.4048 -0.1342
vn 0.6090 -0.7880 -0.0903
vn 0.9230 0.3595 -0.1369
vn 0.5700 -0.8173 -0.0846
vn 0.9394 0.3133 -0.1393
vn 0.5297 -0.8446 -0.0786
vn 0.9534 0.2664 -0.1414
vn 0.0243 0.9997 -0.0036
vn 0.4880 -0.8698 -0.0724
vn 0.9652 0.2189 -0.1432
vn 0.0729 0.9973 -0.0108
vn 0.4452 -0.8930 -0.0660
vn 0.9746 0.1708 -0.1446
vn 0.1212 0.9925 -0.0180
vn 0.4013 -0.9140 -0.0595
vn 0.9818 0.1223 -0.1456
vn 0.1693 0.9852 -0.0251
vn 0.3564 -0.9328 -0.0529
vn 0.9865 0.0735 -0.1463
vn 0.2170 0.9756 -0.0322
vn 0.3106 -0.9494 -0.0461
vn 0.9889 0.0245 -0.1467
vn 0.2641 0.9637 -0.0392
vn 0.2641 -0.9637 -0.0392
vn 0.9889 -0.0245 -0.1467
vn 0.3106 0.9494 -0.0461
vn 0.2170 -0.9756 -0.0322
vn 0.9865 -0.0735 -0.1463
vn 0.3564 0.9328 -0.0529
vn 0.1693 -0.9852 -0.0251
vn 0.9818 -0.1223 -0.1456
vn 0.4013 0.9140 -0.0595
vn 0.1212 -0.9925 -0.0180
vn 0.9746 -0.1708 -0.1446
vn 0.4452 0.8930 -0.0660
vn 0.0729 -0.9973 -0.0108
vn 0.9652 -0.2189 -0.1432
vn 0.4880 0.8698 -0.0724
vn 0.0243 -0.9997 -0.0036
vn 0.9534 -0.2664 -0.1414
vn 0.5297 0.8446 -0.0786
vn 0.9394 -0.3133 -0.1393
vn 0.5700 0.8173 -0.0846
vn 0.9230 -0.3595 -0.1369
vn 0.6090 0.7880 -0.0903
vn 0.9045 -0.4048 -0.1342
vn 0.6465 0.7568 -0.0959
vn 0.8838 -0.4492 -0.1311
vn 0.6825 0.7238 -0.1012
vn 0.8609 -0.4924 -0.1277
vn 0.7168 0.6891 -0.1063
vn 0.8360 -0.5345 -0.1240
vn 0.7494 0.6527 -0.1112
vn 0.8091 -0.5753 -0.1200
vn 0.7802 0.6148 -0.1157
vn 0.7802 -0.6148 -0.1157
vn 0.8091 0.5753 -0.1200
vn 0.7494 -0.6527 -0.1112
vn 0.8360 0.5345 -0.1240
vn 0.6528 -0.7568 -0.0321
vn 0.9133 0.4048 -0.0449
vn 0.6149 -0.7880 -0.0302
vn 0.9320 0.3595 -0.0458
vn 0.5756 -0.8173 -0.0283
vn 0.9485 0.3133 -0.0466
vn 0.5348 -0.8446 -0.0263
vn 0.9627 0.2664 -0.0473
vn 0.0245 0.9997 -0.0012
vn 0.4928 -0.8698 -0.0242
vn 0.9746 0.2189 -0.0479
vn 0.0736 0.9973 -0.0036
vn 0.4495 -0.8930 -0.0221
vn 0.9841 0.1708 -0.0483
vn 0.1224 0.9925 -0.0060
vn 0.4052 -0.9140 -0.0199
vn 0.9913 0.1223 -0.0487
vn 0.1710 0.9852 -0.0084
vn 0.3598 -0.9328 -0.0177
vn 0.9961 0.0735 -0.0489
vn 0.2191 0.9756 -0.0108
vn 0.3136 -0.9494 -0.0154
vn 0.9985 0.0245 -0.0491
vn 0.2667 0.9637 -0.0131
vn 0.2667 -0.9637 -0.0131
vn 0.9985 -0.0245 -0.0491
vn 0.3136 0.9494 -0.0154
vn 0.2191 -0.9756 -0.0108
vn 0.9961 -0.0735 -0.0489
vn 0.3598 0.9328 -0.0177
vn 0.1710 -0.9852 -0.0084
vn 0.9913 -0.1223 -0.0487
vn 0.4052 0.9140 -0.0199
vn 0.1224 -0.9925 -0.0060
vn 0.9841 -0.1708 -0.0483
vn 0.4495 0.8930 -0.0221
vn 0.0736 -0.9973 -0.0036
vn 0.9746 -0.2189 -0.0479
vn 0.4928 0.8698 -0.0242
vn 0.0245 -0.9997 -0.0012
vn 0.9627 -0.2664 -0.0473
vn 0.5348 0.8446 -0.0263
vn 0.9485 -0.3133 -0.0466
vn 0.5756 0.8173 -0.0283
vn 0.9320 -0.3595 -0.0458
vn 0.6149 0.7880 -0.0302
vn 0.9133 -0.4048 -0.0449
vn 0.6528 0.7568 -0.0321
vn 0.8924 -0.4492 -0.0438
vn 0.6891 0.7238 -0.0339
vn 0.8693 -0.4924 -0.0427
vn 0.7238 0.6891 -0.0356
vn 0.8441 -0.5345 -0.0415
vn 0.7567 0.6527 -0.0372
vn 0.8169 -0.5753 -0.0401
vn 0.7878 0.6148 -0.0387
vn 0.7878 -0.6148 -0.0387
vn 0.8169 0.5753 -0.0401
vn 0.7567 -0.6527 -0.0372
vn 0.8441 0.5345 -0.0415
vn 0.7238 -0.6891 -0.0356
vn 0.8693 0.4924 -0.0427
vn 0.6891 -0.7238 -0.0339
vn 0.8924 0.4492 -0.0438
vn 0.5756 -0.8173 0.0283
vn 0.9485 0.3133 0.0466
vn 0.5348 -0.8446 0.0263
vn 0.9627 0.2664 0.0473
vn 0.0245 0.9997 0.0012
vn 0.4928 -0.8698 0.0242
vn 0.9746 0.2189 0.0479
vn 0.0736 0.9973 0.0036
vn 0.4495 -0.8930 0.0221
vn 0.9841 0.1708 0.0483
vn 0.1224 0.9925 0.0060
vn 0.4052 -0.9140 0.0199
vn 0.9913 0.1223 0.0487
vn 0.1710 0.9852 0.0084
vn 0.3598 -0.9328 0.0177
vn 0.9961 0.0735 0.0489
vn 0.2191 0.9756 0.0108
vn 0.3136 -0.9494 0.0154
vn 0.9985 0.0245 0.0491
vn 0.2667 0.9637 0.0131
vn 0.2667 -0.9637 0.0131
vn 0.9985 -0.0245 0.0491
vn 0.3136 0.9494 0.0154
vn 0.2191 -0.9756 0.0108
vn 0.9961 -0.0735 0.0489
vn 0.3598 0.9328 0.0177
vn 0.1710 -0.9852 0.0084
vn 0.9913 -0.1223 0.0487
vn 0.4052 0.9140 0.0199
vn 0.1224 -0.9925 0.0060
vn 0.9841 -0.1708 0.0483
vn 0.4495 0.8930 0.0221
vn 0.0736 -0.9973 0.0036
vn 0.9746 -0.2189 0.0479
vn 0.4928 0.8698 0.0242
vn 0.0245 -0.9997 0.0012
vn 0.9627 -0.2664 0.0473
vn 0.5348 0.8446 0.0263
vn 0.9485 -0.3133 0.0466
vn 0.5756 0.8173 0.0283
vn 0.9320 -0.3595 0.0458
vn 0.6150 0.7880 0.0302
vn 0.9133 -0.4048 0.0449
vn 0.6528 0.7568 0.0321
vn 0.8924 -0.4492 0.0438
vn 0.6891 0.7238 0.0339
vn 0.8693 -0.4924 0.0427
vn 0.7238 0.6891 0.0356
vn 0.8441 -0.5345 0.0415
vn 0.7567 0.6527 0.0372
vn 0.8169 -0.5753 0.0401
vn 0.7878 0.6148 0.0387
vn 0.7878 -0.6148 0.0387
vn 0.8169 0.5753 0.0401
vn 0.7567 -0.6527 0.0372
vn 0.8441 0.5345 0.0415
vn 0.7238 -0.6891 0.0356
vn 0.8693 0.4924 0.0427
vn 0.6891 -0.7238 0.0339
vn 0.8924 0.4492 0.0438
vn 0.6528 -0.7568 0.0321
vn 0.9133 0.4048 0.0449
vn 0.6150 -0.7880 0.0302
vn 0.9320 0.3595 0.0458
vn 0.4880 -0.8698 0.0724
vn 0.9652 0.2189 0.1432
vn 0.0729 0.9973 0.0108
vn 0.4452 -0.8930 0.0660
vn 0.9746 0.1708 0.1446
vn 0.1212 0.9925 0.0180
vn 0.4013 -0.9140 0.0595
vn 0.9818 0.1223 0.1456
vn 0.1693 0.9852 0.0251
vn 0.3564 -0.9328 0.0529
vn 0.9865 0.0735 0.1463
vn 0.2170 0.9756 0.0322
vn 0.3106 -0.9494 0.0461
vn 0.9889 0.0245 0.1467
vn 0.2641 0.9637 0.0392
vn 0.2641 -0.9637 0.0392
vn 0.9889 -0.0245 0.1467
vn 0.3106 0.9494 0.0461
vn 0.2170 -0.9756 0.0322
vn 0.9865 -0.0735 0.1463
vn 0.3564 0.9328 0.0529
vn 0.1693 -0.9852 0.0251
vn 0.9818 -0.1223 0.1456
vn 0.4013 0.9140 0.0595
vn 0.1212 -0.9925 0.0180
vn 0.9746 -0.1708 0.1446
vn 0.4452 0.8930 0.0660
vn 0.0729 -0.9973 0.0108
vn 0.9652 -0.2189 0.1432
vn 0.4880 0.8698 0.0724
vn 0.0243 -0.9997 0.0036
vn 0.9534 -0.2664 0.1414
vn 0.5297 0.8446 0.0786
vn 0.9394 -0.3133 0.1393
vn 0.5700 0.8173 0.0846
vn 0.9230 -0.3595 0.1369
vn 0.6090 0.7880 0.0903
vn 0.9045 -0.4048 0.1342
vn 0.6465 0.7568 0.0959
vn 0.8838 -0.4492 0.1311
vn 0.6825 0.7238 0.1012
vn 0.8609 -0.4924 0.1277
vn 0.7168 0.6891 0.1063
vn 0.8360 -0.5345 0.1240
vn 0.7494 0.6527 0.1112
vn 0.8091 -0.5753 0.1200
vn 0.7802 0.6148 0.1157
vn 0.7802 -0.6148 0.1157
vn 0.8091 0.5753 0.1200
vn 0.7494 -0.6527 0.1112
vn 0.8360 0.5345 0.1240
vn 0.7168 -0.6891 0.1063
vn 0.8609 0.4924 0.1277
vn 0.6825 -0.7238 0.1012
vn 0.8838 0.4492 0.1311
vn 0.6465 -0.7568 0.0959
vn 0.9045 0.4048 0.1342
vn 0.6090 -0.7880 0.0903
vn 0.9230 0.3595 0.1369
vn 0.5700 -0.8173 0.0846
vn 0.9394 0.3133 0.1393
vn 0.5297 -0.8446 0.0786
vn 0.9534 0.2664 0.1414
vn 0.0243 0.9997 0.0036
vn 0.3935 -0.9140 0.0986
vn 0.9628 0.1223 0.2412
vn 0.1660 0.9852 0.0416
vn 0.3495 -0.9328 0.0875
vn 0.9674 0.0735 0.2423
vn 0.2128 0.9756 0.0533
vn 0.3046 -0.9494 0.0763
vn 0.9697 0.0245 0.2429
vn 0.2590 0.9637 0.0649
vn 0.2590 -0.9637 0.0649
vn 0.9697 -0.0245 0.2429
vn 0.3046 0.9494 0.0763
vn 0.2128 -0.9756 0.0533
vn 0.9674 -0.0735 0.2423
vn 0.3495 0.9328 0.0875
vn 0.1660 -0.9852 0.0416
vn 0.9628 -0.1223 0.2412
vn 0.3935 0.9140 0.0986
vn 0.1189 -0.9925 0.0298
vn 0.9558 -0.1708 0.2394
vn 0.4366 0.8930 0.1094
vn 0.0714 -0.9973 0.0179
vn 0.9465 -0.2189 0.2371
vn 0.4786 0.8698 0.1199
vn 0.0238 -0.9997 0.0060
vn 0.9350 -0.2664 0.2342
vn 0.5194 0.8446 0.1301
vn 0.9212 -0.3133 0.2307
vn 0.5590 0.8173 0.1400
vn 0.9052 -0.3595 0.2267
vn 0.5972 0.7880 0.1496
vn 0.8870 -0.4048 0.2222
vn 0.6340 0.7568 0.1588
vn 0.8667 -0.4492 0.2171
vn 0.6693 0.7238 0.1677
vn 0.8443 -0.4924 0.2115
vn 0.7029 0.6891 0.1761
vn 0.8198 -0.5345 0.2054
vn 0.7349 0.6527 0.1841
vn 0.7934 -0.5753 0.1987
vn 0.7651 0.6148 0.1916
vn 0.7651 -0.6148 0.1916
vn 0.7934 0.5753 0.1987
vn 0.7349 -0.6527 0.1841
vn 0.8198 0.5345 0.2054
vn 0.7029 -0.6891 0.1761
vn 0.8443 0.4924 0.2115
vn 0.6693 -0.7238 0.1677
vn 0.8667 0.4492 0.2171
vn 0.6340 -0.7568 0.1588
vn 0.8870 0.4048 0.2222
vn 0.5972 -0.7880 0.1496
vn 0.9052 0.3595 0.2267
vn 0.5590 -0.8173 0.1400
vn 0.9212 0.3133 0.2307
vn 0.5194 -0.8446 0.1301
vn 0.9350 0.2664 0.2342
vn 0.0238 0.9997 0.0060
vn 0.4786 -0.8698 0.1199
vn 0.9465 0.2189 0.2371
vn 0.0714 0.9973 0.0179
vn 0.4366 -0.8930 0.1094
vn 0.9558 0.1708 0.2394
vn 0.1189 0.9925 0.0298
vn 0.2957 -0.9494 0.1058
vn 0.9413 0.0245 0.3368
vn 0.2514 0.9637 0.0900
vn 0.2514 -0.9637 0.0900
vn 0.9413 -0.0245 0.3368
vn 0.2957 0.9494 0.1058
vn 0.2065 -0.9756 0.0739
vn 0.9390 -0.0735 0.3360
vn 0.3392 0.9328 0.1214
vn 0.1612 -0.9852 0.0577
vn 0.9345 -0.1223 0.3344
vn 0.3819 0.9140 0.1367
vn 0.1154 -0.9925 0.0413
vn 0.9277 -0.1708 0.3319
vn 0.4237 0.8930 0.1516
vn 0.0693 -0.9973 0.0248
vn 0.9187 -0.2189 0.3287
vn 0.4645 0.8698 0.1662
vn 0.0231 -0.9997 0.0083
vn 0.9075 -0.2664 0.3247
vn 0.5042 0.8446 0.1804
vn 0.8941 -0.3133 0.3199
vn 0.5426 0.8173 0.1941
vn 0.8786 -0.3595 0.3144
vn 0.5797 0.7880 0.2074
vn 0.8609 -0.4048 0.3080
vn 0.6154 0.7568 0.2202
vn 0.8412 -0.4492 0.3010
vn 0.6496 0.7238 0.2324
vn 0.8195 -0.4924 0.2932
vn 0.6823 0.6891 0.2441
vn 0.7957 -0.5345 0.2847
vn 0.7133 0.6527 0.2552
vn 0.7701 -0.5753 0.2755
vn 0.7426 0.6148 0.2657
vn 0.7426 -0.6148 0.2657
vn 0.7701 0.5753 0.2755
vn 0.7133 -0.6527 0.2552
vn 0.7957 0.5345 0.2847
vn 0.6823 -0.6891 0.2441
vn 0.8195 0.4924 0.2932
vn 0.6496 -0.7238 0.2324
vn 0.8412 0.4492 0.3010
vn 0.6154 -0.7568 0.2202
vn 0.8609 0.4048 0.3080
vn 0.5797 -0.7880 0.2074
vn 0.8786 0.3595 0.3144
vn 0.5426 -0.8173 0.1941
vn 0.8941 0.3133 0.3199
vn 0.5042 -0.8446 0.1804
vn 0.9075 0.2664 0.3247
vn 0.0232 0.9997 0.0083
vn 0.4645 -0.8698 0.1662
vn 0.9187 0.2189 0.3287
vn 0.0693 0.9973 0.0248
vn 0.4237 -0.8930 0.1516
vn 0.9277 0.1708 0.3319
vn 0.1154 0.9925 0.0413
vn 0.3819 -0.9140 0.1367
vn 0.9345 0.1223 0.3344
vn 0.1612 0.9852 0.0577
vn 0.3392 -0.9328 0.1214
vn 0.9390 0.0735 0.3360
vn 0.2065 0.9756 0.0739
vn 0.1983 -0.9756 0.0938
vn 0.9015 -0.0735 0.4264
vn 0.3257 0.9328 0.1540
vn 0.1547 -0.9852 0.0732
vn 0.8972 -0.1223 0.4243
vn 0.3667 0.9140 0.1734
vn 0.1108 -0.9925 0.0524
vn 0.8907 -0.1708 0.4213
vn 0.4068 0.8930 0.1924
vn 0.0666 -0.9973 0.0315
vn 0.8821 -0.2189 0.4172
vn 0.4460 0.8698 0.2109
vn 0.0222 -0.9997 0.0105
vn 0.8713 -0.2664 0.4121
vn 0.4840 0.8446 0.2289
vn 0.8585 -0.3133 0.4060
vn 0.5209 0.8173 0.2464
vn 0.8435 -0.3595 0.3990
vn 0.5566 0.7880 0.2632
vn 0.8266 -0.4048 0.3910
vn 0.5909 0.7568 0.2795
vn 0.8077 -0.4492 0.3820
vn 0.6237 0.7238 0.2950
vn 0.7868 -0.4924 0.3721
vn 0.6551 0.6891 0.3098
vn 0.7640 -0.5345 0.3613
vn 0.6849 0.6527 0.3239
vn 0.7394 -0.5753 0.3497
vn 0.7130 0.6148 0.3372
vn 0.7130 -0.6148 0.3372
vn 0.7394 0.5753 0.3497
vn 0.6849 -0.6527 0.3239
vn 0.7640 0.5345 0.3613
vn 0.6551 -0.6891 0.3098
vn 0.7868 0.4924 0.3721
vn 0.6237 -0.7238 0.2950
vn 0.8077 0.4492 0.3820
vn 0.5909 -0.7568 0.2795
vn 0.8266 0.4048 0.3910
vn 0.5566 -0.7880 0.2632
vn 0.8435 0.3595 0.3990
vn 0.5209 -0.8173 0.2464
vn 0.8585 0.3133 0.4060
vn 0.4840 -0.8446 0.2289
vn 0.8713 0.2664 0.4121
vn 0.0222 0.9997 0.0105
vn 0.4460 -0.8698 0.2109
vn 0.8821 0.2189 0.4172
vn 0.0666 0.9973 0.0315
vn 0.4068 -0.8930 0.1924
vn 0.8907 0.1708 0.4213
vn 0.1108 0.9925 0.0524
vn 0.3667 -0.9140 0.1734
vn 0.8972 0.1223 0.4243
vn 0.1547 0.9852 0.0732
vn 0.3257 -0.9328 0.1540
vn 0.9015 0.0735 0.4264
vn 0.1983 0.9756 0.0938
vn 0.2839 -0.9494 0.1343
vn 0.9037 0.0245 0.4274
vn 0.2414 0.9637 0.1142
vn 0.2414 -0.9637 0.1142
vn 0.9037 -0.0245 0.4274
vn 0.2839 0.9494 0.1343
vn 0.1051 -0.9925 0.0630
vn 0.8451 -0.1708 0.5066
vn 0.3860 0.8930 0.2314
vn 0.0632 -0.9973 0.0379
vn 0.8369 -0.2189 0.5016
vn 0.4232 0.8698 0.2536
vn 0.0211 -0.9997 0.0126
vn 0.8267 -0.2664 0.4955
vn 0.4593 0.8446 0.2753
vn 0.8145 -0.3133 0.4882
vn 0.4943 0.8173 0.2963
vn 0.8004 -0.3595 0.4797
vn 0.5281 0.7880 0.3165
vn 0.7843 -0.4048 0.4701
vn 0.5606 0.7568 0.3360
vn 0.7663 -0.4492 0.4593
vn 0.5918 0.7238 0.3547
vn 0.7465 -0.4924 0.4474
vn 0.6216 0.6891 0.3726
vn 0.7249 -0.5345 0.4345
vn 0.6498 0.6527 0.3895
vn 0.7015 -0.5753 0.4205
vn 0.6765 0.6148 0.4055
vn 0.6765 -0.6148 0.4055
vn 0.7015 0.5753 0.4205
vn 0.6498 -0.6527 0.3895
vn 0.7249 0.5345 0.4345
vn 0.6216 -0.6891 0.3726
vn 0.7465 0.4924 0.4474
vn 0.5918 -0.7238 0.3547
vn 0.7663 0.4492 0.4593
vn 0.5606 -0.7568 0.3360
vn 0.7843 0.4048 0.4701
vn 0.5281 -0.7880 0.3165
vn 0.8004 0.3595 0.4797
vn 0.4943 -0.8173 0.2963
vn 0.8145 0.3133 0.4882
vn 0.4593 -0.8446 0.2753
vn 0.8267 0.2664 0.4955
vn 0.0211 0.9997 0.0126
vn 0.4232 -0.8698 0.2536
vn 0.8369 0.2189 0.5016
vn 0.0632 0.9973 0.0379
vn 0.3860 -0.8930 0.2314
vn 0.8451 0.1708 0.5066
vn 0.1051 0.9925 0.0630
vn 0.3479 -0.9140 0.2085
vn 0.8513 0.1223 0.5102
vn 0.1468 0.9852 0.0880
vn 0.3090 -0.9328 0.1852
vn 0.8554 0.0735 0.5127
vn 0.1881 0.9756 0.1128
vn 0.2693 -0.9494 0.1614
vn 0.8575 0.0245 0.5139
vn 0.2290 0.9637 0.1373
vn 0.2290 -0.9637 0.1373
vn 0.8575 -0.0245 0.5139
vn 0.2693 0.9494 0.1614
vn 0.1881 -0.9756 0.1128
vn 0.8554 -0.0735 0.5127
vn 0.3090 0.9328 0.1852
vn 0.1468 -0.9852 0.0880
vn 0.8513 -0.1223 0.5102
vn 0.3479 0.9140 0.2085
vn 0.0197 -0.9997 0.0146
vn 0.7742 -0.2664 0.5742
vn 0.4301 0.8446 0.3190
vn 0.7628 -0.3133 0.5657
vn 0.4629 0.8173 0.3433
vn 0.7495 -0.3595 0.5559
vn 0.4945 0.7880 0.3668
vn 0.7344 -0.4048 0.5447
vn 0.5250 0.7568 0.3894
vn 0.7176 -0.4492 0.5322
vn 0.5542 0.7238 0.4110
vn 0.6991 -0.4924 0.5185
vn 0.5821 0.6891 0.4317
vn 0.6788 -0.5345 0.5035
vn 0.6085 0.6527 0.4513
vn 0.6570 -0.5753 0.4872
vn 0.6335 0.6148 0.4698
vn 0.6335 -0.6148 0.4698
vn 0.6570 0.5753 0.4872
vn 0.6085 -0.6527 0.4513
vn 0.6788 0.5345 0.5035
vn 0.5821 -0.6891 0.4317
vn 0.6991 0.4924 0.5185
vn 0.5542 -0.7238 0.4110
vn 0.7176 0.4492 0.5322
vn 0.5250 -0.7568 0.3894
vn 0.7344 0.4048 0.5447
vn 0.4945 -0.7880 0.3668
vn 0.7495 0.3595 0.5559
vn 0.4629 -0.8173 0.3433
vn 0.7628 0.3133 0.5657
vn 0.4301 -0.8446 0.3190
vn 0.7742 0.2664 0.5742
vn 0.0197 0.9997 0.0146
vn 0.3963 -0.8698 0.2939
vn 0.7837 0.2189 0.5813
vn 0.0592 0.9973 0.0439
vn 0.3615 -0.8930 0.2681
vn 0.7914 0.1708 0.5870
vn 0.0984 0.9925 0.0730
vn 0.3258 -0.9140 0.2416
vn 0.7972 0.1223 0.5912
vn 0.1375 0.9852 0.1020
vn 0.2894 -0.9328 0.2146
vn 0.8010 0.0735 0.5941
vn 0.1762 0.9756 0.1307
vn 0.2522 -0.9494 0.1871
vn 0.8030 0.0245 0.5955
vn 0.2145 0.9637 0.1591
vn 0.2145 -0.9637 0.1591
vn 0.8030 -0.0245 0.5955
vn 0.2522 0.9494 0.1871
vn 0.1762 -0.9756 0.1307
vn 0.8010 -0.0735 0.5941
vn 0.2894 0.9328 0.2146
vn 0.1375 -0.9852 0.1020
vn 0.7972 -0.1223 0.5912
vn 0.3258 0.9140 0.2416
vn 0.0984 -0.9925 0.0730
vn 0.7914 -0.1708 0.5870
vn 0.3615 0.8930 0.2681
vn 0.0592 -0.9973 0.0439
vn 0.7837 -0.2189 0.5813
vn 0.3963 0.8698 0.2939
vn 0.6914 -0.3595 0.6267
vn 0.4562 0.7880 0.4135
vn 0.6775 -0.4048 0.6141
vn 0.4843 0.7568 0.4389
vn 0.6620 -0.4492 0.6000
vn 0.5112 0.7238 0.4634
vn 0.6449 -0.4924 0.5845
vn 0.5369 0.6891 0.4867
vn 0.6262 -0.5345 0.5676
vn 0.5613 0.6527 0.5088
vn 0.6060 -0.5753 0.5493
vn 0.5844 0.6148 0.5297
vn 0.5844 -0.6148 0.5297
vn 0.6060 0.5753 0.5493
vn 0.5613 -0.6527 0.5088
vn 0.6262 0.5345 0.5676
vn 0.5369 -0.6891 0.4867
vn 0.6449 0.4924 0.5845
vn 0.5112 -0.7238 0.4634
vn 0.6620 0.4492 0.6000
vn 0.4843 -0.7568 0.4389
vn 0.6775 0.4048 0.6141
vn 0.4562 -0.7880 0.4135
vn 0.6914 0.3595 0.6267
vn 0.4270 -0.8173 0.3870
vn 0.7036 0.3133 0.6377
vn 0.3967 -0.8446 0.3596
vn 0.7142 0.2664 0.6473
vn 0.0182 0.9997 0.0165
vn 0.3655 -0.8698 0.3313
vn 0.7230 0.2189 0.6553
vn 0.0546 0.9973 0.0495
vn 0.3335 -0.8930 0.3022
vn 0.7301 0.1708 0.6617
vn 0.0908 0.9925 0.0823
vn 0.3006 -0.9140 0.2724
vn 0.7354 0.1223 0.6665
vn 0.1268 0.9852 0.1149
vn 0.2669 -0.9328 0.2419
vn 0.7389 0.0735 0.6697
vn 0.1625 0.9756 0.1473
vn 0.2327 -0.9494 0.2109
vn 0.7407 0.0245 0.6714
vn 0.1978 0.9637 0.1793
vn 0.1978 -0.9637 0.1793
vn 0.7407 -0.0245 0.6714
vn 0.2327 0.9494 0.2109
vn 0.1625 -0.9756 0.1473
vn 0.7389 -0.0735 0.6697
vn 0.2669 0.9328 0.2419
vn 0.1268 -0.9852 0.1149
vn 0.7354 -0.1223 0.6665
vn 0.3006 0.9140 0.2724
vn 0.0908 -0.9925 0.0823
vn 0.7301 -0.1708 0.6617
vn 0.3335 0.8930 0.3022
vn 0.0546 -0.9973 0.0495
vn 0.7230 -0.2189 0.6553
vn 0.3655 0.8698 0.3313
vn 0.0182 -0.9997 0.0165
vn 0.7142 -0.2664 0.6473
vn 0.3967 0.8446 0.3596
vn 0.7036 -0.3133 0.6377
vn 0.4270 0.8173 0.3870
vn 0.6000 -0.4492 0.6620
vn 0.4634 0.7238 0.5112
vn 0.5845 -0.4924 0.6449
vn 0.4867 0.6891 0.5369
vn 0.5676 -0.5345 0.6262
vn 0.5088 0.6527 0.5613
vn 0.5493 -0.5753 0.6060
vn 0.5297 0.6148 0.5844
vn 0.5297 -0.6148 0.5844
vn 0.5493 0.5753 0.6060
vn 0.5088 -0.6527 0.5613
vn 0.5676 0.5345 0.6262
vn 0.4867 -0.6891 0.5369
vn 0.5845 0.4924 0.6449
vn 0.4634 -0.7238 0.5112
vn 0.6000 0.4492 0.6620
vn 0.4389 -0.7568 0.4843
vn 0.6141 0.4048 0.6775
vn 0.4135 -0.7880 0.4562
vn 0.6267 0.3595 0.6914
vn 0.3870 -0.8173 0.4270
vn 0.6377 0.3133 0.7036
vn 0.3596 -0.8446 0.3967
vn 0.6473 0.2664 0.7142
vn 0.0165 0.9997 0.0182
vn 0.3313 -0.8698 0.3655
vn 0.6553 0.2189 0.7230
vn 0.0495 0.9973 0.0546
vn 0.3022 -0.8930 0.3335
vn 0.6617 0.1708 0.7301
vn 0.0823 0.9925 0.0908
vn 0.2724 -0.9140 0.3006
vn 0.6665 0.1223 0.7354
vn 0.1149 0.9852 0.1268
vn 0.2419 -0.9328 0.2669
vn 0.6697 0.0735 0.7389
vn 0.1473 0.9756 0.1625
vn 0.2109 -0.9494 0.2327
vn 0.6714 0.0245 0.7407
vn 0.1793 0.9637 0.1978
vn 0.1793 -0.9637 0.1978
vn 0.6714 -0.0245 0.7407
vn 0.2109 0.9494 0.2327
vn 0.1473 -0.9756 0.1625
vn 0.6697 -0.0735 0.7389
vn 0.2419 0.9328 0.2669
vn 0.1149 -0.9852 0.1268
vn 0.6665 -0.1223 0.7354
vn 0.2724 0.9140 0.3006
vn 0.0823 -0.9925 0.0908
vn 0.6617 -0.1708 0.7301
vn 0.3022 0.8930 0.3335
vn 0.0495 -0.9973 0.0546
vn 0.6553 -0.2189 0.7230
vn 0.3313 0.8698 0.3655
vn 0.0165 -0.9997 0.0182
vn 0.6473 -0.2664 0.7142
vn 0.3596 0.8446 0.3967
vn 0.6377 -0.3133 0.7036
vn 0.3870 0.8173 0.4270
vn 0.6267 -0.3595 0.6914
vn 0.4135 0.7880 0.4562
vn 0.6141 -0.4048 0.6775
vn 0.4389 0.7568 0.4843
vn 0.5035 -0.5345 0.6788
vn 0.4513 0.6527 0.6085
vn 0.4872 -0.5753 0.6570
vn 0.4698 0.6148 0.6335
vn 0.4698 -0.6148 0.6335
vn 0.4872 0.5753 0.6570
vn 0.4513 -0.6527 0.6085
vn 0.5035 0.5345 0.6788
vn 0.4317 -0.6891 0.5821
vn 0.5185 0.4924 0.6991
vn 0.4110 -0.7238 0.5542
vn 0.5322 0.4492 0.7176
vn 0.3894 -0.7568 0.5250
vn 0.5447 0.4048 0.7344
vn 0.3668 -0.7880 0.4945
vn 0.5559 0.3595 0.7495
vn 0.3433 -0.8173 0.4629
vn 0.5657 0.3133 0.7628
vn 0.3190 -0.8446 0.4301
vn 0.5742 0.2664 0.7742
vn 0.0146 0.9997 0.0197
vn 0.2939 -0.8698 0.3963
vn 0.5813 0.2189 0.7837
vn 0.0439 0.9973 0.0592
vn 0.2681 -0.8930 0.3615
vn 0.5870 0.1708 0.7914
vn 0.0730 0.9925 0.0984
vn 0.2416 -0.9140 0.3258
vn 0.5912 0.1223 0.7972
vn 0.1020 0.9852 0.1375
vn 0.2146 -0.9328 0.2894
vn 0.5941 0.0735 0.8010
vn 0.1307 0.9756 0.1762
vn 0.1871 -0.9494 0.2522
vn 0.5955 0.0245 0.8030
vn 0.1591 0.9637 0.2145
vn 0.1591 -0.9637 0.2145
vn 0.5955 -0.0245 0.8030
vn 0.1871 0.9494 0.2522
vn 0.1307 -0.9756 0.1762
vn 0.5941 -0.0735 0.8010
vn 0.2146 0.9328 0.2894
vn 0.1020 -0.9852 0.1375
vn 0.5912 -0.1223 0.7972
vn 0.2416 0.9140 0.3258
vn 0.0730 -0.9925 0.0984
vn 0.5870 -0.1708 0.7914
vn 0.2681 0.8930 0.3615
vn 0.0439 -0.9973 0.0592
vn 0.5813 -0.2189 0.7837
vn 0.2939 0.8698 0.3963
vn 0.0146 -0.9997 0.0197
vn 0.5742 -0.2664 0.7742
vn 0.3190 0.8446 0.4301
vn 0.5657 -0.3133 0.7628
vn 0.3433 0.8173 0.4629
vn 0.5559 -0.3595 0.7495
vn 0.3668 0.7880 0.4945
vn 0.5447 -0.4048 0.7344
vn 0.3894 0.7568 0.5250
vn 0.5322 -0.4492 0.7176
vn 0.4110 0.7238 0.5542
vn 0.5185 -0.4924 0.6991
vn 0.4317 0.6891 0.5821
vn 0.4593 -0.4492 0.7663
vn 0.3547 0.7238 0.5918
vn 0.4474 -0.4924 0.7465
vn 0.3726 0.6891 0.6216
vn 0.4345 -0.5345 0.7249
vn 0.3895 0.6527 0.6498
vn 0.4205 -0.5753 0.7015
vn 0.4055 0.6148 0.6765
vn 0.4055 -0.6148 0.6765
vn 0.4205 0.5753 0.7015
vn 0.3895 -0.6527 0.6498
vn 0.4345 0.5345 0.7249
vn 0.3726 -0.6891 0.6216
vn 0.4474 0.4924 0.7465
vn 0.3547 -0.7238 0.5918
vn 0.4593 0.4492 0.7663
vn 0.3360 -0.7568 0.5606
vn 0.4701 0.4048 0.7843
vn 0.3165 -0.7880 0.5281
vn 0.4797 0.3595 0.8004
vn 0.2963 -0.8173 0.4943
vn 0.4882 0.3133 0.8145
vn 0.2753 -0.8446 0.4593
vn 0.4955 0.2664 0.8267
vn 0.0126 0.9997 0.0211
vn 0.2536 -0.8698 0.4232
vn 0.5016 0.2189 0.8369
vn 0.0379 0.9973 0.0632
vn 0.2314 -0.8930 0.3860
vn 0.5066 0.1708 0.8451
vn 0.0630 0.9925 0.1051
vn 0.2085 -0.9140 0.3479
vn 0.5102 0.1223 0.8513
vn 0.0880 0.9852 0.1468
vn 0.1852 -0.9328 0.3090
vn 0.5127 0.0735 0.8554
vn 0.1128 0.9756 0.1881
vn 0.1614 -0.9494 0.2693
vn 0.5139 0.0245 0.8575
vn 0.1373 0.9637 0.2290
vn 0.1373 -0.9637 0.2290
vn 0.5139 -0.0245 0.8575
vn 0.1614 0.9494 0.2693
vn 0.1128 -0.9756 0.1881
vn 0.5127 -0.0735 0.8554
vn 0.1852 0.9328 0.3090
vn 0.0880 -0.9852 0.1468
vn 0.5102 -0.1223 0.8513
vn 0.2085 0.9140 0.3479
vn 0.0630 -0.9925 0.1051
vn 0.5066 -0.1708 0.8451
vn 0.2314 0.8930 0.3860
vn 0.0379 -0.9973 0.0632
vn 0.5016 -0.2189 0.8369
vn 0.2536 0.8698 0.4232
vn 0.0126 -0.9997 0.0211
vn 0.4955 -0.2664 0.8267
vn 0.2753 0.8446 0.4593
vn 0.4882 -0.3133 0.8145
vn 0.2963 0.8173 0.4943
vn 0.4797 -0.3595 0.8004
vn 0.3165 0.7880 0.5281
vn 0.4701 -0.4048 0.7843
vn 0.3360 0.7568 0.5606
vn 0.3613 -0.5345 0.7640
vn 0.3239 0.6527 0.6849
vn 0.3497 -0.5753 0.7394
vn 0.3372 0.6148 0.7130
vn 0.3372 -0.6148 0.7130
vn 0.3497 0.5753 0.7394
vn 0.3239 -0.6527 0.6849
vn 0.3613 0.5345 0.7640
vn 0.3098 -0.6891 0.6551
vn 0.3721 0.4924 0.7868
vn 0.2950 -0.7238 0.6237
vn 0.3820 0.4492 0.8077
vn 0.2795 -0.7568 0.5909
vn 0.3910 0.4048 0.8266
vn 0.2632 -0.7880 0.5566
vn 0.3990 0.3595 0.8435
vn 0.2464 -0.8173 0.5209
vn 0.4060 0.3133 0.8585
vn 0.2289 -0.8446 0.4840
vn 0.4121 0.2664 0.8713
vn 0.0105 0.9997 0.0222
vn 0.2109 -0.8698 0.4460
vn 0.4172 0.2189 0.8821
vn 0.0315 0.9973 0.0666
vn 0.1924 -0.8930 0.4068
vn 0.4213 0.1708 0.8907
vn 0.0524 0.9925 0.1108
vn 0.1734 -0.9140 0.3667
vn 0.4243 0.1223 0.8972
vn 0.0732 0.9852 0.1547
vn 0.1540 -0.9328 0.3257
vn 0.4264 0.0735 0.9015
vn 0.0938 0.9756 0.1983
vn 0.1343 -0.9494 0.2839
vn 0.4274 0.0245 0.9037
vn 0.1142 0.9637 0.2414
vn 0.1142 -0.9637 0.2414
vn 0.4274 -0.0245 0.9037
vn 0.1343 0.9494 0.2839
vn 0.0938 -0.9756 0.1983
vn 0.4264 -0.0735 0.9015
vn 0.1540 0.9328 0.3257
vn 0.0732 -0.9852 0.1547
vn 0.4243 -0.1223 0.8972
vn 0.1734 0.9140 0.3667
vn 0.0524 -0.9925 0.1108
vn 0.4213 -0.1708 0.8907
vn 0.1924 0.8930 0.4068
vn 0.0315 -0.9973 0.0666
vn 0.4172 -0.2189 0.8821
vn 0.2109 0.8698 0.4460
vn 0.0105 -0.9997 0.0222
vn 0.4121 -0.2664 0.8713
vn 0.2289 0.8446 0.4840
vn 0.4060 -0.3133 0.8585
vn 0.2464 0.8173 0.5209
vn 0.3990 -0.3595 0.8435
vn 0.2632 0.7880 0.5566
vn 0.3910 -0.4048 0.8266
vn 0.2795 0.7568 0.5909
vn 0.3820 -0.4492 0.8077
vn 0.2950 0.7238 0.6237
vn 0.3721 -0.4924 0.7868
vn 0.3098 0.6891 0.6551
vn 0.2657 -0.6148 0.7426
vn 0.2755 0.5753 0.7701
vn 0.2552 -0.6527 0.7133
vn 0.2847 0.5345 0.7957
vn 0.2441 -0.6891 0.6823
vn 0.2932 0.4924 0.8195
vn 0.2324 -0.7238 0.6496
vn 0.3010 0.4492 0.8412
vn 0.2202 -0.7568 0.6154
vn 0.3080 0.4048 0.8609
vn 0.2074 -0.7880 0.5797
vn 0.3144 0.3595 0.8786
vn 0.1941 -0.8173 0.5426
vn 0.3199 0.3133 0.8941
vn 0.1804 -0.8446 0.5042
vn 0.3247 0.2664 0.9075
vn 0.0083 0.9997 0.0231
vn 0.1662 -0.8698 0.4645
vn 0.3287 0.2189 0.9187
vn 0.0248 0.9973 0.0693
vn 0.1516 -0.8930 0.4237
vn 0.3319 0.1708 0.9277
vn 0.0413 0.9925 0.1154
vn 0.1367 -0.9140 0.3819
vn 0.3344 0.1223 0.9345
vn 0.0577 0.9852 0.1612
vn 0.1214 -0.9328 0.3392
vn 0.3360 0.0735 0.9390
vn 0.0739 0.9756 0.2065
vn 0.1058 -0.9494 0.2957
vn 0.3368 0.0245 0.9413
vn 0.0900 0.9637 0.2514
vn 0.0900 -0.9637 0.2514
vn 0.3368 -0.0245 0.9413
vn 0.1058 0.9494 0.2957
vn 0.0739 -0.9756 0.2065
vn 0.3360 -0.0735 0.9390
vn 0.1214 0.9328 0.3392
vn 0.0577 -0.9852 0.1612
vn 0.3344 -0.1223 0.9345
vn 0.1367 0.9140 0.3819
vn 0.0413 -0.9925 0.1154
vn 0.3319 -0.1708 0.9277
vn 0.1516 0.8930 0.4237
vn 0.0248 -0.9973 0.0693
vn 0.3287 -0.2189 0.9187
vn 0.1662 0.8698 0.4645
vn 0.0083 -0.9997 0.0231
vn 0.3247 -0.2664 0.9075
vn 0.1804 0.8446 0.5042
vn 0.3199 -0.3133 0.8941
vn 0.1941 0.8173 0.5426
vn 0.3144 -0.3595 0.8786
vn 0.2074 0.7880 0.5797
vn 0.3080 -0.4048 0.8609
vn 0.2202 0.7568 0.6154
vn 0.3010 -0.4492 0.8412
vn 0.2324 0.7238 0.6496
vn 0.2932 -0.4924 0.8195
vn 0.2441 0.6891 0.6823
vn 0.2847 -0.5345 0.7957
vn 0.2552 0.6527 0.7133
vn 0.2755 -0.5753 0.7701
vn 0.2657 0.6148 0.7426
vn 0.1761 -0.6891 0.7029
vn 0.2115 0.4924 0.8443
vn 0.1677 -0.7238 0.6693
vn 0.2171 0.4492 0.8667
vn 0.1588 -0.7568 0.6340
vn 0.2222 0.4048 0.8870
vn 0.1496 -0.7880 0.5972
vn 0.2267 0.3595 0.9052
vn 0.1400 -0.8173 0.5590
vn 0.2307 0.3133 0.9212
vn 0.1301 -0.8446 0.5194
vn 0.2342 0.2664 0.9350
vn 0.0060 0.9997 0.0238
vn 0.1199 -0.8698 0.4786
vn 0.2371 0.2189 0.9465
vn 0.0179 0.9973 0.0714
vn 0.1094 -0.8930 0.4366
vn 0.2394 0.1708 0.9558
vn 0.0298 0.9925 0.1189
vn 0.0986 -0.9140 0.3935
vn 0.2412 0.1223 0.9628
vn 0.0416 0.9852 0.1660
vn 0.0875 -0.9328 0.3495
vn 0.2423 0.0735 0.9674
vn 0.0533 0.9756 0.2128
vn 0.0763 -0.9494 0.3046
vn 0.2429 0.0245 0.9697
vn 0.0649 0.9637 0.2590
vn 0.0649 -0.9637 0.2590
vn 0.2429 -0.0245 0.9697
vn 0.0763 0.9494 0.3046
vn 0.0533 -0.9756 0.2128
vn 0.2423 -0.0735 0.9674
vn 0.0875 0.9328 0.3495
vn 0.0416 -0.9852 0.1660
vn 0.2412 -0.1223 0.9628
vn 0.0986 0.9140 0.3935
vn 0.0298 -0.9925 0.1189
vn 0.2394 -0.1708 0.9558
vn 0.1094 0.8930 0.4366
vn 0.0179 -0.9973 0.0714
vn 0.2371 -0.2189 0.9465
vn 0.1199 0.8698 0.4786
vn 0.0060 -0.9997 0.0238
vn 0.2342 -0.2664 0.9350
vn 0.1301 0.8446 0.5194
vn 0.2307 -0.3133 0.9212
vn 0.1400 0.8173 0.5590
vn 0.2267 -0.3595 0.9052
vn 0.1496 0.7880 0.5972
vn 0.2222 -0.4048 0.8870
vn 0.1588 0.7568 0.6340
vn 0.2171 -0.4492 0.8667
vn 0.1677 0.7238 0.6693
vn 0.2115 -0.4924 0.8443
vn 0.1761 0.6891 0.7029
vn 0.2054 -0.5345 0.8198
vn 0.1841 0.6527 0.7349
vn 0.1987 -0.5753 0.7934
vn 0.1916 0.6148 0.7651
vn 0.1916 -0.6148 0.7651
vn 0.1987 0.5753 0.7934
vn 0.1841 -0.6527 0.7349
vn 0.2054 0.5345 0.8198
vn 0.0959 -0.7568 0.6465
vn 0.1342 0.4048 0.9045
vn 0.0903 -0.7880 0.6090
vn 0.1369 0.3595 0.9230
vn 0.0846 -0.8173 0.5700
vn 0.1393 0.3133 0.9394
vn 0.0786 -0.8446 0.5297
vn 0.1414 0.2664 0.9534
vn 0.0036 0.9997 0.0243
vn 0.0724 -0.8698 0.4880
vn 0.1432 0.2189 0.9652
vn 0.0108 0.9973 0.0729
vn 0.0660 -0.8930 0.4452
vn 0.1446 0.1708 0.9746
vn 0.0180 0.9925 0.1212
vn 0.0595 -0.9140 0.4013
vn 0.1456 0.1223 0.9818
vn 0.0251 0.9852 0.1693
vn 0.0529 -0.9328 0.3564
vn 0.1463 0.0735 0.9865
vn 0.0322 0.9756 0.2170
vn 0.0461 -0.9494 0.3106
vn 0.1467 0.0245 0.9889
vn 0.0392 0.9637 0.2641
vn 0.0392 -0.9637 0.2641
vn 0.1467 -0.0245 0.9889
vn 0.0461 0.9494 0.3106
vn 0.0322 -0.9756 0.2170
vn 0.1463 -0.0735 0.9865
vn 0.0529 0.9328 0.3564
vn 0.0251 -0.9852 0.1693
vn 0.1456 -0.1223 0.9818
vn 0.0595 0.9140 0.4013
vn 0.0180 -0.9925 0.1212
vn 0.1446 -0.1708 0.9746
vn 0.0660 0.8930 0.4452
vn 0.0108 -0.9973 0.0729
vn 0.1432 -0.2189 0.9652
vn 0.0724 0.8698 0.4880
vn 0.0036 -0.9997 0.0243
vn 0.1414 -0.2664 0.9534
vn 0.0786 0.8446 0.5297
vn 0.1393 -0.3133 0.9394
vn 0.0846 0.8173 0.5700
vn 0.1369 -0.3595 0.9230
vn 0.0903 0.7880 0.6090
vn 0.1342 -0.4048 0.9045
vn 0.0959 0.7568 0.6465
vn 0.1311 -0.4492 0.8838
vn 0.1012 0.7238 0.6825
vn 0.1277 -0.4924 0.8609
vn 0.1063 0.6891 0.7168
vn 0.1240 -0.5345 0.8360
vn 0.1112 0.6527 0.7494
vn 0.1200 -0.5753 0.8091
vn 0.1157 0.6148 0.7802
vn 0.1157 -0.6148 0.7802
vn 0.1200 0.5753 0.8091
vn 0.1112 -0.6527 0.7494
vn 0.1240 0.5345 0.8360
vn 0.1063 -0.6891 0.7168
vn 0.1277 0.4924 0.8609
vn 0.1012 -0.7238 0.6825
vn 0.1311 0.4492 0.8838
vn 0.0283 -0.8173 0.5756
vn 0.0466 0.3133 0.9485
vn 0.0263 -0.8446 0.5348
vn 0.0473 0.2664 0.9627
vn 0.0012 0.9997 0.0245
vn 0.0242 -0.8698 0.4928
vn 0.0479 0.2189 0.9746
vn 0.0036 0.9973 0.0736
vn 0.0221 -0.8930 0.4495
vn 0.0483 0.1708 0.9841
vn 0.0060 0.9925 0.1224
vn 0.0199 -0.9140 0.4052
vn 0.0487 0.1223 0.9913
vn 0.0084 0.9852 0.1710
vn 0.0177 -0.9328 0.3598
vn 0.0489 0.0735 0.9961
vn 0.0108 0.9756 0.2191
vn 0.0154 -0.9494 0.3136
vn 0.0491 0.0245 0.9985
vn 0.0131 0.9637 0.2667
vn 0.0131 -0.9637 0.2667
vn 0.0491 -0.0245 0.9985
vn 0.0154 0.9494 0.3136
vn 0.0108 -0.9756 0.2191
vn 0.0489 -0.0735 0.9961
vn 0.0177 0.9328 0.3598
vn 0.0084 -0.9852 0.1710
vn 0.0487 -0.1223 0.9913
vn 0.0199 0.9140 0.4052
vn 0.0060 -0.9925 0.1224
vn 0.0483 -0.1708 0.9841
vn 0.0221 0.8930 0.4495
vn 0.0036 -0.9973 0.0736
vn 0.0479 -0.2189 0.9746
vn 0.0242 0.8698 0.4928
vn 0.0012 -0.9997 0.0245
vn 0.0473 -0.2664 0.9627
vn 0.0263 0.8446 0.5348
vn 0.0466 -0.3133 0.9485
vn 0.0283 0.8173 0.5756
vn 0.0458 -0.3595 0.9320
vn 0.0302 0.7880 0.6149
vn 0.0449 -0.4048 0.9133
vn 0.0321 0.7568 0.6528
vn 0.0438 -0.4492 0.8924
vn 0.0339 0.7238 0.6891
vn 0.0427 -0.4924 0.8693
vn 0.0356 0.6891 0.7238
vn 0.0415 -0.5345 0.8441
vn 0.0372 0.6527 0.7567
vn 0.0401 -0.5753 0.8169
vn 0.0387 0.6148 0.7878
vn 0.0387 -0.6148 0.7878
vn 0.0401 0.5753 0.8169
vn 0.0372 -0.6527 0.7567
vn 0.0415 0.5345 0.8441
vn 0.0356 -0.6891 0.7238
vn 0.0427 0.4924 0.8693
vn 0.0339 -0.7238 0.6891
vn 0.0438 0.4492 0.8924
vn 0.0321 -0.7568 0.6528
vn 0.0449 0.4048 0.9133
vn 0.0302 -0.7880 0.6149
vn 0.0458 0.3595 0.9320
vn -0.0242 -0.8698 0.4928
vn -0.0479 0.2189 0.9746
vn -0.0036 0.9973 0.0736
vn -0.0221 -0.8930 0.4495
vn -0.0483 0.1707 0.9841
vn -0.0060 0.9925 0.1224
vn -0.0199 -0.9140 0.4052
vn -0.0487 0.1223 0.9913
vn -0.0084 0.9852 0.1710
vn -0.0177 -0.9328 0.3598
vn -0.0489 0.0735 0.9961
vn -0.0108 0.9756 0.2191
vn -0.0154 -0.9494 0.3136
vn -0.0491 0.0245 0.9985
vn -0.0131 0.9637 0.2667
vn -0.0131 -0.9637 0.2667
vn -0.0491 -0.0245 0.9985
vn -0.0154 0.9494 0.3136
vn -0.0108 -0.9756 0.2191
vn -0.0489 -0.0735 0.9961
vn -0.0177 0.9328 0.3598
vn -0.0084 -0.9852 0.1710
vn -0.0487 -0.1223 0.9913
vn -0.0199 0.9140 0.4052
vn -0.0060 -0.9925 0.1224
vn -0.0483 -0.1707 0.9841
vn -0.0221 0.8930 0.4495
vn -0.0036 -0.9973 0.0736
vn -0.0479 -0.2189 0.9746
vn -0.0242 0.8698 0.4928
vn -0.0012 -0.9997 0.0245
vn -0.0473 -0.2664 0.9627
vn -0.0263 0.8446 0.5348
vn -0.0466 -0.3133 0.9485
vn -0.0283 0.8173 0.5756
vn -0.0458 -0.3595 0.9320
vn -0.0302 0.7880 0.6149
vn -0.0449 -0.4048 0.9133
vn -0.0321 0.7568 0.6528
vn -0.0438 -0.4492 0.8924
vn -0.0339 0.7238 0.6891
vn -0.0427 -0.4924 0.8693
vn -0.0356 0.6891 0.7238
vn -0.0415 -0.5345 0.8441
vn -0.0372 0.6527 0.7567
vn -0.0401 -0.5753 0.8169
vn -0.0387 0.6148 0.7878
vn -0.0387 -0.6148 0.7878
vn -0.0401 0.5753 0.8169
vn -0.0372 -0.6527 0.7567
vn -0.0415 0.5345 0.8441
vn -0.0356 -0.6891 0.7238
vn -0.0427 0.4924 0.8693
vn -0.0339 -0.7238 0.6891
vn -0.0438 0.4492 0.8924
vn -0.0321 -0.7568 0.6528
vn -0.0449 0.4048 0.9133
vn -0.0302 -0.7880 0.6149
vn -0.0458 0.3595 0.9320
vn -0.0283 -0.8173 0.5756
vn -0.0466 0.3133 0.9485
vn -0.0263 -0.8446 0.5348
vn -0.0473 0.2664 0.9627
vn -0.0012 0.9997 0.0245
vn -0.0595 -0.9140 0.4013
vn -0.1456 0.1223 0.9818
vn -0.0251 0.9852 0.1693
vn -0.0529 -0.9328 0.3564
vn -0.1463 0.0735 0.9865
vn -0.0322 0.9756 0.2170
vn -0.0461 -0.9494 0.3106
vn -0.1467 0.0245 0.9889
vn -0.0392 0.9637 0.2641
vn -0.0392 -0.9637 0.2641
vn -0.1467 -0.0245 0.9889
vn -0.0461 0.9494 0.3106
vn -0.0322 -0.9756 0.2170
vn -0.1463 -0.0735 0.9865
vn -0.0529 0.9328 0.3564
vn -0.0251 -0.9852 0.1693
vn -0.1456 -0.1223 0.9818
vn -0.0595 0.9140 0.4013
vn -0.0180 -0.9925 0.1212
vn -0.1446 -0.1708 0.9746
vn -0.0660 0.8930 0.4452
vn -0.0108 -0.9973 0.0729
vn -0.1432 -0.2189 0.9652
vn -0.0724 0.8698 0.4880
vn -0.0036 -0.9997 0.0243
vn -0.1414 -0.2664 0.9534
vn -0.0786 0.8446 0.5297
vn -0.1393 -0.3133 0.9394
vn -0.0846 0.8173 0.5700
vn -0.1369 -0.3595 0.9230
vn -0.0903 0.7880 0.6090
vn -0.1342 -0.4048 0.9045
vn -0.0959 0.7568 0.6465
vn -0.1311 -0.4492 0.8838
vn -0.1012 0.7238 0.6825
vn -0.1277 -0.4924 0.8609
vn -0.1063 0.6891 0.7168
vn -0.1240 -0.5345 0.8360
vn -0.1112 0.6527 0.7494
vn -0.1200 -0.5753 0.8091
vn -0.1157 0.6148 0.7802
vn -0.1157 -0.6148 0.7802
vn -0.1200 0.5753 0.8091
vn -0.1112 -0.6527 0.7494
vn -0.1240 0.5345 0.8360
vn -0.1063 -0.6891 0.7168
vn -0.1277 0.4924 0.8609
vn -0.1012 -0.7238 0.6825
vn -0.1311 0.4492 0.8838
vn -0.0959 -0.7568 0.6465
vn -0.1342 0.4048 0.9045
vn -0.0903 -0.7880 0.6090
vn -0.1369 0.3595 0.9230
vn -0.0846 -0.8173 0.5700
vn -0.1393 0.3133 0.9394
vn -0.0786 -0.8446 0.5297
vn -0.1414 0.2664 0.9534
vn -0.0036 0.9997 0.0243
vn -0.0724 -0.8698 0.4880
vn -0.1432 0.2189 0.9652
vn -0.0108 0.9973 0.0729
vn -0.0660 -0.8930 0.4452
vn -0.1446 0.1708 0.9746
vn -0.0180 0.9925 0.1212
vn -0.0763 -0.9494 0.3046
vn -0.2429 0.0245 0.9697
vn -0.0649 0.9637 0.2590
vn -0.0649 -0.9637 0.2590
vn -0.2429 -0.0245 0.9697
vn -0.0763 0.9494 0.3046
vn -0.0533 -0.9756 0.2128
vn -0.2423 -0.0735 0.9674
vn -0.0875 0.9328 0.3495
vn -0.0416 -0.9852 0.1660
vn -0.2412 -0.1223 0.9628
vn -0.0986 0.9140 0.3935
vn -0.0298 -0.9925 0.1189
vn -0.2394 -0.1708 0.9558
vn -0.1094 0.8930 0.4366
vn -0.0179 -0.9973 0.0714
vn -0.2371 -0.2189 0.9465
vn -0.1199 0.8698 0.4786
vn -0.0060 -0.9997 0.0238
vn -0.2342 -0.2664 0.9350
vn -0.1301 0.8446 0.5194
vn -0.2307 -0.3133 0.9212
vn -0.1400 0.8173 0.5590
vn -0.2267 -0.3595 0.9052
vn -0.1496 0.7880 0.5972
vn -0.2222 -0.4048 0.8870
vn -0.1588 0.7568 0.6340
vn -0.2171 -0.4492 0.8667
vn -0.1677 0.7238 0.6693
vn -0.2115 -0.4924 0.8443
vn -0.1761 0.6891 0.7029
vn -0.2054 -0.5345 0.8198
vn -0.1841 0.6527 0.7349
vn -0.1987 -0.5753 0.7934
vn -0.1916 0.6148 0.7651
vn -0.1916 -0.6148 0.7651
vn -0.1987 0.5753 0.7934
vn -0.1841 -0.6527 0.7349
vn -0.2054 0.5345 0.8198
vn -0.1761 -0.6891 0.7029
vn -0.2115 0.4924 0.8443
vn -0.1677 -0.7238 0.6693
vn -0.2171 0.4492 0.8667
vn -0.1588 -0.7568 0.6340
vn -0.2222 0.4048 0.8870
vn -0.1496 -0.7880 0.5972
vn -0.2267 0.3595 0.9052
vn -0.1400 -0.8173 0.5590
vn -0.2307 0.3133 0.9212
vn -0.1301 -0.8446 0.5194
vn -0.2342 0.2664 0.9350
vn -0.0060 0.9997 0.0238
vn -0.1199 -0.8698 0.4786
vn -0.2371 0.2189 0.9465
vn -0.0179 0.9973 0.0714
vn -0.1094 -0.8930 0.4366
vn -0.2394 0.1708 0.9558
vn -0.0298 0.9925 0.1189
vn -0.0986 -0.9140 0.3935
vn -0.2412 0.1223 0.9628
vn -0.0416 0.9852 0.1660
vn -0.0875 -0.9328 0.3495
vn -0.2423 0.0735 0.9674
vn -0.0533 0.9756 0.2128
vn -0.0739 -0.9756 0.2065
vn -0.3360 -0.0735 0.9390
vn -0.1214 0.9328 0.3392
vn -0.0577 -0.9852 0.1612
vn -0.3344 -0.1223 0.9345
vn -0.1367 0.9140 0.3819
vn -0.0413 -0.9925 0.1154
vn -0.3319 -0.1708 0.9277
vn -0.1516 0.8930 0.4237
vn -0.0248 -0.9973 0.0693
vn -0.3287 -0.2189 0.9187
vn -0.1662 0.8698 0.4645
vn -0.0083 -0.9997 0.0231
vn -0.3247 -0.2664 0.9075
vn -0.1804 0.8446 0.5042
vn -0.3199 -0.3133 0.8941
vn -0.1941 0.8173 0.5426
vn -0.3144 -0.3595 0.8786
vn -0.2074 0.7880 0.5797
vn -0.3080 -0.4048 0.8609
vn -0.2202 0.7568 0.6154
vn -0.3010 -0.4492 0.8412
vn -0.2324 0.7238 0.6496
vn -0.2932 -0.4924 0.8195
vn -0.2441 0.6891 0.6823
vn -0.2847 -0.5345 0.7957
vn -0.2552 0.6527 0.7133
vn -0.2755 -0.5753 0.7701
vn -0.2657 0.6148 0.7426
vn -0.2657 -0.6148 0.7426
vn -0.2755 0.5753 0.7701
vn -0.2552 -0.6527 0.7133
vn -0.2847 0.5345 0.7957
vn -0.2441 -0.6891 0.6823
vn -0.2932 0.4924 0.8195
vn -0.2324 -0.7238 0.6496
vn -0.3010 0.4492 0.8412
vn -0.2202 -0.7568 0.6154
vn -0.3081 0.4048 0.8609
vn -0.2074 -0.7880 0.5797
vn -0.3144 0.3595 0.8786
vn -0.1941 -0.8173 0.5426
vn -0.3199 0.3133 0.8941
vn -0.1804 -0.8446 0.5042
vn -0.3247 0.2664 0.9075
vn -0.0083 0.9997 0.0231
vn -0.1662 -0.8698 0.4645
vn -0.3287 0.2189 0.9187
vn -0.0248 0.9973 0.0693
vn -0.1516 -0.8930 0.4237
vn -0.3319 0.1708 0.9277
vn -0.0413 0.9925 0.1154
vn -0.1367 -0.9140 0.3819
vn -0.3344 0.1223 0.9345
vn -0.0577 0.9852 0.1612
vn -0.1214 -0.9328 0.3392
vn -0.3360 0.0735 0.9390
vn -0.0739 0.9756 0.2065
vn -0.1058 -0.9494 0.2957
vn -0.3368 0.0245 0.9413
vn -0.0900 0.9637 0.2514
vn -0.0900 -0.9637 0.2514
vn -0.3368 -0.0245 0.9413
vn -0.1058 0.9494 0.2957
vn -0.0524 -0.9925 0.1108
vn -0.4213 -0.1708 0.8907
vn -0.1924 0.8930 0.4068
vn -0.0315 -0.9973 0.0666
vn -0.4172 -0.2189 0.8821
vn -0.2109 0.8698 0.4460
vn -0.0105 -0.9997 0.0222
vn -0.4121 -0.2664 0.8713
vn -0.2289 0.8446 0.4840
vn -0.4060 -0.3133 0.8585
vn -0.2464 0.8173 0.5209
vn -0.3990 -0.3595 0.8435
vn -0.2632 0.7880 0.5566
vn -0.3910 -0.4048 0.8266
vn -0.2795 0.7568 0.5909
vn -0.3820 -0.4492 0.8077
vn -0.2950 0.7238 0.6237
vn -0.3721 -0.4924 0.7868
vn -0.3098 0.6891 0.6551
vn -0.3613 -0.5345 0.7640
vn -0.3239 0.6527 0.6849
vn -0.3497 -0.5753 0.7394
vn -0.3372 0.6148 0.7130
vn -0.3372 -0.6148 0.7130
vn -0.3497 0.5753 0.7394
vn -0.3239 -0.6527 0.6849
vn -0.3613 0.5345 0.7640
vn -0.3098 -0.6891 0.6551
vn -0.3721 0.4924 0.7868
vn -0.2950 -0.7238 0.6237
vn -0.3820 0.4492 0.8077
vn -0.2795 -0.7568 0.5909
vn -0.3910 0.4048 0.8266
vn -0.2632 -0.7880 0.5566
vn -0.3990 0.3595 0.8435
vn -0.2464 -0.8173 0.5209
vn -0.4060 0.3133 0.8585
vn -0.2289 -0.8446 0.4840
vn -0.4121 0.2664 0.8713
vn -0.0105 0.9997 0.0222
vn -0.2109 -0.8698 0.4460
vn -0.4172 0.2189 0.8821
vn -0.0315 0.9973 0.0666
vn -0.1924 -0.8930 0.4068
vn -0.4213 0.1708 0.8907
vn -0.0524 0.9925 0.1108
vn -0.1734 -0.9140 0.3667
vn -0.4243 0.1223 0.8972
vn -0.0732 0.9852 0.1547
vn -0.1540 -0.9328 0.3257
vn -0.4264 0.0735 0.9015
vn -0.0938 0.9756 0.1983
vn -0.1343 -0.9494 0.2839
vn -0.4274 0.0245 0.9037
vn -0.1142 0.9637 0.2414
vn -0.1142 -0.9637 0.2414
vn -0.4274 -0.0245 0.9037
vn -0.1343 0.9494 0.2839
vn -0.0938 -0.9756 0.1983
vn -0.4264 -0.0735 0.9015
vn -0.1540 0.9328 0.3257
vn -0.0732 -0.9852 0.1547
vn -0.4243 -0.1223 0.8972
vn -0.1734 0.9140 0.3667
vn -0.0126 -0.9997 0.0211
vn -0.4955 -0.2664 0.8267
vn -0.2753 0.8446 0.4593
vn -0.4882 -0.3133 0.8145
vn -0.2963 0.8173 0.4943
vn -0.4797 -0.3595 0.8004
vn -0.3165 0.7880 0.5281
vn -0.4701 -0.4048 0.7843
vn -0.3360 0.7568 0.5606
vn -0.4593 -0.4492 0.7663
vn -0.3547 0.7238 0.5918
vn -0.4474 -0.4924 0.7465
vn -0.3726 0.6891 0.6216
vn -0.4345 -0.5345 0.7249
vn -0.3895 0.6527 0.6498
vn -0.4205 -0.5753 0.7015
vn -0.4055 0.6148 0.6765
vn -0.4055 -0.6148 0.6765
vn -0.4205 0.5753 0.7015
vn -0.3895 -0.6527 0.6498
vn -0.4345 0.5345 0.7249
vn -0.3726 -0.6891 0.6216
vn -0.4474 0.4924 0.7465
vn -0.3547 -0.7238 0.5918
vn -0.4593 0.4492 0.7663
vn -0.3360 -0.7568 0.5606
vn -0.4701 0.4048 0.7843
vn -0.3165 -0.7880 0.5281
vn -0.4797 0.3595 0.8004
vn -0.2963 -0.8173 0.4943
vn -0.4882 0.3133 0.8145
vn -0.2753 -0.8446 0.4593
vn -0.4955 0.2664 0.8267
vn -0.0126 0.9997 0.0211
vn -0.2536 -0.8698 0.4232
vn -0.5016 0.2189 0.8369
vn -0.0379 0.9973 0.0632
vn -0.2314 -0.8930 0.3860
vn -0.5066 0.1707 0.8451
vn -0.0630 0.9925 0.1051
vn -0.2085 -0.9140 0.3479
vn -0.5102 0.1223 0.8513
vn -0.0880 0.9852 0.1468
vn -0.1852 -0.9328 0.3090
vn -0.5127 0.0735 0.8554
vn -0.1128 0.9756 0.1881
vn -0.1614 -0.9494 0.2693
vn -0.5139 0.0245 0.8575
vn -0.1373 0.9637 0.2290
vn -0.1373 -0.9637 0.2290
vn -0.5139 -0.0245 0.8575
vn -0.1614 0.9494 0.2693
vn -0.1128 -0.9756 0.1881
vn -0.5127 -0.0735 0.8554
vn -0.1852 0.9328 0.3090
vn -0.0880 -0.9852 0.1468
vn -0.5102 -0.1223 0.8513
vn -0.2085 0.9140 0.3479
vn -0.0630 -0.9925 0.1051
vn -0.5066 -0.1707 0.8451
vn -0.2314 0.8930 0.3860
vn -0.0379 -0.9973 0.0632
vn -0.5016 -0.2189 0.8369
vn -0.2536 0.8698 0.4232
vn -0.5559 -0.3595 0.7495
vn -0.3668 0.7880 0.4945
vn -0.5447 -0.4048 0.7344
vn -0.3894 0.7568 0.5250
vn -0.5322 -0.4492 0.7176
vn -0.4110 0.7238 0.5542
vn -0.5185 -0.4924 0.6991
vn -0.4317 0.6891 0.5821
vn -0.5035 -0.5345 0.6788
vn -0.4513 0.6527 0.6085
vn -0.4872 -0.5754 0.6569
vn -0.4698 0.6148 0.6335
vn -0.4698 -0.6148 0.6335
vn -0.4872 0.5754 0.6569
vn -0.4513 -0.6527 0.6085
vn -0.5035 0.5345 0.6788
vn -0.4317 -0.6891 0.5821
vn -0.5185 0.4924 0.6991
vn -0.4110 -0.7238 0.5542
vn -0.5322 0.4492 0.7176
vn -0.3894 -0.7568 0.5250
vn -0.5447 0.4048 0.7344
vn -0.3668 -0.7880 0.4945
vn -0.5559 0.3595 0.7495
vn -0.3433 -0.8173 0.4629
vn -0.5657 0.3133 0.7628
vn -0.3190 -0.8446 0.4301
vn -0.5742 0.2664 0.7742
vn -0.0146 0.9997 0.0197
vn -0.2939 -0.8698 0.3963
vn -0.5813 0.2189 0.7837
vn -0.0439 0.9973 0.0592
vn -0.2681 -0.8930 0.3615
vn -0.5870 0.1707 0.7914
vn -0.0730 0.9925 0.0984
vn -0.2416 -0.9140 0.3258
vn -0.5912 0.1223 0.7972
vn -0.1020 0.9852 0.1375
vn -0.2146 -0.9328 0.2894
vn -0.5941 0.0735 0.8010
vn -0.1307 0.9756 0.1762
vn -0.1871 -0.9494 0.2522
vn -0.5955 0.0245 0.8030
vn -0.1591 0.9637 0.2145
vn -0.1591 -0.9637 0.2145
vn -0.5955 -0.0245 0.8030
vn -0.1871 0.9494 0.2522
vn -0.1307 -0.9756 0.1762
vn -0.5941 -0.0735 0.8010
vn -0.2146 0.9328 0.2894
vn -0.1020 -0.9852 0.1375
vn -0.5912 -0.1223 0.7972
vn -0.2416 0.9140 0.3258
vn -0.0730 -0.9925 0.0984
vn -0.5870 -0.1707 0.7914
vn -0.2681 0.8930 0.3615
vn -0.0439 -0.9973 0.0592
vn -0.5813 -0.2189 0.7837
vn -0.2939 0.8698 0.3963
vn -0.0146 -0.9997 0.0197
vn -0.5742 -0.2664 0.7742
vn -0.3190 0.8446 0.4301
vn -0.5657 -0.3133 0.7628
vn -0.3433 0.8173 0.4629
vn -0.0165 -0.9997 0.0182
vn -0.6473 -0.2664 0.7142
vn -0.3596 0.8446 0.3967
vn -0.6377 -0.3133 0.7036
vn -0.3870 0.8173 0.4270
vn -0.6267 -0.3595 0.6914
vn -0.4135 0.7880 0.4562
vn -0.6141 -0.4048 0.6775
vn -0.4389 0.7568 0.4843
vn -0.6000 -0.4492 0.6620
vn -0.4634 0.7238 0.5112
vn -0.5845 -0.4924 0.6449
vn -0.4867 0.6891 0.5369
vn -0.5676 -0.5345 0.6262
vn -0.5088 0.6527 0.5613
vn -0.5493 -0.5754 0.6060
vn -0.5297 0.6148 0.5844
vn -0.5297 -0.6148 0.5844
vn -0.5493 0.5754 0.6060
vn -0.5088 -0.6527 0.5613
vn -0.5676 0.5345 0.6262
vn -0.4867 -0.6891 0.5369
vn -0.5845 0.4924 0.6449
vn -0.4634 -0.7238 0.5112
vn -0.6000 0.4492 0.6620
vn -0.4389 -0.7568 0.4843
vn -0.6141 0.4048 0.6775
vn -0.4135 -0.7880 0.4562
vn -0.6267 0.3595 0.6914
vn -0.3870 -0.8173 0.4270
vn -0.6377 0.3133 0.7036
vn -0.3596 -0.8446 0.3967
vn -0.6473 0.2664 0.7142
vn -0.0165 0.9997 0.0182
vn -0.3313 -0.8698 0.3655
vn -0.6553 0.2189 0.7230
vn -0.0495 0.9973 0.0546
vn -0.3022 -0.8930 0.3335
vn -0.6617 0.1707 0.7301
vn -0.0823 0.9925 0.0908
vn -0.2724 -0.9140 0.3006
vn -0.6665 0.1223 0.7354
vn -0.1149 0.9852 0.1268
vn -0.2419 -0.9328 0.2669
vn -0.6697 0.0735 0.7389
vn -0.1473 0.9756 0.1625
vn -0.2109 -0.9494 0.2327
vn -0.6714 0.0245 0.7407
vn -0.1793 0.9637 0.1978
vn -0.1793 -0.9637 0.1978
vn -0.6714 -0.0245 0.7407
vn -0.2109 0.9494 0.2327
vn -0.1473 -0.9756 0.1625
vn -0.6697 -0.0735 0.7389
vn -0.2419 0.9328 0.2669
vn -0.1149 -0.9852 0.1268
vn -0.6665 -0.1223 0.7354
vn -0.2724 0.9140 0.3006
vn -0.0823 -0.9925 0.0908
vn -0.6617 -0.1707 0.7301
vn -0.3022 0.8930 0.3335
vn -0.0495 -0.9973 0.0546
vn -0.6553 -0.2189 0.7230
vn -0.3313 0.8698 0.3655
vn -0.6914 -0.3595 0.6267
vn -0.4562 0.7880 0.4135
vn -0.6775 -0.4048 0.6141
vn -0.4843 0.7568 0.4389
vn -0.6620 -0.4492 0.6000
vn -0.5112 0.7238 0.4634
vn -0.6449 -0.4924 0.5845
vn -0.5369 0.6891 0.4867
vn -0.6262 -0.5345 0.5676
vn -0.5613 0.6527 0.5088
vn -0.6060 -0.5754 0.5493
vn -0.5844 0.6148 0.5297
vn -0.5844 -0.6148 0.5297
vn -0.6060 0.5754 0.5493
vn -0.5613 -0.6527 0.5088
vn -0.6262 0.5345 0.5676
vn -0.5369 -0.6891 0.4867
vn -0.6449 0.4924 0.5845
vn -0.5112 -0.7238 0.4634
vn -0.6620 0.4492 0.6000
vn -0.4843 -0.7568 0.4389
vn -0.6775 0.4048 0.6141
vn -0.4562 -0.7880 0.4135
vn -0.6914 0.3595 0.6267
vn -0.4270 -0.8173 0.3870
vn -0.7036 0.3133 0.6377
vn -0.3967 -0.8446 0.3596
vn -0.7142 0.2664 0.6473
vn -0.0182 0.9997 0.0165
vn -0.3655 -0.8698 0.3313
vn -0.7230 0.2189 0.6553
vn -0.0546 0.9973 0.0495
vn -0.3335 -0.8930 0.3022
vn -0.7301 0.1707 0.6617
vn -0.0908 0.9925 0.0823
vn -0.3006 -0.9140 0.2724
vn -0.7354 0.1223 0.6665
vn -0.1268 0.9852 0.1149
vn -0.2669 -0.9328 0.2419
vn -0.7389 0.0735 0.6697
vn -0.1625 0.9756 0.1473
vn -0.2327 -0.9494 0.2109
vn -0.7407 0.0245 0.6714
vn -0.1978 0.9637 0.1793
vn -0.1978 -0.9637 0.1793
vn -0.7407 -0.0245 0.6714
vn -0.2327 0.9494 0.2109
vn -0.1625 -0.9756 0.1473
vn -0.7389 -0.0735 0.6697
vn -0.2669 0.9328 0.2419
vn -0.1268 -0.9852 0.1149
vn -0.7354 -0.1223 0.6665
vn -0.3006 0.9140 0.2724
vn -0.0908 -0.9925 0.0823
vn -0.7301 -0.1707 0.6617
vn -0.3335 0.8930 0.3022
vn -0.0546 -0.9973 0.0495
vn -0.7230 -0.2189 0.6553
vn -0.3655 0.8698 0.3313
vn -0.0182 -0.9997 0.0165
vn -0.7142 -0.2664 0.6473
vn -0.3967 0.8446 0.3596
vn -0.7036 -0.3133 0.6377
vn -0.4270 0.8173 0.3870
vn -0.7176 -0.4492 0.5322
vn -0.5542 0.7238 0.4110
vn -0.6991 -0.4924 0.5185
vn -0.5821 0.6891 0.4317
vn -0.6788 -0.5345 0.5035
vn -0.6085 0.6527 0.4513
vn -0.6569 -0.5754 0.4872
vn -0.6335 0.6148 0.4698
vn -0.6335 -0.6148 0.4698
vn -0.6569 0.5754 0.4872
vn -0.6085 -0.6527 0.4513
vn -0.6788 0.5345 0.5035
vn -0.5821 -0.6891 0.4317
vn -0.6991 0.4924 0.5185
vn -0.5542 -0.7238 0.4110
vn -0.7176 0.4492 0.5322
vn -0.5250 -0.7568 0.3894
vn -0.7344 0.4048 0.5447
vn -0.4945 -0.7880 0.3668
vn -0.7495 0.3595 0.5559
vn -0.4629 -0.8173 0.3433
vn -0.7628 0.3133 0.5657
vn -0.4301 -0.8446 0.3190
vn -0.7742 0.2664 0.5742
vn -0.0197 0.9997 0.0146
vn -0.3963 -0.8698 0.2939
vn -0.7837 0.2189 0.5813
vn -0.0592 0.9973 0.0439
vn -0.3615 -0.8930 0.2681
vn -0.7914 0.1707 0.5870
vn -0.0984 0.9925 0.0730
vn -0.3258 -0.9140 0.2416
vn -0.7972 0.1223 0.5912
vn -0.1375 0.9852 0.1020
vn -0.2894 -0.9328 0.2146
vn -0.8010 0.0735 0.5941
vn -0.1762 0.9756 0.1307
vn -0.2522 -0.9494 0.1871
vn -0.8030 0.0245 0.5955
vn -0.2145 0.9637 0.1591
vn -0.2145 -0.9637 0.1591
vn -0.8030 -0.0245 0.5955
vn -0.2522 0.9494 0.1871
vn -0.1762 -0.9756 0.1307
vn -0.8010 -0.0735 0.5941
vn -0.2894 0.9328 0.2146
vn -0.1375 -0.9852 0.1020
vn -0.7972 -0.1223 0.5912
vn -0.3258 0.9140 0.2416
vn -0.0984 -0.9925 0.0730
vn -0.7914 -0.1707 0.5870
vn -0.3615 0.8930 0.2681
vn -0.0592 -0.9973 0.0439
vn -0.7837 -0.2189 0.5813
vn -0.3963 0.8698 0.2939
vn -0.0197 -0.9997 0.0146
vn -0.7742 -0.2664 0.5742
vn -0.4301 0.8446 0.3190
vn -0.7628 -0.3133 0.5657
vn -0.4629 0.8173 0.3433
vn -0.7495 -0.3595 0.5559
vn -0.4945 0.7880 0.3668
vn -0.7344 -0.4048 0.5447
vn -0.5250 0.7568 0.3894
vn -0.7249 -0.5345 0.4345
vn -0.6498 0.6527 0.3895
vn -0.7015 -0.5754 0.4205
vn -0.6765 0.6148 0.4055
vn -0.6765 -0.6148 0.4055
vn -0.7015 0.5754 0.4205
vn -0.6498 -0.6527 0.3895
vn -0.7249 0.5345 0.4345
vn -0.6216 -0.6891 0.3726
vn -0.7465 0.4924 0.4474
vn -0.5918 -0.7238 0.3547
vn -0.7663 0.4492 0.4593
vn -0.5606 -0.7568 0.3360
vn -0.7843 0.4048 0.4701
vn -0.5281 -0.7880 0.3165
vn -0.8004 0.3595 0.4797
vn -0.4943 -0.8173 0.2963
vn -0.8145 0.3133 0.4882
vn -0.4593 -0.8446 0.2753
vn -0.8267 0.2664 0.4955
vn -0.0211 0.9997 0.0126
vn -0.4232 -0.8698 0.2536
vn -0.8369 0.2189 0.5016
vn -0.0632 0.9973 0.0379
vn -0.3860 -0.8930 0.2314
vn -0.8451 0.1707 0.5066
vn -0.1051 0.9925 0.0630
vn -0.3479 -0.9140 0.2085
vn -0.8513 0.1223 0.5102
vn -0.1468 0.9852 0.0880
vn -0.3090 -0.9328 0.1852
vn -0.8554 0.0735 0.5127
vn -0.1881 0.9756 0.1128
vn -0.2693 -0.9494 0.1614
vn -0.8575 0.0245 0.5139
vn -0.2290 0.9637 0.1373
vn -0.2290 -0.9637 0.1373
vn -0.8575 -0.0245 0.5139
vn -0.2693 0.9494 0.1614
vn -0.1881 -0.9756 0.1128
vn -0.8554 -0.0735 0.5127
vn -0.3090 0.9328 0.1852
vn -0.1468 -0.9852 0.0880
vn -0.8513 -0.1223 0.5102
vn -0.3479 0.9140 0.2085
vn -0.1051 -0.9925 0.0630
vn -0.8451 -0.1707 0.5066
vn -0.3860 0.8930 0.2314
vn -0.0632 -0.9973 0.0379
vn -0.8369 -0.2189 0.5016
vn -0.4232 0.8698 0.2536
vn -0.0211 -0.9997 0.0126
vn -0.8267 -0.2664 0.4955
vn -0.4593 0.8446 0.2753
vn -0.8145 -0.3133 0.4882
vn -0.4943 0.8173 0.2963
vn -0.8004 -0.3595 0.4797
vn -0.5281 0.7880 0.3165
vn -0.7843 -0.4048 0.4701
vn -0.5606 0.7568 0.3360
vn -0.7663 -0.4492 0.4593
vn -0.5918 0.7238 0.3547
vn -0.7465 -0.4924 0.4474
vn -0.6216 0.6891 0.3726
vn -0.7130 -0.6148 0.3372
vn -0.7394 0.5754 0.3497
vn -0.6849 -0.6527 0.3239
vn -0.7640 0.5345 0.3613
vn -0.6551 -0.6891 0.3098
vn -0.7868 0.4924 0.3721
vn -0.6237 -0.7238 0.2950
vn -0.8077 0.4492 0.3820
vn -0.5909 -0.7568 0.2795
vn -0.8266 0.4048 0.3910
vn -0.5566 -0.7880 0.2632
vn -0.8435 0.3595 0.3990
vn -0.5210 -0.8173 0.2464
vn -0.8585 0.3133 0.4060
vn -0.4840 -0.8446 0.2289
vn -0.8713 0.2664 0.4121
vn -0.0222 0.9997 0.0105
vn -0.4460 -0.8698 0.2109
vn -0.8821 0.2189 0.4172
vn -0.0666 0.9973 0.0315
vn -0.4068 -0.8930 0.1924
vn -0.8907 0.1707 0.4213
vn -0.1108 0.9925 0.0524
vn -0.3667 -0.9140 0.1734
vn -0.8972 0.1223 0.4243
vn -0.1547 0.9852 0.0732
vn -0.3257 -0.9328 0.1540
vn -0.9015 0.0735 0.4264
vn -0.1983 0.9756 0.0938
vn -0.2839 -0.9494 0.1343
vn -0.9037 0.0245 0.4274
vn -0.2414 0.9637 0.1142
vn -0.2414 -0.9637 0.1142
vn -0.9037 -0.0245 0.4274
vn -0.2839 0.9494 0.1343
vn -0.1983 -0.9756 0.0938
vn -0.9015 -0.0735 0.4264
vn -0.3257 0.9328 0.1540
vn -0.1547 -0.9852 0.0732
vn -0.8972 -0.1223 0.4243
vn -0.3667 0.9140 0.1734
vn -0.1108 -0.9925 0.0524
vn -0.8907 -0.1707 0.4213
vn -0.4068 0.8930 0.1924
vn -0.0666 -0.9973 0.0315
vn -0.8821 -0.2189 0.4172
vn -0.4460 0.8698 0.2109
vn -0.0222 -0.9997 0.0105
vn -0.8713 -0.2664 0.4121
vn -0.4840 0.8446 0.2289
vn -0.8585 -0.3133 0.4060
vn -0.5210 0.8173 0.2464
vn -0.8435 -0.3595 0.3990
vn -0.5566 0.7880 0.2632
vn -0.8266 -0.4048 0.3910
vn -0.5909 0.7568 0.2795
vn -0.8077 -0.4492 0.3820
vn -0.6237 0.7238 0.2950
vn -0.7868 -0.4924 0.3721
vn -0.6551 0.6891 0.3098
vn -0.7640 -0.5345 0.3613
vn -0.6849 0.6527 0.3239
vn -0.7394 -0.5754 0.3497
vn -0.7130 0.6148 0.3372
vn -0.6823 -0.6891 0.2441
vn -0.8195 0.4924 0.2932
vn -0.6496 -0.7238 0.2324
vn -0.8412 0.4492 0.3010
vn -0.6154 -0.7568 0.2202
vn -0.8609 0.4048 0.3080
vn -0.5797 -0.7880 0.2074
vn -0.8786 0.3595 0.3144
vn -0.5426 -0.8173 0.1941
vn -0.8941 0.3133 0.3199
vn -0.5042 -0.8446 0.1804
vn -0.9075 0.2664 0.3247
vn -0.0231 0.9997 0.0083
vn -0.4645 -0.8698 0.1662
vn -0.9187 0.2189 0.3287
vn -0.0693 0.9973 0.0248
vn -0.4237 -0.8930 0.1516
vn -0.9277 0.1707 0.3319
vn -0.1154 0.9925 0.0413
vn -0.3819 -0.9140 0.1367
vn -0.9345 0.1223 0.3344
vn -0.1612 0.9852 0.0577
vn -0.3392 -0.9328 0.1214
vn -0.9390 0.0735 0.3360
vn -0.2065 0.9756 0.0739
vn -0.2957 -0.9494 0.1058
vn -0.9413 0.0245 0.3368
vn -0.2514 0.9637 0.0900
vn -0.2514 -0.9637 0.0900
vn -0.9413 -0.0245 0.3368
vn -0.2957 0.9494 0.1058
vn -0.2065 -0.9756 0.0739
vn -0.9390 -0.0735 0.3360
vn -0.3392 0.9328 0.1214
vn -0.1612 -0.9852 0.0577
vn -0.9345 -0.1223 0.3344
vn -0.3819 0.9140 0.1367
vn -0.1154 -0.9925 0.0413
vn -0.9277 -0.1707 0.3319
vn -0.4237 0.8930 0.1516
vn -0.0693 -0.9973 0.0248
vn -0.9187 -0.2189 0.3287
vn -0.4645 0.8698 0.1662
vn -0.0231 -0.9997 0.0083
vn -0.9075 -0.2664 0.3247
vn -0.5042 0.8446 0.1804
vn -0.8941 -0.3133 0.3199
vn -0.5426 0.8173 0.1941
vn -0.8786 -0.3595 0.3144
vn -0.5797 0.7880 0.2074
vn -0.8609 -0.4048 0.3080
vn -0.6154 0.7568 0.2202
vn -0.8412 -0.4492 0.3010
vn -0.6496 0.7238 0.2324
vn -0.8195 -0.4924 0.2932
vn -0.6823 0.6891 0.2441
vn -0.7957 -0.5345 0.2847
vn -0.7133 0.6527 0.2552
vn -0.7701 -0.5754 0.2755
vn -0.7426 0.6148 0.2657
vn -0.7426 -0.6148 0.2657
vn -0.7701 0.5754 0.2755
vn -0.7133 -0.6527 0.2552
vn -0.7957 0.5345 0.2847
vn -0.6340 -0.7568 0.1588
vn -0.8870 0.4048 0.2222
vn -0.5972 -0.7880 0.1496
vn -0.9052 0.3595 0.2267
vn -0.5590 -0.8173 0.1400
vn -0.9212 0.3133 0.2307
vn -0.5194 -0.8446 0.1301
vn -0.9350 0.2664 0.2342
vn -0.0238 0.9997 0.0060
vn -0.4786 -0.8698 0.1199
vn -0.9465 0.2189 0.2371
vn -0.0714 0.9973 0.0179
vn -0.4366 -0.8930 0.1094
vn -0.9558 0.1707 0.2394
vn -0.1189 0.9925 0.0298
vn -0.3935 -0.9140 0.0986
vn -0.9628 0.1223 0.2412
vn -0.1660 0.9852 0.0416
vn -0.3495 -0.9328 0.0875
vn -0.9674 0.0735 0.2423
vn -0.2128 0.9756 0.0533
vn -0.3046 -0.9494 0.0763
vn -0.9697 0.0245 0.2429
vn -0.2590 0.9637 0.0649
vn -0.2590 -0.9637 0.0649
vn -0.9697 -0.0245 0.2429
vn -0.3046 0.9494 0.0763
vn -0.2128 -0.9756 0.0533
vn -0.9674 -0.0735 0.2423
vn -0.3495 0.9328 0.0875
vn -0.1660 -0.9852 0.0416
vn -0.9628 -0.1223 0.2412
vn -0.3935 0.9140 0.0986
vn -0.1189 -0.9925 0.0298
vn -0.9558 -0.1707 0.2394
vn -0.4366 0.8930 0.1094
vn -0.0714 -0.9973 0.0179
vn -0.9465 -0.2189 0.2371
vn -0.4786 0.8698 0.1199
vn -0.0238 -0.9997 0.0060
vn -0.9350 -0.2664 0.2342
vn -0.5194 0.8446 0.1301
vn -0.9212 -0.3133 0.2307
vn -0.5590 0.8173 0.1400
vn -0.9052 -0.3595 0.2267
vn -0.5972 0.7880 0.1496
vn -0.8870 -0.4048 0.2222
vn -0.6340 0.7568 0.1588
vn -0.8667 -0.4492 0.2171
vn -0.6693 0.7238 0.1677
vn -0.8443 -0.4924 0.2115
vn -0.7029 0.6891 0.1761
vn -0.8198 -0.5345 0.2054
vn -0.7349 0.6527 0.1841
vn -0.7934 -0.5754 0.1987
vn -0.7651 0.6148 0.1916
vn -0.7651 -0.6148 0.1916
vn -0.7934 0.5754 0.1987
vn -0.7349 -0.6527 0.1841
vn -0.8198 0.5345 0.2054
vn -0.7029 -0.6891 0.1761
vn -0.8443 0.4924 0.2115
vn -0.6693 -0.7238 0.1677
vn -0.8667 0.4492 0.2171
vn -0.5700 -0.8173 0.0846
vn -0.9394 0.3133 0.1393
vn -0.5297 -0.8446 0.0786
vn -0.9534 0.2664 0.1414
vn -0.0243 0.9997 0.0036
vn -0.4880 -0.8698 0.0724
vn -0.9652 0.2189 0.1432
vn -0.0729 0.9973 0.0108
vn -0.4452 -0.8930 0.0660
vn -0.9747 0.1707 0.1446
vn -0.1212 0.9925 0.0180
vn -0.4013 -0.9140 0.0595
vn -0.9818 0.1223 0.1456
vn -0.1693 0.9852 0.0251
vn -0.3564 -0.9328 0.0529
vn -0.9865 0.0735 0.1463
vn -0.2170 0.9756 0.0322
vn -0.3106 -0.9494 0.0461
vn -0.9889 0.0245 0.1467
vn -0.2641 0.9637 0.0392
vn -0.2641 -0.9637 0.0392
vn -0.9889 -0.0245 0.1467
vn -0.3106 0.9494 0.0461
vn -0.2170 -0.9756 0.0322
vn -0.9865 -0.0735 0.1463
vn -0.3564 0.9328 0.0529
vn -0.1693 -0.9852 0.0251
vn -0.9818 -0.1223 0.1456
vn -0.4013 0.9140 0.0595
vn -0.1212 -0.9925 0.0180
vn -0.9747 -0.1707 0.1446
vn -0.4452 0.8930 0.0660
vn -0.0729 -0.9973 0.0108
vn -0.9652 -0.2189 0.1432
vn -0.4880 0.8698 0.0724
vn -0.0243 -0.9997 0.0036
vn -0.9534 -0.2664 0.1414
vn -0.5297 0.8446 0.0786
vn -0.9394 -0.3133 0.1393
vn -0.5700 0.8173 0.0846
vn -0.9230 -0.3595 0.1369
vn -0.6090 0.7880 0.0903
vn -0.9045 -0.4048 0.1342
vn -0.6466 0.7568 0.0959
vn -0.8838 -0.4492 0.1311
vn -0.6825 0.7238 0.1012
vn -0.8609 -0.4924 0.1277
vn -0.7168 0.6891 0.1063
vn -0.8360 -0.5345 0.1240
vn -0.7494 0.6527 0.1112
vn -0.8091 -0.5754 0.1200
vn -0.7802 0.6148 0.1157
vn -0.7802 -0.6148 0.1157
vn -0.8091 0.5754 0.1200
vn -0.7494 -0.6527 0.1112
vn -0.8360 0.5345 0.1240
vn -0.7168 -0.6891 0.1063
vn -0.8609 0.4924 0.1277
vn -0.6825 -0.7238 0.1012
vn -0.8838 0.4492 0.1311
vn -0.6466 -0.7568 0.0959
vn -0.9045 0.4048 0.1342
vn -0.6090 -0.7880 0.0903
vn -0.9230 0.3595 0.1369
vn -0.0245 0.9997 0.0012
vn -0.4928 -0.8698 0.0242
vn -0.9746 0.2189 0.0479
vn -0.0736 0.9973 0.0036
vn -0.4495 -0.8930 0.0221
vn -0.9841 0.1707 0.0483
vn -0.1224 0.9925 0.0060
vn -0.4052 -0.9140 0.0199
vn -0.9913 0.1223 0.0487
vn -0.1710 0.9852 0.0084
vn -0.3598 -0.9328 0.0177
vn -0.9961 0.0735 0.0489
vn -0.2191 0.9756 0.0108
vn -0.3136 -0.9494 0.0154
vn -0.9985 0.0245 0.0491
vn -0.2667 0.9637 0.0131
vn -0.2667 -0.9637 0.0131
vn -0.9985 -0.0245 0.0491
vn -0.3136 0.9494 0.0154
vn -0.2191 -0.9756 0.0108
vn -0.9961 -0.0735 0.0489
vn -0.3598 0.9328 0.0177
vn -0.1710 -0.9852 0.0084
vn -0.9913 -0.1223 0.0487
vn -0.4052 0.9140 0.0199
vn -0.1224 -0.9925 0.0060
vn -0.9841 -0.1707 0.0483
vn -0.4495 0.8930 0.0221
vn -0.0736 -0.9973 0.0036
vn -0.9746 -0.2189 0.0479
vn -0.4928 0.8698 0.0242
vn -0.0245 -0.9997 0.0012
vn -0.9627 -0.2664 0.0473
vn -0.5348 0.8446 0.0263
vn -0.9485 -0.3133 0.0466
vn -0.5756 0.8173 0.0283
vn -0.9320 -0.3595 0.0458
vn -0.6149 0.7880 0.0302
vn -0.9133 -0.4048 0.0449
vn -0.6528 0.7568 0.0321
vn -0.8924 -0.4492 0.0438
vn -0.6891 0.7238 0.0339
vn -0.8693 -0.4924 0.0427
vn -0.7238 0.6891 0.0356
vn -0.8441 -0.5345 0.0415
vn -0.7567 0.6527 0.0372
vn -0.8169 -0.5754 0.0401
vn -0.7878 0.6148 0.0387
vn -0.7878 -0.6148 0.0387
vn -0.8169 0.5754 0.0401
vn -0.7567 -0.6527 0.0372
vn -0.8441 0.5345 0.0415
vn -0.7238 -0.6891 0.0356
vn -0.8693 0.4924 0.0427
vn -0.6891 -0.7238 0.0339
vn -0.8924 0.4492 0.0438
vn -0.6528 -0.7568 0.0321
vn -0.9133 0.4048 0.0449
vn -0.6149 -0.7880 0.0302
vn -0.9320 0.3595 0.0458
vn -0.5756 -0.8173 0.0283
vn -0.9485 0.3133 0.0466
vn -0.5348 -0.8446 0.0263
vn -0.9627 0.2664 0.0473
vn -0.1224 0.9925 -0.0060
vn -0.4052 -0.9140 -0.0199
vn -0.9913 0.1223 -0.0487
vn -0.1710 0.9852 -0.0084
vn -0.3598 -0.9328 -0.0177
vn -0.9961 0.0735 -0.0489
vn -0.2191 0.9756 -0.0108
vn -0.3136 -0.9494 -0.0154
vn -0.9985 0.0245 -0.0491
vn -0.2667 0.9637 -0.0131
vn -0.2667 -0.9637 -0.0131
vn -0.9985 -0.0245 -0.0491
vn -0.3136 0.9494 -0.0154
vn -0.2191 -0.9756 -0.0108
vn -0.9961 -0.0735 -0.0489
vn -0.3598 0.9328 -0.0177
vn -0.1710 -0.9852 -0.0084
vn -0.9913 -0.1223 -0.0487
vn -0.4052 0.9140 -0.0199
vn -0.1224 -0.9925 -0.0060
vn -0.9841 -0.1707 -0.0483
vn -0.4495 0.8930 -0.0221
vn -0.0736 -0.9973 -0.0036
vn -0.9746 -0.2189 -0.0479
vn -0.4928 0.8698 -0.0242
vn -0.0245 -0.9997 -0.0012
vn -0.9627 -0.2664 -0.0473
vn -0.5348 0.8446 -0.0263
vn -0.9485 -0.3133 -0.0466
vn -0.5756 0.8173 -0.0283
vn -0.9320 -0.3595 -0.0458
vn -0.6149 0.7880 -0.0302
vn -0.9133 -0.4048 -0.0449
vn -0.6528 0.7568 -0.0321
vn -0.8924 -0.4492 -0.0438
vn -0.6891 0.7238 -0.0339
vn -0.8693 -0.4924 -0.0427
vn -0.7238 0.6891 -0.0356
vn -0.8441 -0.5345 -0.0415
vn -0.7567 0.6527 -0.0372
vn -0.8169 -0.5754 -0.0401
vn -0.7878 0.6148 -0.0387
vn -0.7878 -0.6148 -0.0387
vn -0.8169 0.5754 -0.0401
vn -0.7567 -0.6527 -0.0372
vn -0.8441 0.5345 -0.0415
vn -0.7238 -0.6891 -0.0356
vn -0.8693 0.4924 -0.0427
vn -0.6891 -0.7238 -0.0339
vn -0.8924 0.4492 -0.0438
vn -0.6528 -0.7568 -0.0321
vn -0.9133 0.4048 -0.0449
vn -0.6149 -0.7880 -0.0302
vn -0.9320 0.3595 -0.0458
vn -0.5756 -0.8173 -0.0283
vn -0.9485 0.3133 -0.0466
vn -0.5348 -0.8446 -0.0263
vn -0.9627 0.2664 -0.0473
vn -0.0245 0.9997 -0.0012
vn -0.4928 -0.8698 -0.0242
vn -0.9746 0.2189 -0.0479
vn -0.0736 0.9973 -0.0036
vn -0.4495 -0.8930 -0.0221
vn -0.9841 0.1707 -0.0483
vn -0.2170 0.9756 -0.0322
vn -0.3106 -0.9494 -0.0461
vn -0.9889 0.0245 -0.1467
vn -0.2641 0.9637 -0.0392
vn -0.2641 -0.9637 -0.0392
vn -0.9889 -0.0245 -0.1467
vn -0.3106 0.9494 -0.0461
vn -0.2170 -0.9756 -0.0322
vn -0.9865 -0.0735 -0.1463
vn -0.3564 0.9328 -0.0529
vn -0.1693 -0.9852 -0.0251
vn -0.9818 -0.1223 -0.1456
vn -0.4013 0.9140 -0.0595
vn -0.1212 -0.9925 -0.0180
vn -0.9747 -0.1707 -0.1446
vn -0.4452 0.8930 -0.0660
vn -0.0729 -0.9973 -0.0108
vn -0.9652 -0.2189 -0.1432
vn -0.4880 0.8698 -0.0724
vn -0.0243 -0.9997 -0.0036
vn -0.9534 -0.2664 -0.1414
vn -0.5297 0.8446 -0.0786
vn -0.9394 -0.3133 -0.1393
vn -0.5700 0.8173 -0.0846
vn -0.9230 -0.3595 -0.1369
vn -0.6090 0.7880 -0.0903
vn -0.9045 -0.4048 -0.1342
vn -0.6466 0.7568 -0.0959
vn -0.8838 -0.4492 -0.1311
vn -0.6825 0.7238 -0.1012
vn -0.8609 -0.4924 -0.1277
vn -0.7168 0.6891 -0.1063
vn -0.8360 -0.5345 -0.1240
vn -0.7494 0.6527 -0.1112
vn -0.8091 -0.5754 -0.1200
vn -0.7802 0.6148 -0.1157
vn -0.7802 -0.6148 -0.1157
vn -0.8091 0.5754 -0.1200
vn -0.7494 -0.6527 -0.1112
vn -0.8360 0.5345 -0.1240
vn -0.7168 -0.6891 -0.1063
vn -0.8609 0.4924 -0.1277
vn -0.6825 -0.7238 -0.1012
vn -0.8838 0.4492 -0.1311
vn -0.6466 -0.7568 -0.0959
vn -0.9045 0.4048 -0.1342
vn -0.6090 -0.7880 -0.0903
vn -0.9230 0.3595 -0.1369
vn -0.5700 -0.8173 -0.0846
vn -0.9394 0.3133 -0.1393
vn -0.5297 -0.8446 -0.0786
vn -0.9534 0.2664 -0.1414
vn -0.0243 0.9997 -0.0036
vn -0.4880 -0.8698 -0.0724
vn -0.9652 0.2189 -0.1432
vn -0.0729 0.9973 -0.0108
vn -0.4452 -0.8930 -0.0660
vn -0.9747 0.1707 -0.1446
vn -0.1212 0.9925 -0.0180
vn -0.4013 -0.9140 -0.0595
vn -0.9818 0.1223 -0.1456
vn -0.1693 0.9852 -0.0251
vn -0.3564 -0.9328 -0.0529
vn -0.9865 0.0735 -0.1463
vn -0.3046 0.9494 -0.0763
vn -0.2128 -0.9756 -0.0533
vn -0.9674 -0.0735 -0.2423
vn -0.3495 0.9328 -0.0875
vn -0.1660 -0.9852 -0.0416
vn -0.9628 -0.1223 -0.2412
vn -0.3935 0.9140 -0.0986
vn -0.1189 -0.9925 -0.0298
vn -0.9558 -0.1707 -0.2394
vn -0.4366 0.8930 -0.1094
vn -0.0714 -0.9973 -0.0179
vn -0.9465 -0.2189 -0.2371
vn -0.4786 0.8698 -0.1199
vn -0.0238 -0.9997 -0.0060
vn -0.9350 -0.2664 -0.2342
vn -0.5194 0.8446 -0.1301
vn -0.9212 -0.3133 -0.2307
vn -0.5590 0.8173 -0.1400
vn -0.9052 -0.3595 -0.2267
vn -0.5972 0.7880 -0.1496
vn -0.8870 -0.4048 -0.2222
vn -0.6340 0.7568 -0.1588
vn -0.8667 -0.4492 -0.2171
vn -0.6693 0.7238 -0.1677
vn -0.8443 -0.4924 -0.2115
vn -0.7029 0.6891 -0.1761
vn -0.8198 -0.5345 -0.2054
vn -0.7349 0.6527 -0.1841
vn -0.7934 -0.5754 -0.1987
vn -0.7651 0.6148 -0.1916
vn -0.7651 -0.6148 -0.1916
vn -0.7934 0.5754 -0.1987
vn -0.7349 -0.6527 -0.1841
vn -0.8198 0.5345 -0.2054
vn -0.7029 -0.6891 -0.1761
vn -0.8443 0.4924 -0.2115
vn -0.6693 -0.7238 -0.1677
vn -0.8667 0.4492 -0.2171
vn -0.6340 -0.7568 -0.1588
vn -0.8870 0.4048 -0.2222
vn -0.5972 -0.7880 -0.1496
vn -0.9052 0.3595 -0.2267
vn -0.5590 -0.8173 -0.1400
vn -0.9212 0.3133 -0.2307
vn -0.5194 -0.8446 -0.1301
vn -0.9350 0.2664 -0.2342
vn -0.0238 0.9997 -0.0060
vn -0.4786 -0.8698 -0.1199
vn -0.9465 0.2189 -0.2371
vn -0.0714 0.9973 -0.0179
vn -0.4366 -0.8930 -0.1094
vn -0.9558 0.1707 -0.2394
vn -0.1189 0.9925 -0.0298
vn -0.3935 -0.9140 -0.0986
vn -0.9628 0.1223 -0.2412
vn -0.1660 0.9852 -0.0416
vn -0.3495 -0.9328 -0.0875
vn -0.9674 0.0735 -0.2423
vn -0.2128 0.9756 -0.0533
vn -0.3046 -0.9494 -0.0763
vn -0.9697 0.0245 -0.2429
vn -0.2590 0.9637 -0.0649
vn -0.2590 -0.9637 -0.0649
vn -0.9697 -0.0245 -0.2429
vn -0.3819 0.9140 -0.1367
vn -0.4645 -0.8698 -0.1662
vn -0.9277 -0.1707 -0.3319
vn -0.4237 0.8930 -0.1516
vn -0.4237 -0.8930 -0.1516
vn -0.9187 -0.2189 -0.3287
vn -0.4645 0.8698 -0.1662
vn -0.3819 -0.9140 -0.1367
vn -0.9075 -0.2664 -0.3247
vn -0.5041 0.8446 -0.1804
vn -0.3392 -0.9328 -0.1214
vn -0.5426 0.8173 -0.1941
vn -0.2957 -0.9494 -0.1058
vn -0.5797 0.7880 -0.2074
vn -0.2514 -0.9637 -0.0900
vn -0.6154 0.7568 -0.2202
vn -0.2065 -0.9756 -0.0739
vn -0.6496 0.7238 -0.2324
vn -0.1612 -0.9852 -0.0577
vn -0.6823 0.6891 -0.2441
vn -0.1154 -0.9925 -0.0413
vn -0.7133 0.6527 -0.2552
vn -0.0693 -0.9973 -0.0248
vn -0.7426 0.6148 -0.2657
vn -0.0231 -0.9997 -0.0083
vn -0.7701 0.5754 -0.2755
vn -0.8941 -0.3133 -0.3199
vn -0.7957 0.5345 -0.2847
vn -0.8786 -0.3595 -0.3144
vn -0.8195 0.4924 -0.2932
vn -0.8609 -0.4048 -0.3081
vn -0.8412 0.4492 -0.3010
vn -0.8412 -0.4492 -0.3010
vn -0.8609 0.4048 -0.3081
vn -0.8195 -0.4924 -0.2932
vn -0.8786 0.3595 -0.3144
vn -0.7957 -0.5345 -0.2847
vn -0.8941 0.3133 -0.3199
vn -0.7701 -0.5754 -0.2755
vn -0.9075 0.2664 -0.3247
vn -0.0231 0.9997 -0.0083
vn -0.7426 -0.6148 -0.2657
vn -0.9187 0.2189 -0.3287
vn -0.0693 0.9973 -0.0248
vn -0.7133 -0.6527 -0.2552
vn -0.9277 0.1707 -0.3319
vn -0.1154 0.9925 -0.0413
vn -0.6823 -0.6891 -0.2441
vn -0.9345 0.1223 -0.3344
vn -0.1612 0.9852 -0.0577
vn -0.6496 -0.7238 -0.2324
vn -0.9390 0.0735 -0.3360
vn -0.2065 0.9756 -0.0739
vn -0.6154 -0.7568 -0.2202
vn -0.9413 0.0245 -0.3368
vn -0.2514 0.9637 -0.0900
vn -0.5797 -0.7880 -0.2074
vn -0.9413 -0.0245 -0.3368
vn -0.2957 0.9494 -0.1058
vn -0.5426 -0.8173 -0.1941
vn -0.9390 -0.0735 -0.3360
vn -0.3392 0.9328 -0.1214
vn -0.5041 -0.8446 -0.1804
vn -0.9345 -0.1223 -0.3344
vn -0.3667 -0.9140 -0.1734
vn -0.8972 0.1223 -0.4243
vn -0.1547 0.9852 -0.0732
vn -0.3257 -0.9328 -0.1540
vn -0.9015 0.0735 -0.4264
vn -0.1983 0.9756 -0.0938
vn -0.2839 -0.9494 -0.1343
vn -0.9037 0.0245 -0.4274
vn -0.2414 0.9637 -0.1142
vn -0.2414 -0.9637 -0.1142
vn -0.9037 -0.0245 -0.4274
vn -0.2839 0.9494 -0.1343
vn -0.1983 -0.9756 -0.0938
vn -0.9015 -0.0735 -0.4264
vn -0.3257 0.9328 -0.1540
vn -0.1547 -0.9852 -0.0732
vn -0.8972 -0.1223 -0.4243
vn -0.3667 0.9140 -0.1734
vn -0.1108 -0.9925 -0.0524
vn -0.8907 -0.1707 -0.4213
vn -0.4068 0.8930 -0.1924
vn -0.0666 -0.9973 -0.0315
vn -0.8821 -0.2189 -0.4172
vn -0.4460 0.8698 -0.2109
vn -0.0222 -0.9997 -0.0105
vn -0.8713 -0.2664 -0.4121
vn -0.4840 0.8446 -0.2289
vn -0.8585 -0.3133 -0.4060
vn -0.5210 0.8173 -0.2464
vn -0.8435 -0.3595 -0.3990
vn -0.5566 0.7880 -0.2632
vn -0.8266 -0.4048 -0.3910
vn -0.5909 0.7568 -0.2795
vn -0.8077 -0.4492 -0.3820
vn -0.6237 0.7238 -0.2950
vn -0.7868 -0.4924 -0.3721
vn -0.6551 0.6891 -0.3098
vn -0.7640 -0.5345 -0.3613
vn -0.6849 0.6527 -0.3239
vn -0.7394 -0.5754 -0.3497
vn -0.7130 0.6148 -0.3372
vn -0.7130 -0.6148 -0.3372
vn -0.7394 0.5754 -0.3497
vn -0.6849 -0.6527 -0.3239
vn -0.7640 0.5345 -0.3613
vn -0.6551 -0.6891 -0.3098
vn -0.7868 0.4924 -0.3721
vn -0.6237 -0.7238 -0.2950
vn -0.8077 0.4492 -0.3820
vn -0.5909 -0.7568 -0.2795
vn -0.8266 0.4048 -0.3910
vn -0.5566 -0.7880 -0.2632
vn -0.8435 0.3595 -0.3990
vn -0.5210 -0.8173 -0.2464
vn -0.8585 0.3133 -0.4060
vn -0.4840 -0.8446 -0.2289
vn -0.8713 0.2664 -0.4121
vn -0.0222 0.9997 -0.0105
vn -0.4460 -0.8698 -0.2109
vn -0.8821 0.2189 -0.4172
vn -0.0666 0.9973 -0.0315
vn -0.4068 -0.8930 -0.1924
vn -0.8907 0.1707 -0.4213
vn -0.1108 0.9925 -0.0524
vn -0.2693 -0.9494 -0.1614
vn -0.8575 0.0245 -0.5139
vn -0.2290 0.9637 -0.1373
vn -0.2290 -0.9637 -0.1373
vn -0.8575 -0.0245 -0.5139
vn -0.2693 0.9494 -0.1614
vn -0.1881 -0.9756 -0.1128
vn -0.8554 -0.0735 -0.5127
vn -0.3090 0.9328 -0.1852
vn -0.1468 -0.9852 -0.0880
vn -0.8513 -0.1223 -0.5102
vn -0.3479 0.9140 -0.2085
vn -0.1051 -0.9925 -0.0630
vn -0.8451 -0.1707 -0.5066
vn -0.3860 0.8930 -0.2314
vn -0.0632 -0.9973 -0.0379
vn -0.8369 -0.2189 -0.5016
vn -0.4232 0.8698 -0.2536
vn -0.0211 -0.9997 -0.0126
vn -0.8267 -0.2664 -0.4955
vn -0.4593 0.8446 -0.2753
vn -0.8145 -0.3133 -0.4882
vn -0.4943 0.8173 -0.2963
vn -0.8004 -0.3595 -0.4797
vn -0.5281 0.7880 -0.3165
vn -0.7843 -0.4048 -0.4701
vn -0.5606 0.7568 -0.3360
vn -0.7663 -0.4492 -0.4593
vn -0.5918 0.7238 -0.3547
vn -0.7465 -0.4924 -0.4474
vn -0.6216 0.6891 -0.3726
vn -0.7249 -0.5345 -0.4345
vn -0.6498 0.6527 -0.3895
vn -0.7015 -0.5754 -0.4205
vn -0.6765 0.6148 -0.4055
vn -0.6765 -0.6148 -0.4055
vn -0.7015 0.5754 -0.4205
vn -0.6498 -0.6527 -0.3895
vn -0.7249 0.5345 -0.4345
vn -0.6216 -0.6891 -0.3726
vn -0.7465 0.4924 -0.4474
vn -0.5918 -0.7238 -0.3547
vn -0.7663 0.4492 -0.4593
vn -0.5606 -0.7568 -0.3360
vn -0.7843 0.4048 -0.4701
vn -0.5281 -0.7880 -0.3165
vn -0.8004 0.3595 -0.4797
vn -0.4943 -0.8173 -0.2963
vn -0.8145 0.3133 -0.4882
vn -0.4593 -0.8446 -0.2753
vn -0.8267 0.2664 -0.4955
vn -0.0211 0.9997 -0.0126
vn -0.4232 -0.8698 -0.2536
vn -0.8369 0.2189 -0.5016
vn -0.0632 0.9973 -0.0379
vn -0.3860 -0.8930 -0.2314
vn -0.8451 0.1707 -0.5066
vn -0.1051 0.9925 -0.0630
vn -0.3479 -0.9140 -0.2085
vn -0.8513 0.1223 -0.5102
vn -0.1468 0.9852 -0.0880
vn -0.3090 -0.9328 -0.1852
vn -0.8554 0.0735 -0.5127
vn -0.1881 0.9756 -0.1128
vn -0.1762 -0.9756 -0.1307
vn -0.8010 -0.0735 -0.5941
vn -0.2894 0.9328 -0.2146
vn -0.1375 -0.9852 -0.1020
vn -0.7972 -0.1223 -0.5912
vn -0.3258 0.9140 -0.2416
vn -0.0984 -0.9925 -0.0730
vn -0.7914 -0.1707 -0.5870
vn -0.3615 0.8930 -0.2681
vn -0.0592 -0.9973 -0.0439
vn -0.7837 -0.2189 -0.5813
vn -0.3963 0.8698 -0.2939
vn -0.0197 -0.9997 -0.0146
vn -0.7742 -0.2664 -0.5742
vn -0.4301 0.8446 -0.3190
vn -0.7628 -0.3133 -0.5657
vn -0.4629 0.8173 -0.3433
vn -0.7495 -0.3595 -0.5559
vn -0.4945 0.7880 -0.3668
vn -0.7344 -0.4048 -0.5447
vn -0.5250 0.7568 -0.3894
vn -0.7176 -0.4492 -0.5322
vn -0.5542 0.7238 -0.4110
vn -0.6991 -0.4924 -0.5185
vn -0.5821 0.6891 -0.4317
vn -0.6788 -0.5345 -0.5035
vn -0.6085 0.6527 -0.4513
vn -0.6569 -0.5754 -0.4872
vn -0.6335 0.6148 -0.4698
vn -0.6335 -0.6148 -0.4698
vn -0.6569 0.5754 -0.4872
vn -0.6085 -0.6527 -0.4513
vn -0.6788 0.5345 -0.5035
vn -0.5821 -0.6891 -0.4317
vn -0.6991 0.4924 -0.5185
vn -0.5542 -0.7238 -0.4110
vn -0.7176 0.4492 -0.5322
vn -0.5250 -0.7568 -0.3894
vn -0.7344 0.4048 -0.5447
vn -0.4945 -0.7880 -0.3668
vn -0.7495 0.3595 -0.5559
vn -0.4629 -0.8173 -0.3433
vn -0.7628 0.3133 -0.5657
vn -0.4301 -0.8446 -0.3190
vn -0.7742 0.2664 -0.5742
vn -0.0197 0.9997 -0.0146
vn -0.3963 -0.8698 -0.2939
vn -0.7837 0.2189 -0.5813
vn -0.0592 0.9973 -0.0439
vn -0.3615 -0.8930 -0.2681
vn -0.7914 0.1707 -0.5870
vn -0.0984 0.9925 -0.0730
vn -0.3258 -0.9140 -0.2416
vn -0.7972 0.1223 -0.5912
vn -0.1375 0.9852 -0.1020
vn -0.2894 -0.9328 -0.2146
vn -0.8010 0.0735 -0.5941
vn -0.1762 0.9756 -0.1307
vn -0.2522 -0.9494 -0.1871
vn -0.8030 0.0245 -0.5955
vn -0.2145 0.9637 -0.1591
vn -0.2145 -0.9637 -0.1591
vn -0.8030 -0.0245 -0.5955
vn -0.2522 0.9494 -0.1871
vn -0.0908 -0.9925 -0.0823
vn -0.7301 -0.1707 -0.6617
vn -0.3335 0.8930 -0.3022
vn -0.0546 -0.9973 -0.0495
vn -0.7230 -0.2189 -0.6553
vn -0.3655 0.8698 -0.3313
vn -0.0182 -0.9997 -0.0165
vn -0.7142 -0.2664 -0.6473
vn -0.3967 0.8446 -0.3596
vn -0.7036 -0.3133 -0.6377
vn -0.4270 0.8173 -0.3870
vn -0.6914 -0.3595 -0.6267
vn -0.4562 0.7880 -0.4135
vn -0.6775 -0.4048 -0.6141
vn -0.4843 0.7568 -0.4389
vn -0.6620 -0.4492 -0.6000
vn -0.5112 0.7238 -0.4634
vn -0.6449 -0.4924 -0.5845
vn -0.5369 0.6891 -0.4867
vn -0.6262 -0.5345 -0.5676
vn -0.5613 0.6527 -0.5088
vn -0.6060 -0.5754 -0.5493
vn -0.5844 0.6148 -0.5297
vn -0.5844 -0.6148 -0.5297
vn -0.6060 0.5754 -0.5493
vn -0.5613 -0.6527 -0.5088
vn -0.6262 0.5345 -0.5676
vn -0.5369 -0.6891 -0.4867
vn -0.6449 0.4924 -0.5845
vn -0.5112 -0.7238 -0.4634
vn -0.6620 0.4492 -0.6000
vn -0.4843 -0.7568 -0.4389
vn -0.6775 0.4048 -0.6141
vn -0.4562 -0.7880 -0.4135
vn -0.6914 0.3595 -0.6267
vn -0.4270 -0.8173 -0.3870
vn -0.7036 0.3133 -0.6377
vn -0.3967 -0.8446 -0.3596
vn -0.7142 0.2664 -0.6473
vn -0.0182 0.9997 -0.0165
vn -0.3655 -0.8698 -0.3313
vn -0.7230 0.2189 -0.6553
vn -0.0546 0.9973 -0.0495
vn -0.3335 -0.8930 -0.3022
vn -0.7301 0.1707 -0.6617
vn -0.0908 0.9925 -0.0823
vn -0.3006 -0.9140 -0.2724
vn -0.7354 0.1223 -0.6665
vn -0.1268 0.9852 -0.1149
vn -0.2669 -0.9328 -0.2419
vn -0.7389 0.0735 -0.6697
vn -0.1625 0.9756 -0.1473
vn -0.2327 -0.9494 -0.2109
vn -0.7407 0.0245 -0.6714
vn -0.1978 0.9637 -0.1793
vn -0.1978 -0.9637 -0.1793
vn -0.7407 -0.0245 -0.6714
vn -0.2327 0.9494 -0.2109
vn -0.1625 -0.9756 -0.1473
vn -0.7389 -0.0735 -0.6697
vn -0.2669 0.9328 -0.2419
vn -0.1268 -0.9852 -0.1149
vn -0.7354 -0.1223 -0.6665
vn -0.3006 0.9140 -0.2724
vn -0.0165 -0.9997 -0.0182
vn -0.6473 -0.2664 -0.7142
vn -0.3596 0.8446 -0.3967
vn -0.6377 -0.3133 -0.7036
vn -0.3870 0.8173 -0.4270
vn -0.6267 -0.3595 -0.6914
vn -0.4135 0.7880 -0.4562
vn -0.6141 -0.4048 -0.6775
vn -0.4389 0.7568 -0.4843
vn -0.6000 -0.4492 -0.6620
vn -0.4634 0.7238 -0.5112
vn -0.5845 -0.4924 -0.6449
vn -0.4867 0.6891 -0.5369
vn -0.5676 -0.5345 -0.6262
vn -0.5088 0.6527 -0.5613
vn -0.5493 -0.5754 -0.6060
vn -0.5297 0.6148 -0.5844
vn -0.5297 -0.6148 -0.5844
vn -0.5493 0.5754 -0.6060
vn -0.5088 -0.6527 -0.5613
vn -0.5676 0.5345 -0.6262
vn -0.4867 -0.6891 -0.5369
vn -0.5845 0.4925 -0.6449
vn -0.4634 -0.7238 -0.5112
vn -0.6000 0.4492 -0.6620
vn -0.4389 -0.7568 -0.4843
vn -0.6141 0.4048 -0.6775
vn -0.4135 -0.7880 -0.4562
vn -0.6267 0.3595 -0.6914
vn -0.3870 -0.8173 -0.4270
vn -0.6377 0.3133 -0.7036
vn -0.3596 -0.8446 -0.3967
vn -0.6473 0.2664 -0.7142
vn -0.0165 0.9997 -0.0182
vn -0.3313 -0.8698 -0.3655
vn -0.6553 0.2189 -0.7230
vn -0.0495 0.9973 -0.0546
vn -0.3022 -0.8930 -0.3335
vn -0.6617 0.1707 -0.7301
vn -0.0823 0.9925 -0.0908
vn -0.2724 -0.9140 -0.3006
vn -0.6665 0.1223 -0.7354
vn -0.1149 0.9852 -0.1268
vn -0.2419 -0.9328 -0.2669
vn -0.6697 0.0735 -0.7389
vn -0.1473 0.9756 -0.1625
vn -0.2109 -0.9494 -0.2327
vn -0.6714 0.0245 -0.7407
vn -0.1793 0.9637 -0.1978
vn -0.1793 -0.9637 -0.1978
vn -0.6714 -0.0245 -0.7407
vn -0.2109 0.9494 -0.2327
vn -0.1473 -0.9756 -0.1625
vn -0.6697 -0.0735 -0.7389
vn -0.2419 0.9328 -0.2669
vn -0.1149 -0.9852 -0.1268
vn -0.6665 -0.1223 -0.7354
vn -0.2724 0.9140 -0.3006
vn -0.0823 -0.9925 -0.0908
vn -0.6617 -0.1707 -0.7301
vn -0.3022 0.8930 -0.3335
vn -0.0495 -0.9973 -0.0546
vn -0.6553 -0.2189 -0.7230
vn -0.3313 0.8698 -0.3655
vn -0.5559 -0.3595 -0.7495
vn -0.3668 0.7880 -0.4945
vn -0.5447 -0.4048 -0.7344
vn -0.3894 0.7568 -0.5250
vn -0.5322 -0.4492 -0.7176
vn -0.4110 0.7238 -0.5542
vn -0.5185 -0.4924 -0.6991
vn -0.4317 0.6891 -0.5821
vn -0.5035 -0.5345 -0.6788
vn -0.4513 0.6527 -0.6085
vn -0.4872 -0.5754 -0.6569
vn -0.4698 0.6148 -0.6335
vn -0.4698 -0.6148 -0.6335
vn -0.4872 0.5754 -0.6569
vn -0.4513 -0.6527 -0.6085
vn -0.5035 0.5345 -0.6788
vn -0.4317 -0.6891 -0.5821
vn -0.5185 0.4924 -0.6991
vn -0.4110 -0.7238 -0.5542
vn -0.5322 0.4492 -0.7176
vn -0.3894 -0.7568 -0.5250
vn -0.5447 0.4048 -0.7344
vn -0.3668 -0.7880 -0.4945
vn -0.5559 0.3595 -0.7495
vn -0.3433 -0.8173 -0.4629
vn -0.5657 0.3133 -0.7628
vn -0.3190 -0.8446 -0.4301
vn -0.5742 0.2664 -0.7742
vn -0.0146 0.9997 -0.0197
vn -0.2939 -0.8698 -0.3963
vn -0.5813 0.2189 -0.7837
vn -0.0439 0.9973 -0.0592
vn -0.2681 -0.8930 -0.3615
vn -0.5870 0.1707 -0.7914
vn -0.0730 0.9925 -0.0984
vn -0.2416 -0.9140 -0.3258
vn -0.5912 0.1223 -0.7972
vn -0.1020 0.9852 -0.1375
vn -0.2146 -0.9328 -0.2894
vn -0.5941 0.0735 -0.8010
vn -0.1307 0.9756 -0.1762
vn -0.1871 -0.9494 -0.2522
vn -0.5955 0.0245 -0.8030
vn -0.1591 0.9637 -0.2145
vn -0.1591 -0.9637 -0.2145
vn -0.5955 -0.0245 -0.8030
vn -0.1871 0.9494 -0.2522
vn -0.1307 -0.9756 -0.1762
vn -0.5941 -0.0735 -0.8010
vn -0.2146 0.9328 -0.2894
vn -0.1020 -0.9852 -0.1375
vn -0.5912 -0.1223 -0.7972
vn -0.2416 0.9140 -0.3258
vn -0.0730 -0.9925 -0.0984
vn -0.5870 -0.1707 -0.7914
vn -0.2681 0.8930 -0.3615
vn -0.0439 -0.9973 -0.0592
vn -0.5813 -0.2189 -0.7837
vn -0.2939 0.8698 -0.3963
vn -0.0146 -0.9997 -0.0197
vn -0.5742 -0.2664 -0.7742
vn -0.3190 0.8446 -0.4301
vn -0.5657 -0.3133 -0.7628
vn -0.3433 0.8173 -0.4629
vn -0.4593 -0.4492 -0.7663
vn -0.3547 0.7238 -0.5918
vn -0.4474 -0.4925 -0.7465
vn -0.3726 0.6891 -0.6216
vn -0.4345 -0.5345 -0.7249
vn -0.3895 0.6527 -0.6498
vn -0.4205 -0.5754 -0.7015
vn -0.4055 0.6148 -0.6765
vn -0.4055 -0.6148 -0.6765
vn -0.4205 0.5754 -0.7015
vn -0.3895 -0.6527 -0.6498
vn -0.4345 0.5345 -0.7249
vn -0.3726 -0.6891 -0.6216
vn -0.4474 0.4924 -0.7465
vn -0.3547 -0.7238 -0.5918
vn -0.4593 0.4492 -0.7663
vn -0.3360 -0.7568 -0.5606
vn -0.4701 0.4048 -0.7843
vn -0.3165 -0.7880 -0.5281
vn -0.4797 0.3595 -0.8004
vn -0.2963 -0.8173 -0.4943
vn -0.4882 0.3133 -0.8145
vn -0.2753 -0.8446 -0.4593
vn -0.4955 0.2664 -0.8267
vn -0.0126 0.9997 -0.0211
vn -0.2536 -0.8698 -0.4232
vn -0.5016 0.2189 -0.8369
vn -0.0379 0.9973 -0.0632
vn -0.2314 -0.8930 -0.3860
vn -0.5066 0.1707 -0.8451
vn -0.0630 0.9925 -0.1051
vn -0.2085 -0.9140 -0.3479
vn -0.5102 0.1223 -0.8513
vn -0.0880 0.9852 -0.1468
vn -0.1852 -0.9328 -0.3090
vn -0.5127 0.0735 -0.8554
vn -0.1128 0.9756 -0.1881
vn -0.1614 -0.9494 -0.2693
vn -0.5139 0.0245 -0.8575
vn -0.1373 0.9637 -0.2290
vn -0.1373 -0.9637 -0.2290
vn -0.5139 -0.0245 -0.8575
vn -0.1614 0.9494 -0.2693
vn -0.1128 -0.9756 -0.1881
vn -0.5127 -0.0735 -0.8554
vn -0.1852 0.9328 -0.3090
vn -0.0880 -0.9852 -0.1468
vn -0.5102 -0.1223 -0.8513
vn -0.2085 0.9140 -0.3479
vn -0.0630 -0.9925 -0.1051
vn -0.5066 -0.1707 -0.8451
vn -0.2314 0.8930 -0.3860
vn -0.0379 -0.9973 -0.0632
vn -0.5016 -0.2189 -0.8369
vn -0.2536 0.8698 -0.4232
vn -0.0126 -0.9997 -0.0211
vn -0.4955 -0.2664 -0.8267
vn -0.2753 0.8446 -0.4593
vn -0.4882 -0.3133 -0.8145
vn -0.2963 0.8173 -0.4943
vn -0.4797 -0.3595 -0.8004
vn -0.3165 0.7880 -0.5281
vn -0.4701 -0.4048 -0.7843
vn -0.3360 0.7568 -0.5606
vn -0.3613 -0.5345 -0.7640
vn -0.3239 0.6527 -0.6849
vn -0.3497 -0.5754 -0.7394
vn -0.3372 0.6148 -0.7130
vn -0.3372 -0.6148 -0.7130
vn -0.3497 0.5754 -0.7394
vn -0.3239 -0.6527 -0.6849
vn -0.3613 0.5345 -0.7640
vn -0.3098 -0.6891 -0.6551
vn -0.3721 0.4925 -0.7868
vn -0.2950 -0.7238 -0.6237
vn -0.3820 0.4492 -0.8077
vn -0.2795 -0.7568 -0.5909
vn -0.3910 0.4048 -0.8266
vn -0.2632 -0.7880 -0.5566
vn -0.3990 0.3595 -0.8435
vn -0.2464 -0.8173 -0.5210
vn -0.4060 0.3133 -0.8585
vn -0.2289 -0.8446 -0.4840
vn -0.4121 0.2664 -0.8713
vn -0.0105 0.9997 -0.0222
vn -0.2109 -0.8698 -0.4460
vn -0.4172 0.2189 -0.8821
vn -0.0315 0.9973 -0.0666
vn -0.1924 -0.8930 -0.4068
vn -0.4213 0.1707 -0.8907
vn -0.0524 0.9925 -0.1108
vn -0.1734 -0.9140 -0.3667
vn -0.4243 0.1223 -0.8972
vn -0.0732 0.9852 -0.1547
vn -0.1540 -0.9328 -0.3257
vn -0.4264 0.0735 -0.9015
vn -0.0938 0.9756 -0.1983
vn -0.1343 -0.9494 -0.2839
vn -0.4274 0.0245 -0.9037
vn -0.1142 0.9637 -0.2414
vn -0.1142 -0.9637 -0.2414
vn -0.4274 -0.0245 -0.9037
vn -0.1343 0.9494 -0.2839
vn -0.0938 -0.9756 -0.1983
vn -0.4264 -0.0735 -0.9015
vn -0.1540 0.9328 -0.3257
vn -0.0732 -0.9852 -0.1547
vn -0.4243 -0.1223 -0.8972
vn -0.1734 0.9140 -0.3667
vn -0.0524 -0.9925 -0.1108
vn -0.4213 -0.1707 -0.8907
vn -0.1924 0.8930 -0.4068
vn -0.0315 -0.9973 -0.0666
vn -0.4172 -0.2189 -0.8821
vn -0.2109 0.8698 -0.4460
vn -0.0105 -0.9997 -0.0222
vn -0.4121 -0.2664 -0.8713
vn -0.2289 0.8446 -0.4840
vn -0.4060 -0.3133 -0.8585
vn -0.2464 0.8173 -0.5210
vn -0.3990 -0.3595 -0.8435
vn -0.2632 0.7880 -0.5566
vn -0.3910 -0.4048 -0.8266
vn -0.2795 0.7568 -0.5909
vn -0.3820 -0.4492 -0.8077
vn -0.2950 0.7238 -0.6237
vn -0.3721 -0.4925 -0.7868
vn -0.3098 0.6891 -0.6551
vn -0.2657 -0.6148 -0.7426
vn -0.2755 0.5754 -0.7701
vn -0.2552 -0.6527 -0.7133
vn -0.2847 0.5345 -0.7957
vn -0.2441 -0.6891 -0.6823
vn -0.2932 0.4925 -0.8195
vn -0.2324 -0.7238 -0.6496
vn -0.3010 0.4492 -0.8412
vn -0.2202 -0.7568 -0.6154
vn -0.3081 0.4048 -0.8609
vn -0.2074 -0.7880 -0.5797
vn -0.3144 0.3595 -0.8786
vn -0.1941 -0.8173 -0.5426
vn -0.3199 0.3133 -0.8941
vn -0.1804 -0.8446 -0.5041
vn -0.3247 0.2664 -0.9075
vn -0.0083 0.9997 -0.0231
vn -0.1662 -0.8698 -0.4645
vn -0.3287 0.2189 -0.9187
vn -0.0248 0.9973 -0.0693
vn -0.1516 -0.8930 -0.4237
vn -0.3319 0.1707 -0.9277
vn -0.0413 0.9925 -0.1154
vn -0.1367 -0.9140 -0.3819
vn -0.3344 0.1223 -0.9345
vn -0.0577 0.9852 -0.1612
vn -0.1214 -0.9328 -0.3392
vn -0.3360 0.0735 -0.9390
vn -0.0739 0.9756 -0.2065
vn -0.1058 -0.9494 -0.2957
vn -0.3368 0.0245 -0.9413
vn -0.0900 0.9637 -0.2514
vn -0.0900 -0.9637 -0.2514
vn -0.3368 -0.0245 -0.9413
vn -0.1058 0.9494 -0.2957
vn -0.0739 -0.9756 -0.2065
vn -0.3360 -0.0735 -0.9390
vn -0.1214 0.9328 -0.3392
vn -0.0577 -0.9852 -0.1612
vn -0.3344 -0.1223 -0.9345
vn -0.1367 0.9140 -0.3819
vn -0.0413 -0.9925 -0.1154
vn -0.3319 -0.1707 -0.9277
vn -0.1516 0.8930 -0.4237
vn -0.0248 -0.9973 -0.0693
vn -0.3287 -0.2189 -0.9187
vn -0.1662 0.8698 -0.4645
vn -0.0083 -0.9997 -0.0231
vn -0.3247 -0.2664 -0.9075
vn -0.1804 0.8446 -0.5041
vn -0.3199 -0.3133 -0.8941
vn -0.1941 0.8173 -0.5426
vn -0.3144 -0.3595 -0.8786
vn -0.2074 0.7880 -0.5797
vn -0.3081 -0.4048 -0.8609
vn -0.2202 0.7568 -0.6154
vn -0.3010 -0.4492 -0.8412
vn -0.2324 0.7238 -0.6496
vn -0.2932 -0.4925 -0.8195
vn -0.2441 0.6891 -0.6823
vn -0.2847 -0.5345 -0.7957
vn -0.2552 0.6527 -0.7133
vn -0.2755 -0.5754 -0.7701
vn -0.2657 0.6148 -0.7426
vn -0.1761 -0.6891 -0.7029
vn -0.2115 0.4925 -0.8443
vn -0.1677 -0.7238 -0.6693
vn -0.2171 0.4492 -0.8667
vn -0.1588 -0.7568 -0.6340
vn -0.2222 0.4048 -0.8870
vn -0.1496 -0.7880 -0.5972
vn -0.2267 0.3595 -0.9052
vn -0.1400 -0.8173 -0.5590
vn -0.2307 0.3133 -0.9212
vn -0.1301 -0.8446 -0.5194
vn -0.2342 0.2664 -0.9350
vn -0.0060 0.9997 -0.0238
vn -0.1199 -0.8698 -0.4786
vn -0.2371 0.2189 -0.9465
vn -0.0179 0.9973 -0.0714
vn -0.1094 -0.8930 -0.4366
vn -0.2394 0.1707 -0.9558
vn -0.0298 0.9925 -0.1189
vn -0.0986 -0.9140 -0.3935
vn -0.2412 0.1223 -0.9628
vn -0.0416 0.9852 -0.1660
vn -0.0875 -0.9328 -0.3495
vn -0.2423 0.0735 -0.9674
vn -0.0533 0.9756 -0.2128
vn -0.0763 -0.9494 -0.3046
vn -0.2429 0.0245 -0.9697
vn -0.0649 0.9637 -0.2590
vn -0.0649 -0.9637 -0.2590
vn -0.2429 -0.0245 -0.9697
vn -0.0763 0.9494 -0.3046
vn -0.0533 -0.9756 -0.2128
vn -0.2423 -0.0735 -0.9674
vn -0.0875 0.9328 -0.3495
vn -0.0416 -0.9852 -0.1660
vn -0.2412 -0.1223 -0.9628
vn -0.0986 0.9140 -0.3935
vn -0.0298 -0.9925 -0.1189
vn -0.2394 -0.1707 -0.9558
vn -0.1094 0.8930 -0.4366
vn -0.0179 -0.9973 -0.0714
vn -0.2371 -0.2189 -0.9465
vn -0.1199 0.8698 -0.4786
vn -0.0060 -0.9997 -0.0238
vn -0.2342 -0.2664 -0.9350
vn -0.1301 0.8446 -0.5194
vn -0.2307 -0.3133 -0.9212
vn -0.1400 0.8173 -0.5590
vn -0.2267 -0.3595 -0.9052
vn -0.1496 0.7880 -0.5972
vn -0.2222 -0.4048 -0.8870
vn -0.1588 0.7568 -0.6340
vn -0.2171 -0.4492 -0.8667
vn -0.1677 0.7238 -0.6693
vn -0.2115 -0.4925 -0.8443
vn -0.1761 0.6891 -0.7029
vn -0.2054 -0.5345 -0.8198
vn -0.1841 0.6527 -0.7349
vn -0.1987 -0.5754 -0.7934
vn -0.1916 0.6148 -0.7651
vn -0.1916 -0.6148 -0.7651
vn -0.1987 0.5754 -0.7934
vn -0.1841 -0.6527 -0.7349
vn -0.2054 0.5345 -0.8198
vn -0.0959 -0.7568 -0.6466
vn -0.1342 0.4048 -0.9045
vn -0.0903 -0.7880 -0.6090
vn -0.1369 0.3595 -0.9230
vn -0.0846 -0.8173 -0.5700
vn -0.1393 0.3133 -0.9394
vn -0.0786 -0.8446 -0.5297
vn -0.1414 0.2664 -0.9534
vn -0.0036 0.9997 -0.0243
vn -0.0724 -0.8698 -0.4880
vn -0.1432 0.2189 -0.9652
vn -0.0108 0.9973 -0.0729
vn -0.0660 -0.8930 -0.4452
vn -0.1446 0.1707 -0.9747
vn -0.0180 0.9925 -0.1212
vn -0.0595 -0.9140 -0.4013
vn -0.1456 0.1223 -0.9818
vn -0.0251 0.9852 -0.1693
vn -0.0529 -0.9328 -0.3564
vn -0.1463 0.0735 -0.9865
vn -0.0322 0.9756 -0.2170
vn -0.0461 -0.9494 -0.3106
vn -0.1467 0.0245 -0.9889
vn -0.0392 0.9637 -0.2641
vn -0.0392 -0.9637 -0.2641
vn -0.1467 -0.0245 -0.9889
vn -0.0461 0.9494 -0.3106
vn -0.0322 -0.9756 -0.2170
vn -0.1463 -0.0735 -0.9865
vn -0.0529 0.9328 -0.3564
vn -0.0251 -0.9852 -0.1693
vn -0.1456 -0.1223 -0.9818
vn -0.0595 0.9140 -0.4013
vn -0.0180 -0.9925 -0.1212
vn -0.1446 -0.1707 -0.9747
vn -0.0660 0.8930 -0.4452
vn -0.0108 -0.9973 -0.0729
vn -0.1432 -0.2189 -0.9652
vn -0.0724 0.8698 -0.4880
vn -0.0036 -0.9997 -0.0243
vn -0.1414 -0.2664 -0.9534
vn -0.0786 0.8446 -0.5297
vn -0.1393 -0.3133 -0.9394
vn -0.0846 0.8173 -0.5700
vn -0.1369 -0.3595 -0.9230
vn -0.0903 0.7880 -0.6090
vn -0.1342 -0.4048 -0.9045
vn -0.0959 0.7568 -0.6466
vn -0.1311 -0.4492 -0.8838
vn -0.1012 0.7238 -0.6825
vn -0.1277 -0.4925 -0.8609
vn -0.1063 0.6891 -0.7168
vn -0.1240 -0.5345 -0.8360
vn -0.1112 0.6527 -0.7494
vn -0.1200 -0.5754 -0.8091
vn -0.1157 0.6148 -0.7802
vn -0.1157 -0.6148 -0.7802
vn -0.1200 0.5754 -0.8091
vn -0.1112 -0.6527 -0.7494
vn -0.1240 0.5345 -0.8360
vn -0.1063 -0.6891 -0.7168
vn -0.1277 0.4925 -0.8609
vn -0.1012 -0.7238 -0.6825
vn -0.1311 0.4492 -0.8838
vn -0.0283 -0.8173 -0.5756
vn -0.0466 0.3133 -0.9485
vn -0.0263 -0.8446 -0.5348
vn -0.0473 0.2664 -0.9627
vn -0.0012 0.9997 -0.0245
vn -0.0242 -0.8698 -0.4928
vn -0.0479 0.2189 -0.9746
vn -0.0036 0.9973 -0.0736
vn -0.0221 -0.8930 -0.4495
vn -0.0484 0.1707 -0.9841
vn -0.0060 0.9925 -0.1224
vn -0.0199 -0.9140 -0.4052
vn -0.0487 0.1223 -0.9913
vn -0.0084 0.9852 -0.1710
vn -0.0177 -0.9328 -0.3598
vn -0.0489 0.0735 -0.9961
vn -0.0108 0.9756 -0.2191
vn -0.0154 -0.9494 -0.3136
vn -0.0491 0.0245 -0.9985
vn -0.0131 0.9637 -0.2667
vn -0.0131 -0.9637 -0.2667
vn -0.0491 -0.0245 -0.9985
vn -0.0154 0.9494 -0.3136
vn -0.0108 -0.9756 -0.2191
vn -0.0489 -0.0735 -0.9961
vn -0.0177 0.9328 -0.3598
vn -0.0084 -0.9852 -0.1710
vn -0.0487 -0.1223 -0.9913
vn -0.0199 0.9140 -0.4052
vn -0.0060 -0.9925 -0.1224
vn -0.0484 -0.1707 -0.9841
vn -0.0221 0.8930 -0.4495
vn -0.0036 -0.9973 -0.0736
vn -0.0479 -0.2189 -0.9746
vn -0.0242 0.8698 -0.4928
vn -0.0012 -0.9997 -0.0245
vn -0.0473 -0.2664 -0.9627
vn -0.0263 0.8446 -0.5348
vn -0.0466 -0.3133 -0.9485
vn -0.0283 0.8173 -0.5756
vn -0.0458 -0.3595 -0.9320
vn -0.0302 0.7880 -0.6149
vn -0.0449 -0.4048 -0.9133
vn -0.0321 0.7568 -0.6528
vn -0.0438 -0.4492 -0.8924
vn -0.0339 0.7238 -0.6891
vn -0.0427 -0.4924 -0.8693
vn -0.0356 0.6891 -0.7238
vn -0.0415 -0.5345 -0.8441
vn -0.0372 0.6527 -0.7567
vn -0.0401 -0.5754 -0.8169
vn -0.0387 0.6148 -0.7878
vn -0.0387 -0.6148 -0.7878
vn -0.0401 0.5754 -0.8169
vn -0.0372 -0.6527 -0.7567
vn -0.0415 0.5345 -0.8441
vn -0.0356 -0.6891 -0.7238
vn -0.0427 0.4924 -0.8693
vn -0.0339 -0.7238 -0.6891
vn -0.0438 0.4492 -0.8924
vn -0.0321 -0.7568 -0.6528
vn -0.0449 0.4048 -0.9133
vn -0.0302 -0.7880 -0.6149
vn -0.0458 0.3595 -0.9320
vt 0.750000 0.406250
vt 0.750000 0.421875
vt 0.734375 0.421875
vt 0.734375 0.406250
vt 0.750000 0.812500
vt 0.750000 0.828125
vt 0.734375 0.828125
vt 0.734375 0.812500
vt 0.750000 0.390625
vt 0.734375 0.390625
vt 0.750000 0.796875
vt 0.734375 0.796875
vt 0.750000 0.375000
vt 0.734375 0.375000
vt 0.750000 0.781250
vt 0.734375 0.781250
vt 0.750000 0.359375
vt 0.734375 0.359375
vt 0.750000 0.765625
vt 0.734375 0.765625
vt 0.750000 0.343750
vt 0.734375 0.343750
vt 0.750000 0.750000
vt 0.734375 0.750000
vt 0.750000 0.328125
vt 0.734375 0.328125
vt 0.750000 0.734375
vt 0.734375 0.734375
vt 0.750000 0.312500
vt 0.734375 0.312500
vt 0.750000 0.718750
vt 0.734375 0.718750
vt 0.750000 0.296875
vt 0.734375 0.296875
vt 0.750000 0.703125
vt 0.734375 0.703125
vt 0.750000 0.281250
vt 0.734375 0.281250
vt 0.750000 0.687500
vt 0.734375 0.687500
vt 0.750000 0.265625
vt 0.734375 0.265625
vt 0.750000 0.671875
vt 0.734375 0.671875
vt 0.750000 0.250000
vt 0.734375 0.250000
vt 0.750000 0.656250
vt 0.734375 0.656250
vt 0.750000 0.234375
vt 0.734375 0.234375
vt 0.750000 0.640625
vt 0.734375 0.640625
vt 0.750000 0.218750
vt 0.734375 0.218750
vt 0.750000 0.625000
vt 0.734375 0.625000
vt 0.750000 0.203125
vt 0.734375 0.203125
vt 0.750000 0.609375
vt 0.734375 0.609375
vt 0.750000 0.187500
vt 0.734375 0.187500
vt 0.750000 0.593750
vt 0.734375 0.593750
vt 0.750000 0.171875
vt 0.734375 0.171875
vt 0.750000 0.578125
vt 0.734375 0.578125
vt 0.750000 0.984375
vt 0.742188 1.000000
vt 0.734375 0.984375
vt 0.750000 0.156250
vt 0.734375 0.156250
vt 0.750000 0.562500
vt 0.734375 0.562500
vt 0.750000 0.968750
vt 0.734375 0.968750
vt 0.750000 0.140625
vt 0.734375 0.140625
vt 0.750000 0.546875
vt 0.734375 0.546875
vt 0.750000 0.953125
vt 0.734375 0.953125
vt 0.750000 0.125000
vt 0.734375 0.125000
vt 0.750000 0.531250
vt 0.734375 0.531250
vt 0.750000 0.937500
vt 0.734375 0.937500
vt 0.750000 0.109375
vt 0.734375 0.109375
vt 0.750000 0.515625
vt 0.734375 0.515625
vt 0.750000 0.921875
vt 0.734375 0.921875
vt 0.750000 0.093750
vt 0.734375 0.093750
vt 0.750000 0.500000
vt 0.734375 0.500000
vt 0.750000 0.906250
vt 0.734375 0.906250
vt 0.750000 0.078125
vt 0.734375 0.078125
vt 0.750000 0.484375
vt 0.734375 0.484375
vt 0.750000 0.890625
vt 0.734375 0.890625
vt 0.750000 0.062500
vt 0.734375 0.062500
vt 0.750000 0.468750
vt 0.734375 0.468750
vt 0.750000 0.875000
vt 0.734375 0.875000
vt 0.750000 0.046875
vt 0.734375 0.046875
vt 0.750000 0.453125
vt 0.734375 0.453125
vt 0.750000 0.859375
vt 0.734375 0.859375
vt 0.750000 0.031250
vt 0.734375 0.031250
vt 0.750000 0.437500
vt 0.734375 0.437500
vt 0.750000 0.843750
vt 0.734375 0.843750
vt 0.750000 0.015625
vt 0.734375 0.015625
vt 0.742188 0.000000
vt 0.718750 0.187500
vt 0.718750 0.171875
vt 0.718750 0.593750
vt 0.718750 0.578125
vt 0.726562 1.000000
vt 0.718750 0.984375
vt 0.718750 0.156250
vt 0.718750 0.562500
vt 0.718750 0.968750
vt 0.718750 0.140625
vt 0.718750 0.546875
vt 0.718750 0.953125
vt 0.718750 0.125000
vt 0.718750 0.531250
vt 0.718750 0.937500
vt 0.718750 0.109375
vt 0.718750 0.515625
vt 0.718750 0.921875
vt 0.718750 0.093750
vt 0.718750 0.500000
vt 0.718750 0.906250
vt 0.718750 0.078125
vt 0.718750 0.484375
vt 0.718750 0.890625
vt 0.718750 0.062500
vt 0.718750 0.468750
vt 0.718750 0.875000
vt 0.718750 0.046875
vt 0.718750 0.453125
vt 0.718750 0.859375
vt 0.718750 0.031250
vt 0.718750 0.437500
vt 0.718750 0.843750
vt 0.718750 0.015625
vt 0.718750 0.421875
vt 0.718750 0.828125
vt 0.726562 0.000000
vt 0.718750 0.406250
vt 0.718750 0.812500
vt 0.718750 0.390625
vt 0.718750 0.796875
vt 0.718750 0.375000
vt 0.718750 0.781250
vt 0.718750 0.359375
vt 0.718750 0.765625
vt 0.718750 0.343750
vt 0.718750 0.750000
vt 0.718750 0.328125
vt 0.718750 0.734375
vt 0.718750 0.312500
vt 0.718750 0.718750
vt 0.718750 0.296875
vt 0.718750 0.703125
vt 0.718750 0.281250
vt 0.718750 0.687500
vt 0.718750 0.265625
vt 0.718750 0.671875
vt 0.718750 0.250000
vt 0.718750 0.656250
vt 0.718750 0.234375
vt 0.718750 0.640625
vt 0.718750 0.218750
vt 0.718750 0.625000
vt 0.718750 0.203125
vt 0.718750 0.609375
vt 0.703125 0.156250
vt 0.703125 0.140625
vt 0.703125 0.562500
vt 0.703125 0.546875
vt 0.703125 0.968750
vt 0.703125 0.953125
vt 0.703125 0.125000
vt 0.703125 0.531250
vt 0.703125 0.937500
vt 0.703125 0.109375
vt 0.703125 0.515625
vt 0.703125 0.921875
vt 0.703125 0.093750
vt 0.703125 0.500000
vt 0.703125 0.906250
vt 0.703125 0.078125
vt 0.703125 0.484375
vt 0.703125 0.890625
vt 0.703125 0.062500
vt 0.703125 0.468750
vt 0.703125 0.875000
vt 0.703125 0.046875
vt 0.703125 0.453125
vt 0.703125 0.859375
vt 0.703125 0.031250
vt 0.703125 0.437500
vt 0.703125 0.843750
vt 0.703125 0.015625
vt 0.703125 0.421875
vt 0.703125 0.828125
vt 0.710938 0.000000
vt 0.703125 0.406250
vt 0.703125 0.812500
vt 0.703125 0.390625
vt 0.703125 0.796875
vt 0.703125 0.375000
vt 0.703125 0.781250
vt 0.703125 0.359375
vt 0.703125 0.765625
vt 0.703125 0.343750
vt 0.703125 0.750000
vt 0.703125 0.328125
vt 0.703125 0.734375
vt 0.703125 0.312500
vt 0.703125 0.718750
vt 0.703125 0.296875
vt 0.703125 0.703125
vt 0.703125 0.281250
vt 0.703125 0.687500
vt 0.703125 0.265625
vt 0.703125 0.671875
vt 0.703125 0.250000
vt 0.703125 0.656250
vt 0.703125 0.234375
vt 0.703125 0.640625
vt 0.703125 0.218750
vt 0.703125 0.625000
vt 0.703125 0.203125
vt 0.703125 0.609375
vt 0.703125 0.187500
vt 0.703125 0.593750
vt 0.703125 0.171875
vt 0.703125 0.578125
vt 0.710938 1.000000
vt 0.703125 0.984375
vt 0.687500 0.125000
vt 0.687500 0.109375
vt 0.687500 0.531250
vt 0.687500 0.515625
vt 0.687500 0.937500
vt 0.687500 0.921875
vt 0.687500 0.093750
vt 0.687500 0.500000
vt 0.687500 0.906250
vt 0.687500 0.078125
vt 0.687500 0.484375
vt 0.687500 0.890625
vt 0.687500 0.062500
vt 0.687500 0.468750
vt 0.687500 0.875000
vt 0.687500 0.046875
vt 0.687500 0.453125
vt 0.687500 0.859375
vt 0.687500 0.031250
vt 0.687500 0.437500
vt 0.687500 0.843750
vt 0.687500 0.015625
vt 0.687500 0.421875
vt 0.687500 0.828125
vt 0.695312 0.000000
vt 0.687500 0.406250
vt 0.687500 0.812500
vt 0.687500 0.390625
vt 0.687500 0.796875
vt 0.687500 0.375000
vt 0.687500 0.781250
vt 0.687500 0.359375
vt 0.687500 0.765625
vt 0.687500 0.343750
vt 0.687500 0.750000
vt 0.687500 0.328125
vt 0.687500 0.734375
vt 0.687500 0.312500
vt 0.687500 0.718750
vt 0.687500 0.296875
vt 0.687500 0.703125
vt 0.687500 0.281250
vt 0.687500 0.687500
vt 0.687500 0.265625
vt 0.687500 0.671875
vt 0.687500 0.250000
vt 0.687500 0.656250
vt 0.687500 0.234375
vt 0.687500 0.640625
vt 0.687500 0.218750
vt 0.687500 0.625000
vt 0.687500 0.203125
vt 0.687500 0.609375
vt 0.687500 0.187500
vt 0.687500 0.593750
vt 0.687500 0.171875
vt 0.687500 0.578125
vt 0.695312 1.000000
vt 0.687500 0.984375
vt 0.687500 0.156250
vt 0.687500 0.562500
vt 0.687500 0.968750
vt 0.687500 0.140625
vt 0.687500 0.546875
vt 0.687500 0.953125
vt 0.671875 0.093750
vt 0.671875 0.078125
vt 0.671875 0.500000
vt 0.671875 0.484375
vt 0.671875 0.906250
vt 0.671875 0.890625
vt 0.671875 0.062500
vt 0.671875 0.468750
vt 0.671875 0.875000
vt 0.671875 0.046875
vt 0.671875 0.453125
vt 0.671875 0.859375
vt 0.671875 0.031250
vt 0.671875 0.437500
vt 0.671875 0.843750
vt 0.671875 0.015625
vt 0.671875 0.421875
vt 0.671875 0.828125
vt 0.679688 0.000000
vt 0.671875 0.406250
vt 0.671875 0.812500
vt 0.671875 0.390625
vt 0.671875 0.796875
vt 0.671875 0.375000
vt 0.671875 0.781250
vt 0.671875 0.359375
vt 0.671875 0.765625
vt 0.671875 0.343750
vt 0.671875 0.750000
vt 0.671875 0.328125
vt 0.671875 0.734375
vt 0.671875 0.312500
vt 0.671875 0.718750
vt 0.671875 0.296875
vt 0.671875 0.703125
vt 0.671875 0.281250
vt 0.671875 0.687500
vt 0.671875 0.265625
vt 0.671875 0.671875
vt 0.671875 0.250000
vt 0.671875 0.656250
vt 0.671875 0.234375
vt 0.671875 0.640625
vt 0.671875 0.218750
vt 0.671875 0.625000
vt 0.671875 0.203125
vt 0.671875 0.609375
vt 0.671875 0.187500
vt 0.671875 0.593750
vt 0.671875 0.171875
vt 0.671875 0.578125
vt 0.679688 1.000000
vt 0.671875 0.984375
vt 0.671875 0.156250
vt 0.671875 0.562500
vt 0.671875 0.968750
vt 0.671875 0.140625
vt 0.671875 0.546875
vt 0.671875 0.953125
vt 0.671875 0.125000
vt 0.671875 0.531250
vt 0.671875 0.937500
vt 0.671875 0.109375
vt 0.671875 0.515625
vt 0.671875 0.921875
vt 0.656250 0.062500
vt 0.656250 0.046875
vt 0.656250 0.468750
vt 0.656250 0.453125
vt 0.656250 0.875000
vt 0.656250 0.859375
vt 0.656250 0.031250
vt 0.656250 0.437500
vt 0.656250 0.843750
vt 0.656250 0.015625
vt 0.656250 0.421875
vt 0.656250 0.828125
vt 0.664062 0.000000
vt 0.656250 0.406250
vt 0.656250 0.812500
vt 0.656250 0.390625
vt 0.656250 0.796875
vt 0.656250 0.375000
vt 0.656250 0.781250
vt 0.656250 0.359375
vt 0.656250 0.765625
vt 0.656250 0.343750
vt 0.656250 0.750000
vt 0.656250 0.328125
vt 0.656250 0.734375
vt 0.656250 0.312500
vt 0.656250 0.718750
vt 0.656250 0.296875
vt 0.656250 0.703125
vt 0.656250 0.281250
vt 0.656250 0.687500
vt 0.656250 0.265625
vt 0.656250 0.671875
vt 0.656250 0.250000
vt 0.656250 0.656250
vt 0.656250 0.234375
vt 0.656250 0.640625
vt 0.656250 0.218750
vt 0.656250 0.625000
vt 0.656250 0.203125
vt 0.656250 0.609375
vt 0.656250 0.187500
vt 0.656250 0.593750
vt 0.656250 0.171875
vt 0.656250 0.578125
vt 0.664062 1.000000
vt 0.656250 0.984375
vt 0.656250 0.156250
vt 0.656250 0.562500
vt 0.656250 0.968750
vt 0.656250 0.140625
vt 0.656250 0.546875
vt 0.656250 0.953125
vt 0.656250 0.125000
vt 0.656250 0.531250
vt 0.656250 0.937500
vt 0.656250 0.109375
vt 0.656250 0.515625
vt 0.656250 0.921875
vt 0.656250 0.093750
vt 0.656250 0.500000
vt 0.656250 0.906250
vt 0.656250 0.078125
vt 0.656250 0.484375
vt 0.656250 0.890625
vt 0.640625 0.031250
vt 0.640625 0.015625
vt 0.640625 0.437500
vt 0.640625 0.421875
vt 0.640625 0.843750
vt 0.640625 0.828125
vt 0.648438 0.000000
vt 0.640625 0.406250
vt 0.640625 0.812500
vt 0.640625 0.390625
vt 0.640625 0.796875
vt 0.640625 0.375000
vt 0.640625 0.781250
vt 0.640625 0.359375
vt 0.640625 0.765625
vt 0.640625 0.343750
vt 0.640625 0.750000
vt 0.640625 0.328125
vt 0.640625 0.734375
vt 0.640625 0.312500
vt 0.640625 0.718750
vt 0.640625 0.296875
vt 0.640625 0.703125
vt 0.640625 0.281250
vt 0.640625 0.687500
vt 0.640625 0.265625
vt 0.640625 0.671875
vt 0.640625 0.250000
vt 0.640625 0.656250
vt 0.640625 0.234375
vt 0.640625 0.640625
vt 0.640625 0.218750
vt 0.640625 0.625000
vt 0.640625 0.203125
vt 0.640625 0.609375
vt 0.640625 0.187500
vt 0.640625 0.593750
vt 0.640625 0.171875
vt 0.640625 0.578125
vt 0.648438 1.000000
vt 0.640625 0.984375
vt 0.640625 0.156250
vt 0.640625 0.562500
vt 0.640625 0.968750
vt 0.640625 0.140625
vt 0.640625 0.546875
vt 0.640625 0.953125
vt 0.640625 0.125000
vt 0.640625 0.531250
vt 0.640625 0.937500
vt 0.640625 0.109375
vt 0.640625 0.515625
vt 0.640625 0.921875
vt 0.640625 0.093750
vt 0.640625 0.500000
vt 0.640625 0.906250
vt 0.640625 0.078125
vt 0.640625 0.484375
vt 0.640625 0.890625
vt 0.640625 0.062500
vt 0.640625 0.468750
vt 0.640625 0.875000
vt 0.640625 0.046875
vt 0.640625 0.453125
vt 0.640625 0.859375
vt 0.625000 0.406250
vt 0.625000 0.390625
vt 0.625000 0.812500
vt 0.625000 0.796875
vt 0.625000 0.375000
vt 0.625000 0.781250
vt 0.625000 0.359375
vt 0.625000 0.765625
vt 0.625000 0.343750
vt 0.625000 0.750000
vt 0.625000 0.328125
vt 0.625000 0.734375
vt 0.625000 0.312500
vt 0.625000 0.718750
vt 0.625000 0.296875
vt 0.625000 0.703125
vt 0.625000 0.281250
vt 0.625000 0.687500
vt 0.625000 0.265625
vt 0.625000 0.671875
vt 0.625000 0.250000
vt 0.625000 0.656250
vt 0.625000 0.234375
vt 0.625000 0.640625
vt 0.625000 0.218750
vt 0.625000 0.625000
vt 0.625000 0.203125
vt 0.625000 0.609375
vt 0.625000 0.187500
vt 0.625000 0.593750
vt 0.625000 0.171875
vt 0.625000 0.578125
vt 0.632812 1.000000
vt 0.625000 0.984375
vt 0.625000 0.156250
vt 0.625000 0.562500
vt 0.625000 0.968750
vt 0.625000 0.140625
vt 0.625000 0.546875
vt 0.625000 0.953125
vt 0.625000 0.125000
vt 0.625000 0.531250
vt 0.625000 0.937500
vt 0.625000 0.109375
vt 0.625000 0.515625
vt 0.625000 0.921875
vt 0.625000 0.093750
vt 0.625000 0.500000
vt 0.625000 0.906250
vt 0.625000 0.078125
vt 0.625000 0.484375
vt 0.625000 0.890625
vt 0.625000 0.062500
vt 0.625000 0.468750
vt 0.625000 0.875000
vt 0.625000 0.046875
vt 0.625000 0.453125
vt 0.625000 0.859375
vt 0.625000 0.031250
vt 0.625000 0.437500
vt 0.625000 0.843750
vt 0.625000 0.015625
vt 0.625000 0.421875
vt 0.625000 0.828125
vt 0.632812 0.000000
vt 0.609375 0.375000
vt 0.609375 0.359375
vt 0.609375 0.781250
vt 0.609375 0.765625
vt 0.609375 0.343750
vt 0.609375 0.750000
vt 0.609375 0.328125
vt 0.609375 0.734375
vt 0.609375 0.312500
vt 0.609375 0.718750
vt 0.609375 0.296875
vt 0.609375 0.703125
vt 0.609375 0.281250
vt 0.609375 0.687500
vt 0.609375 0.265625
vt 0.609375 0.671875
vt 0.609375 0.250000
vt 0.609375 0.656250
vt 0.609375 0.234375
vt 0.609375 0.640625
vt 0.609375 0.218750
vt 0.609375 0.625000
vt 0.609375 0.203125
vt 0.609375 0.609375
vt 0.609375 0.187500
vt 0.609375 0.593750
vt 0.609375 0.171875
vt 0.609375 0.578125
vt 0.617188 1.000000
vt 0.609375 0.984375
vt 0.609375 0.156250
vt 0.609375 0.562500
vt 0.609375 0.968750
vt 0.609375 0.140625
vt 0.609375 0.546875
vt 0.609375 0.953125
vt 0.609375 0.125000
vt 0.609375 0.531250
vt 0.609375 0.937500
vt 0.609375 0.109375
vt 0.609375 0.515625
vt 0.609375 0.921875
vt 0.609375 0.093750
vt 0.609375 0.500000
vt 0.609375 0.906250
vt 0.609375 0.078125
vt 0.609375 0.484375
vt 0.609375 0.890625
vt 0.609375 0.062500
vt 0.609375 0.468750
vt 0.609375 0.875000
vt 0.609375 0.046875
vt 0.609375 0.453125
vt 0.609375 0.859375
vt 0.609375 0.031250
vt 0.609375 0.437500
vt 0.609375 0.843750
vt 0.609375 0.015625
vt 0.609375 0.421875
vt 0.609375 0.828125
vt 0.617188 0.000000
vt 0.609375 0.406250
vt 0.609375 0.812500
vt 0.609375 0.390625
vt 0.609375 0.796875
vt 0.593750 0.343750
vt 0.593750 0.328125
vt 0.593750 0.750000
vt 0.593750 0.734375
vt 0.593750 0.312500
vt 0.593750 0.718750
vt 0.593750 0.296875
vt 0.593750 0.703125
vt 0.593750 0.281250
vt 0.593750 0.687500
vt 0.593750 0.265625
vt 0.593750 0.671875
vt 0.593750 0.250000
vt 0.593750 0.656250
vt 0.593750 0.234375
vt 0.593750 0.640625
vt 0.593750 0.218750
vt 0.593750 0.625000
vt 0.593750 0.203125
vt 0.593750 0.609375
vt 0.593750 0.187500
vt 0.593750 0.593750
vt 0.593750 0.171875
vt 0.593750 0.578125
vt 0.601562 1.000000
vt 0.593750 0.984375
vt 0.593750 0.156250
vt 0.593750 0.562500
vt 0.593750 0.968750
vt 0.593750 0.140625
vt 0.593750 0.546875
vt 0.593750 0.953125
vt 0.593750 0.125000
vt 0.593750 0.531250
vt 0.593750 0.937500
vt 0.593750 0.109375
vt 0.593750 0.515625
vt 0.593750 0.921875
vt 0.593750 0.093750
vt 0.593750 0.500000
vt 0.593750 0.906250
vt 0.593750 0.078125
vt 0.593750 0.484375
vt 0.593750 0.890625
vt 0.593750 0.062500
vt 0.593750 0.468750
vt 0.593750 0.875000
vt 0.593750 0.046875
vt 0.593750 0.453125
vt 0.593750 0.859375
vt 0.593750 0.031250
vt 0.593750 0.437500
vt 0.593750 0.843750
vt 0.593750 0.015625
vt 0.593750 0.421875
vt 0.593750 0.828125
vt 0.601562 0.000000
vt 0.593750 0.406250
vt 0.593750 0.812500
vt 0.593750 0.390625
vt 0.593750 0.796875
vt 0.593750 0.375000
vt 0.593750 0.781250
vt 0.593750 0.359375
vt 0.593750 0.765625
vt 0.578125 0.312500
vt 0.578125 0.296875
vt 0.578125 0.718750
vt 0.578125 0.703125
vt 0.578125 0.281250
vt 0.578125 0.687500
vt 0.578125 0.265625
vt 0.578125 0.671875
vt 0.578125 0.250000
vt 0.578125 0.656250
vt 0.578125 0.234375
vt 0.578125 0.640625
vt 0.578125 0.218750
vt 0.578125 0.625000
vt 0.578125 0.203125
vt 0.578125 0.609375
vt 0.578125 0.187500
vt 0.578125 0.593750
vt 0.578125 0.171875
vt 0.578125 0.578125
vt 0.585938 1.000000
vt 0.578125 0.984375
vt 0.578125 0.156250
vt 0.578125 0.562500
vt 0.578125 0.968750
vt 0.578125 0.140625
vt 0.578125 0.546875
vt 0.578125 0.953125
vt 0.578125 0.125000
vt 0.578125 0.531250
vt 0.578125 0.937500
vt 0.578125 0.109375
vt 0.578125 0.515625
vt 0.578125 0.921875
vt 0.578125 0.093750
vt 0.578125 0.500000
vt 0.578125 0.906250
vt 0.578125 0.078125
vt 0.578125 0.484375
vt 0.578125 0.890625
vt 0.578125 0.062500
vt 0.578125 0.468750
vt 0.578125 0.875000
vt 0.578125 0.046875
vt 0.578125 0.453125
vt 0.578125 0.859375
vt 0.578125 0.031250
vt 0.578125 0.437500
vt 0.578125 0.843750
vt 0.578125 0.015625
vt 0.578125 0.421875
vt 0.578125 0.828125
vt 0.585938 0.000000
vt 0.578125 0.406250
vt 0.578125 0.812500
vt 0.578125 0.390625
vt 0.578125 0.796875
vt 0.578125 0.375000
vt 0.578125 0.781250
vt 0.578125 0.359375
vt 0.578125 0.765625
vt 0.578125 0.343750
vt 0.578125 0.750000
vt 0.578125 0.328125
vt 0.578125 0.734375
vt 0.562500 0.281250
vt 0.562500 0.265625
vt 0.562500 0.687500
vt 0.562500 0.671875
vt 0.562500 0.250000
vt 0.562500 0.656250
vt 0.562500 0.234375
vt 0.562500 0.640625
vt 0.562500 0.218750
vt 0.562500 0.625000
vt 0.562500 0.203125
vt 0.562500 0.609375
vt 0.562500 0.187500
vt 0.562500 0.593750
vt 0.562500 0.171875
vt 0.562500 0.578125
vt 0.570312 1.000000
vt 0.562500 0.984375
vt 0.562500 0.156250
vt 0.562500 0.562500
vt 0.562500 0.968750
vt 0.562500 0.140625
vt 0.562500 0.546875
vt 0.562500 0.953125
vt 0.562500 0.125000
vt 0.562500 0.531250
vt 0.562500 0.937500
vt 0.562500 0.109375
vt 0.562500 0.515625
vt 0.562500 0.921875
vt 0.562500 0.093750
vt 0.562500 0.500000
vt 0.562500 0.906250
vt 0.562500 0.078125
vt 0.562500 0.484375
vt 0.562500 0.890625
vt 0.562500 0.062500
vt 0.562500 0.468750
vt 0.562500 0.875000
vt 0.562500 0.046875
vt 0.562500 0.453125
vt 0.562500 0.859375
vt 0.562500 0.031250
vt 0.562500 0.437500
vt 0.562500 0.843750
vt 0.562500 0.015625
vt 0.562500 0.421875
vt 0.562500 0.828125
vt 0.570312 0.000000
vt 0.562500 0.406250
vt 0.562500 0.812500
vt 0.562500 0.390625
vt 0.562500 0.796875
vt 0.562500 0.375000
vt 0.562500 0.781250
vt 0.562500 0.359375
vt 0.562500 0.765625
vt 0.562500 0.343750
vt 0.562500 0.750000
vt 0.562500 0.328125
vt 0.562500 0.734375
vt 0.562500 0.312500
vt 0.562500 0.718750
vt 0.562500 0.296875
vt 0.562500 0.703125
vt 0.546875 0.250000
vt 0.546875 0.234375
vt 0.546875 0.656250
vt 0.546875 0.640625
vt 0.546875 0.218750
vt 0.546875 0.625000
vt 0.546875 0.203125
vt 0.546875 0.609375
vt 0.546875 0.187500
vt 0.546875 0.593750
vt 0.546875 0.171875
vt 0.546875 0.578125
vt 0.554688 1.000000
vt 0.546875 0.984375
vt 0.546875 0.156250
vt 0.546875 0.562500
vt 0.546875 0.968750
vt 0.546875 0.140625
vt 0.546875 0.546875
vt 0.546875 0.953125
vt 0.546875 0.125000
vt 0.546875 0.531250
vt 0.546875 0.937500
vt 0.546875 0.109375
vt 0.546875 0.515625
vt 0.546875 0.921875
vt 0.546875 0.093750
vt 0.546875 0.500000
vt 0.546875 0.906250
vt 0.546875 0.078125
vt 0.546875 0.484375
vt 0.546875 0.890625
vt 0.546875 0.062500
vt 0.546875 0.468750
vt 0.546875 0.875000
vt 0.546875 0.046875
vt 0.546875 0.453125
vt 0.546875 0.859375
vt 0.546875 0.031250
vt 0.546875 0.437500
vt 0.546875 0.843750
vt 0.546875 0.015625
vt 0.546875 0.421875
vt 0.546875 0.828125
vt 0.554688 0.000000
vt 0.546875 0.406250
vt 0.546875 0.812500
vt 0.546875 0.390625
vt 0.546875 0.796875
vt 0.546875 0.375000
vt 0.546875 0.781250
vt 0.546875 0.359375
vt 0.546875 0.765625
vt 0.546875 0.343750
vt 0.546875 0.750000
vt 0.546875 0.328125
vt 0.546875 0.734375
vt 0.546875 0.312500
vt 0.546875 0.718750
vt 0.546875 0.296875
vt 0.546875 0.703125
vt 0.546875 0.281250
vt 0.546875 0.687500
vt 0.546875 0.265625
vt 0.546875 0.671875
vt 0.531250 0.296875
vt 0.531250 0.281250
vt 0.531250 0.625000
vt 0.531250 0.609375
vt 0.531250 0.265625
vt 0.531250 0.593750
vt 0.531250 0.250000
vt 0.539062 1.000000
vt 0.531250 0.984375
vt 0.531250 0.234375
vt 0.531250 0.218750
vt 0.531250 0.968750
vt 0.531250 0.203125
vt 0.531250 0.953125
vt 0.531250 0.187500
vt 0.531250 0.937500
vt 0.531250 0.171875
vt 0.531250 0.921875
vt 0.531250 0.578125
vt 0.531250 0.156250
vt 0.531250 0.906250
vt 0.531250 0.562500
vt 0.531250 0.140625
vt 0.531250 0.890625
vt 0.531250 0.546875
vt 0.531250 0.125000
vt 0.531250 0.875000
vt 0.531250 0.531250
vt 0.531250 0.109375
vt 0.531250 0.859375
vt 0.531250 0.515625
vt 0.531250 0.093750
vt 0.531250 0.843750
vt 0.531250 0.500000
vt 0.531250 0.078125
vt 0.531250 0.828125
vt 0.531250 0.484375
vt 0.531250 0.062500
vt 0.531250 0.812500
vt 0.531250 0.468750
vt 0.531250 0.046875
vt 0.531250 0.796875
vt 0.531250 0.453125
vt 0.531250 0.031250
vt 0.531250 0.781250
vt 0.531250 0.437500
vt 0.531250 0.015625
vt 0.531250 0.765625
vt 0.531250 0.421875
vt 0.539062 0.000000
vt 0.531250 0.750000
vt 0.531250 0.406250
vt 0.531250 0.734375
vt 0.531250 0.390625
vt 0.531250 0.718750
vt 0.531250 0.375000
vt 0.531250 0.703125
vt 0.531250 0.359375
vt 0.531250 0.687500
vt 0.531250 0.343750
vt 0.531250 0.671875
vt 0.531250 0.328125
vt 0.531250 0.656250
vt 0.531250 0.312500
vt 0.531250 0.640625
vt 0.515625 0.265625
vt 0.515625 0.250000
vt 0.515625 0.671875
vt 0.515625 0.656250
vt 0.515625 0.234375
vt 0.515625 0.640625
vt 0.515625 0.218750
vt 0.515625 0.625000
vt 0.515625 0.203125
vt 0.515625 0.609375
vt 0.515625 0.187500
vt 0.515625 0.593750
vt 0.515625 0.171875
vt 0.515625 0.578125
vt 0.523438 1.000000
vt 0.515625 0.984375
vt 0.515625 0.156250
vt 0.515625 0.562500
vt 0.515625 0.968750
vt 0.515625 0.140625
vt 0.515625 0.546875
vt 0.515625 0.953125
vt 0.515625 0.125000
vt 0.515625 0.531250
vt 0.515625 0.937500
vt 0.515625 0.109375
vt 0.515625 0.515625
vt 0.515625 0.921875
vt 0.515625 0.093750
vt 0.515625 0.500000
vt 0.515625 0.906250
vt 0.515625 0.078125
vt 0.515625 0.484375
vt 0.515625 0.890625
vt 0.515625 0.062500
vt 0.515625 0.468750
vt 0.515625 0.875000
vt 0.515625 0.046875
vt 0.515625 0.453125
vt 0.515625 0.859375
vt 0.515625 0.031250
vt 0.515625 0.437500
vt 0.515625 0.843750
vt 0.515625 0.015625
vt 0.515625 0.421875
vt 0.515625 0.828125
vt 0.523438 0.000000
vt 0.515625 0.406250
vt 0.515625 0.812500
vt 0.515625 0.390625
vt 0.515625 0.796875
vt 0.515625 0.375000
vt 0.515625 0.781250
vt 0.515625 0.359375
vt 0.515625 0.765625
vt 0.515625 0.343750
vt 0.515625 0.750000
vt 0.515625 0.328125
vt 0.515625 0.734375
vt 0.515625 0.312500
vt 0.515625 0.718750
vt 0.515625 0.296875
vt 0.515625 0.703125
vt 0.515625 0.281250
vt 0.515625 0.687500
vt 0.500000 0.234375
vt 0.500000 0.218750
vt 0.500000 0.640625
vt 0.500000 0.625000
vt 0.500000 0.203125
vt 0.500000 0.609375
vt 0.500000 0.187500
vt 0.500000 0.593750
vt 0.500000 0.171875
vt 0.500000 0.578125
vt 0.507812 1.000000
vt 0.500000 0.984375
vt 0.500000 0.156250
vt 0.500000 0.562500
vt 0.500000 0.968750
vt 0.500000 0.140625
vt 0.500000 0.546875
vt 0.500000 0.953125
vt 0.500000 0.125000
vt 0.500000 0.531250
vt 0.500000 0.937500
vt 0.500000 0.109375
vt 0.500000 0.515625
vt 0.500000 0.921875
vt 0.500000 0.093750
vt 0.500000 0.500000
vt 0.500000 0.906250
vt 0.500000 0.078125
vt 0.500000 0.484375
vt 0.500000 0.890625
vt 0.500000 0.062500
vt 0.500000 0.468750
vt 0.500000 0.875000
vt 0.500000 0.046875
vt 0.500000 0.453125
vt 0.500000 0.859375
vt 0.500000 0.031250
vt 0.500000 0.437500
vt 0.500000 0.843750
vt 0.500000 0.015625
vt 0.500000 0.421875
vt 0.500000 0.828125
vt 0.507812 0.000000
vt 0.500000 0.406250
vt 0.500000 0.812500
vt 0.500000 0.390625
vt 0.500000 0.796875
vt 0.500000 0.375000
vt 0.500000 0.781250
vt 0.500000 0.359375
vt 0.500000 0.765625
vt 0.500000 0.343750
vt 0.500000 0.750000
vt 0.500000 0.328125
vt 0.500000 0.734375
vt 0.500000 0.312500
vt 0.500000 0.718750
vt 0.500000 0.296875
vt 0.500000 0.703125
vt 0.500000 0.281250
vt 0.500000 0.687500
vt 0.500000 0.265625
vt 0.500000 0.671875
vt 0.500000 0.250000
vt 0.500000 0.656250
vt 0.484375 0.203125
vt 0.484375 0.187500
vt 0.484375 0.609375
vt 0.484375 0.593750
vt 0.484375 0.171875
vt 0.484375 0.578125
vt 0.492188 1.000000
vt 0.484375 0.984375
vt 0.484375 0.156250
vt 0.484375 0.562500
vt 0.484375 0.968750
vt 0.484375 0.140625
vt 0.484375 0.546875
vt 0.484375 0.953125
vt 0.484375 0.125000
vt 0.484375 0.531250
vt 0.484375 0.937500
vt 0.484375 0.109375
vt 0.484375 0.515625
vt 0.484375 0.921875
vt 0.484375 0.093750
vt 0.484375 0.500000
vt 0.484375 0.906250
vt 0.484375 0.078125
vt 0.484375 0.484375
vt 0.484375 0.890625
vt 0.484375 0.062500
vt 0.484375 0.468750
vt 0.484375 0.875000
vt 0.484375 0.046875
vt 0.484375 0.453125
vt 0.484375 0.859375
vt 0.484375 0.031250
vt 0.484375 0.437500
vt 0.484375 0.843750
vt 0.484375 0.015625
vt 0.484375 0.421875
vt 0.484375 0.828125
vt 0.492188 0.000000
vt 0.484375 0.406250
vt 0.484375 0.812500
vt 0.484375 0.390625
vt 0.484375 0.796875
vt 0.484375 0.375000
vt 0.484375 0.781250
vt 0.484375 0.359375
vt 0.484375 0.765625
vt 0.484375 0.343750
vt 0.484375 0.750000
vt 0.484375 0.328125
vt 0.484375 0.734375
vt 0.484375 0.312500
vt 0.484375 0.718750
vt 0.484375 0.296875
vt 0.484375 0.703125
vt 0.484375 0.281250
vt 0.484375 0.687500
vt 0.484375 0.265625
vt 0.484375 0.671875
vt 0.484375 0.250000
vt 0.484375 0.656250
vt 0.484375 0.234375
vt 0.484375 0.640625
vt 0.484375 0.218750
vt 0.484375 0.625000
vt 0.468750 0.171875
vt 0.468750 0.156250
vt 0.468750 0.578125
vt 0.468750 0.562500
vt 0.468750 0.984375
vt 0.468750 0.968750
vt 0.468750 0.140625
vt 0.468750 0.546875
vt 0.468750 0.953125
vt 0.468750 0.125000
vt 0.468750 0.531250
vt 0.468750 0.937500
vt 0.468750 0.109375
vt 0.468750 0.515625
vt 0.468750 0.921875
vt 0.468750 0.093750
vt 0.468750 0.500000
vt 0.468750 0.906250
vt 0.468750 0.078125
vt 0.468750 0.484375
vt 0.468750 0.890625
vt 0.468750 0.062500
vt 0.468750 0.468750
vt 0.468750 0.875000
vt 0.468750 0.046875
vt 0.468750 0.453125
vt 0.468750 0.859375
vt 0.468750 0.031250
vt 0.468750 0.437500
vt 0.468750 0.843750
vt 0.468750 0.015625
vt 0.468750 0.421875
vt 0.468750 0.828125
vt 0.476562 0.000000
vt 0.468750 0.406250
vt 0.468750 0.812500
vt 0.468750 0.390625
vt 0.468750 0.796875
vt 0.468750 0.375000
vt 0.468750 0.781250
vt 0.468750 0.359375
vt 0.468750 0.765625
vt 0.468750 0.343750
vt 0.468750 0.750000
vt 0.468750 0.328125
vt 0.468750 0.734375
vt 0.468750 0.312500
vt 0.468750 0.718750
vt 0.468750 0.296875
vt 0.468750 0.703125
vt 0.468750 0.281250
vt 0.468750 0.687500
vt 0.468750 0.265625
vt 0.468750 0.671875
vt 0.468750 0.250000
vt 0.468750 0.656250
vt 0.468750 0.234375
vt 0.468750 0.640625
vt 0.468750 0.218750
vt 0.468750 0.625000
vt 0.468750 0.203125
vt 0.468750 0.609375
vt 0.468750 0.187500
vt 0.468750 0.593750
vt 0.476562 1.000000
vt 0.453125 0.140625
vt 0.453125 0.125000
vt 0.453125 0.546875
vt 0.453125 0.531250
vt 0.453125 0.953125
vt 0.453125 0.937500
vt 0.453125 0.109375
vt 0.453125 0.515625
vt 0.453125 0.921875
vt 0.453125 0.093750
vt 0.453125 0.500000
vt 0.453125 0.906250
vt 0.453125 0.078125
vt 0.453125 0.484375
vt 0.453125 0.890625
vt 0.453125 0.062500
vt 0.453125 0.468750
vt 0.453125 0.875000
vt 0.453125 0.046875
vt 0.453125 0.453125
vt 0.453125 0.859375
vt 0.453125 0.031250
vt 0.453125 0.437500
vt 0.453125 0.843750
vt 0.453125 0.015625
vt 0.453125 0.421875
vt 0.453125 0.828125
vt 0.460938 0.000000
vt 0.453125 0.406250
vt 0.453125 0.812500
vt 0.453125 0.390625
vt 0.453125 0.796875
vt 0.453125 0.375000
vt 0.453125 0.781250
vt 0.453125 0.359375
vt 0.453125 0.765625
vt 0.453125 0.343750
vt 0.453125 0.750000
vt 0.453125 0.328125
vt 0.453125 0.734375
vt 0.453125 0.312500
vt 0.453125 0.718750
vt 0.453125 0.296875
vt 0.453125 0.703125
vt 0.453125 0.281250
vt 0.453125 0.687500
vt 0.453125 0.265625
vt 0.453125 0.671875
vt 0.453125 0.250000
vt 0.453125 0.656250
vt 0.453125 0.234375
vt 0.453125 0.640625
vt 0.453125 0.218750
vt 0.453125 0.625000
vt 0.453125 0.203125
vt 0.453125 0.609375
vt 0.453125 0.187500
vt 0.453125 0.593750
vt 0.453125 0.171875
vt 0.453125 0.578125
vt 0.460938 1.000000
vt 0.453125 0.984375
vt 0.453125 0.156250
vt 0.453125 0.562500
vt 0.453125 0.968750
vt 0.437500 0.109375
vt 0.437500 0.093750
vt 0.437500 0.515625
vt 0.437500 0.500000
vt 0.437500 0.921875
vt 0.437500 0.906250
vt 0.437500 0.078125
vt 0.437500 0.484375
vt 0.437500 0.890625
vt 0.437500 0.062500
vt 0.437500 0.468750
vt 0.437500 0.875000
vt 0.437500 0.046875
vt 0.437500 0.453125
vt 0.437500 0.859375
vt 0.437500 0.031250
vt 0.437500 0.437500
vt 0.437500 0.843750
vt 0.437500 0.015625
vt 0.437500 0.421875
vt 0.437500 0.828125
vt 0.445312 0.000000
vt 0.437500 0.406250
vt 0.437500 0.812500
vt 0.437500 0.390625
vt 0.437500 0.796875
vt 0.437500 0.375000
vt 0.437500 0.781250
vt 0.437500 0.359375
vt 0.437500 0.765625
vt 0.437500 0.343750
vt 0.437500 0.750000
vt 0.437500 0.328125
vt 0.437500 0.734375
vt 0.437500 0.312500
vt 0.437500 0.718750
vt 0.437500 0.296875
vt 0.437500 0.703125
vt 0.437500 0.281250
vt 0.437500 0.687500
vt 0.437500 0.265625
vt 0.437500 0.671875
vt 0.437500 0.250000
vt 0.437500 0.656250
vt 0.437500 0.234375
vt 0.437500 0.640625
vt 0.437500 0.218750
vt 0.437500 0.625000
vt 0.437500 0.203125
vt 0.437500 0.609375
vt 0.437500 0.187500
vt 0.437500 0.593750
vt 0.437500 0.171875
vt 0.437500 0.578125
vt 0.445312 1.000000
vt 0.437500 0.984375
vt 0.437500 0.156250
vt 0.437500 0.562500
vt 0.437500 0.968750
vt 0.437500 0.140625
vt 0.437500 0.546875
vt 0.437500 0.953125
vt 0.437500 0.125000
vt 0.437500 0.531250
vt 0.437500 0.937500
vt 0.421875 0.078125
vt 0.421875 0.062500
vt 0.421875 0.484375
vt 0.421875 0.468750
vt 0.421875 0.890625
vt 0.421875 0.875000
vt 0.421875 0.046875
vt 0.421875 0.453125
vt 0.421875 0.859375
vt 0.421875 0.031250
vt 0.421875 0.437500
vt 0.421875 0.843750
vt 0.421875 0.015625
vt 0.421875 0.421875
vt 0.421875 0.828125
vt 0.429688 0.000000
vt 0.421875 0.406250
vt 0.421875 0.812500
vt 0.421875 0.390625
vt 0.421875 0.796875
vt 0.421875 0.375000
vt 0.421875 0.781250
vt 0.421875 0.359375
vt 0.421875 0.765625
vt 0.421875 0.343750
vt 0.421875 0.750000
vt 0.421875 0.328125
vt 0.421875 0.734375
vt 0.421875 0.312500
vt 0.421875 0.718750
vt 0.421875 0.296875
vt 0.421875 0.703125
vt 0.421875 0.281250
vt 0.421875 0.687500
vt 0.421875 0.265625
vt 0.421875 0.671875
vt 0.421875 0.250000
vt 0.421875 0.656250
vt 0.421875 0.234375
vt 0.421875 0.640625
vt 0.421875 0.218750
vt 0.421875 0.625000
vt 0.421875 0.203125
vt 0.421875 0.609375
vt 0.421875 0.187500
vt 0.421875 0.593750
vt 0.421875 0.171875
vt 0.421875 0.578125
vt 0.429688 1.000000
vt 0.421875 0.984375
vt 0.421875 0.156250
vt 0.421875 0.562500
vt 0.421875 0.968750
vt 0.421875 0.140625
vt 0.421875 0.546875
vt 0.421875 0.953125
vt 0.421875 0.125000
vt 0.421875 0.531250
vt 0.421875 0.937500
vt 0.421875 0.109375
vt 0.421875 0.515625
vt 0.421875 0.921875
vt 0.421875 0.093750
vt 0.421875 0.500000
vt 0.421875 0.906250
vt 0.406250 0.046875
vt 0.406250 0.031250
vt 0.406250 0.453125
vt 0.406250 0.437500
vt 0.406250 0.859375
vt 0.406250 0.843750
vt 0.406250 0.015625
vt 0.406250 0.421875
vt 0.406250 0.828125
vt 0.414062 0.000000
vt 0.406250 0.406250
vt 0.406250 0.812500
vt 0.406250 0.390625
vt 0.406250 0.796875
vt 0.406250 0.375000
vt 0.406250 0.781250
vt 0.406250 0.359375
vt 0.406250 0.765625
vt 0.406250 0.343750
vt 0.406250 0.750000
vt 0.406250 0.328125
vt 0.406250 0.734375
vt 0.406250 0.312500
vt 0.406250 0.718750
vt 0.406250 0.296875
vt 0.406250 0.703125
vt 0.406250 0.281250
vt 0.406250 0.687500
vt 0.406250 0.265625
vt 0.406250 0.671875
vt 0.406250 0.250000
vt 0.406250 0.656250
vt 0.406250 0.234375
vt 0.406250 0.640625
vt 0.406250 0.218750
vt 0.406250 0.625000
vt 0.406250 0.203125
vt 0.406250 0.609375
vt 0.406250 0.187500
vt 0.406250 0.593750
vt 0.406250 0.171875
vt 0.406250 0.578125
vt 0.414062 1.000000
vt 0.406250 0.984375
vt 0.406250 0.156250
vt 0.406250 0.562500
vt 0.406250 0.968750
vt 0.406250 0.140625
vt 0.406250 0.546875
vt 0.406250 0.953125
vt 0.406250 0.125000
vt 0.406250 0.531250
vt 0.406250 0.937500
vt 0.406250 0.109375
vt 0.406250 0.515625
vt 0.406250 0.921875
vt 0.406250 0.093750
vt 0.406250 0.500000
vt 0.406250 0.906250
vt 0.406250 0.078125
vt 0.406250 0.484375
vt 0.406250 0.890625
vt 0.406250 0.062500
vt 0.406250 0.468750
vt 0.406250 0.875000
vt 0.398438 0.000000
vt 0.390625 0.015625
vt 0.390625 0.421875
vt 0.390625 0.406250
vt 0.390625 0.828125
vt 0.390625 0.812500
vt 0.390625 0.390625
vt 0.390625 0.796875
vt 0.390625 0.375000
vt 0.390625 0.781250
vt 0.390625 0.359375
vt 0.390625 0.765625
vt 0.390625 0.343750
vt 0.390625 0.750000
vt 0.390625 0.328125
vt 0.390625 0.734375
vt 0.390625 0.312500
vt 0.390625 0.718750
vt 0.390625 0.296875
vt 0.390625 0.703125
vt 0.390625 0.281250
vt 0.390625 0.687500
vt 0.390625 0.265625
vt 0.390625 0.671875
vt 0.390625 0.250000
vt 0.390625 0.656250
vt 0.390625 0.234375
vt 0.390625 0.640625
vt 0.390625 0.218750
vt 0.390625 0.625000
vt 0.390625 0.203125
vt 0.390625 0.609375
vt 0.390625 0.187500
vt 0.390625 0.593750
vt 0.390625 0.171875
vt 0.390625 0.578125
vt 0.398438 1.000000
vt 0.390625 0.984375
vt 0.390625 0.156250
vt 0.390625 0.562500
vt 0.390625 0.968750
vt 0.390625 0.140625
vt 0.390625 0.546875
vt 0.390625 0.953125
vt 0.390625 0.125000
vt 0.390625 0.531250
vt 0.390625 0.937500
vt 0.390625 0.109375
vt 0.390625 0.515625
vt 0.390625 0.921875
vt 0.390625 0.093750
vt 0.390625 0.500000
vt 0.390625 0.906250
vt 0.390625 0.078125
vt 0.390625 0.484375
vt 0.390625 0.890625
vt 0.390625 0.062500
vt 0.390625 0.468750
vt 0.390625 0.875000
vt 0.390625 0.046875
vt 0.390625 0.453125
vt 0.390625 0.859375
vt 0.390625 0.031250
vt 0.390625 0.437500
vt 0.390625 0.843750
vt 0.375000 0.390625
vt 0.375000 0.375000
vt 0.375000 0.796875
vt 0.375000 0.781250
vt 0.375000 0.359375
vt 0.375000 0.765625
vt 0.375000 0.343750
vt 0.375000 0.750000
vt 0.375000 0.328125
vt 0.375000 0.734375
vt 0.375000 0.312500
vt 0.375000 0.718750
vt 0.375000 0.296875
vt 0.375000 0.703125
vt 0.375000 0.281250
vt 0.375000 0.687500
vt 0.375000 0.265625
vt 0.375000 0.671875
vt 0.375000 0.250000
vt 0.375000 0.656250
vt 0.375000 0.234375
vt 0.375000 0.640625
vt 0.375000 0.218750
vt 0.375000 0.625000
vt 0.375000 0.203125
vt 0.375000 0.609375
vt 0.375000 0.187500
vt 0.375000 0.593750
vt 0.375000 0.171875
vt 0.375000 0.578125
vt 0.382812 1.000000
vt 0.375000 0.984375
vt 0.375000 0.156250
vt 0.375000 0.562500
vt 0.375000 0.968750
vt 0.375000 0.140625
vt 0.375000 0.546875
vt 0.375000 0.953125
vt 0.375000 0.125000
vt 0.375000 0.531250
vt 0.375000 0.937500
vt 0.375000 0.109375
vt 0.375000 0.515625
vt 0.375000 0.921875
vt 0.375000 0.093750
vt 0.375000 0.500000
vt 0.375000 0.906250
vt 0.375000 0.078125
vt 0.375000 0.484375
vt 0.375000 0.890625
vt 0.375000 0.062500
vt 0.375000 0.468750
vt 0.375000 0.875000
vt 0.375000 0.046875
vt 0.375000 0.453125
vt 0.375000 0.859375
vt 0.375000 0.031250
vt 0.375000 0.437500
vt 0.375000 0.843750
vt 0.375000 0.015625
vt 0.375000 0.421875
vt 0.375000 0.828125
vt 0.382812 0.000000
vt 0.375000 0.406250
vt 0.375000 0.812500
vt 0.359375 0.359375
vt 0.359375 0.343750
vt 0.359375 0.765625
vt 0.359375 0.750000
vt 0.359375 0.328125
vt 0.359375 0.734375
vt 0.359375 0.312500
vt 0.359375 0.718750
vt 0.359375 0.296875
vt 0.359375 0.703125
vt 0.359375 0.281250
vt 0.359375 0.687500
vt 0.359375 0.265625
vt 0.359375 0.671875
vt 0.359375 0.250000
vt 0.359375 0.656250
vt 0.359375 0.234375
vt 0.359375 0.640625
vt 0.359375 0.218750
vt 0.359375 0.625000
vt 0.359375 0.203125
vt 0.359375 0.609375
vt 0.359375 0.187500
vt 0.359375 0.593750
vt 0.359375 0.171875
vt 0.359375 0.578125
vt 0.367188 1.000000
vt 0.359375 0.984375
vt 0.359375 0.156250
vt 0.359375 0.562500
vt 0.359375 0.968750
vt 0.359375 0.140625
vt 0.359375 0.546875
vt 0.359375 0.953125
vt 0.359375 0.125000
vt 0.359375 0.531250
vt 0.359375 0.937500
vt 0.359375 0.109375
vt 0.359375 0.515625
vt 0.359375 0.921875
vt 0.359375 0.093750
vt 0.359375 0.500000
vt 0.359375 0.906250
vt 0.359375 0.078125
vt 0.359375 0.484375
vt 0.359375 0.890625
vt 0.359375 0.062500
vt 0.359375 0.468750
vt 0.359375 0.875000
vt 0.359375 0.046875
vt 0.359375 0.453125
vt 0.359375 0.859375
vt 0.359375 0.031250
vt 0.359375 0.437500
vt 0.359375 0.843750
vt 0.359375 0.015625
vt 0.359375 0.421875
vt 0.359375 0.828125
vt 0.367188 0.000000
vt 0.359375 0.406250
vt 0.359375 0.812500
vt 0.359375 0.390625
vt 0.359375 0.796875
vt 0.359375 0.375000
vt 0.359375 0.781250
vt 0.343750 0.328125
vt 0.343750 0.312500
vt 0.343750 0.734375
vt 0.343750 0.718750
vt 0.343750 0.296875
vt 0.343750 0.703125
vt 0.343750 0.281250
vt 0.343750 0.687500
vt 0.343750 0.265625
vt 0.343750 0.671875
vt 0.343750 0.250000
vt 0.343750 0.656250
vt 0.343750 0.234375
vt 0.343750 0.640625
vt 0.343750 0.218750
vt 0.343750 0.625000
vt 0.343750 0.203125
vt 0.343750 0.609375
vt 0.343750 0.187500
vt 0.343750 0.593750
vt 0.343750 0.171875
vt 0.343750 0.578125
vt 0.351562 1.000000
vt 0.343750 0.984375
vt 0.343750 0.156250
vt 0.343750 0.562500
vt 0.343750 0.968750
vt 0.343750 0.140625
vt 0.343750 0.546875
vt 0.343750 0.953125
vt 0.343750 0.125000
vt 0.343750 0.531250
vt 0.343750 0.937500
vt 0.343750 0.109375
vt 0.343750 0.515625
vt 0.343750 0.921875
vt 0.343750 0.093750
vt 0.343750 0.500000
vt 0.343750 0.906250
vt 0.343750 0.078125
vt 0.343750 0.484375
vt 0.343750 0.890625
vt 0.343750 0.062500
vt 0.343750 0.468750
vt 0.343750 0.875000
vt 0.343750 0.046875
vt 0.343750 0.453125
vt 0.343750 0.859375
vt 0.343750 0.031250
vt 0.343750 0.437500
vt 0.343750 0.843750
vt 0.343750 0.015625
vt 0.343750 0.421875
vt 0.343750 0.828125
vt 0.351562 0.000000
vt 0.343750 0.406250
vt 0.343750 0.812500
vt 0.343750 0.390625
vt 0.343750 0.796875
vt 0.343750 0.375000
vt 0.343750 0.781250
vt 0.343750 0.359375
vt 0.343750 0.765625
vt 0.343750 0.343750
vt 0.343750 0.750000
vt 0.328125 0.359375
vt 0.328125 0.343750
vt 0.328125 0.765625
vt 0.328125 0.750000
vt 0.328125 0.328125
vt 0.328125 0.734375
vt 0.328125 0.312500
vt 0.328125 0.718750
vt 0.328125 0.296875
vt 0.328125 0.703125
vt 0.328125 0.281250
vt 0.328125 0.687500
vt 0.328125 0.265625
vt 0.328125 0.671875
vt 0.328125 0.250000
vt 0.328125 0.656250
vt 0.328125 0.234375
vt 0.328125 0.640625
vt 0.328125 0.218750
vt 0.328125 0.625000
vt 0.328125 0.203125
vt 0.328125 0.609375
vt 0.328125 0.187500
vt 0.328125 0.593750
vt 0.328125 0.171875
vt 0.328125 0.578125
vt 0.335937 1.000000
vt 0.328125 0.984375
vt 0.328125 0.156250
vt 0.328125 0.562500
vt 0.328125 0.968750
vt 0.328125 0.140625
vt 0.328125 0.546875
vt 0.328125 0.953125
vt 0.328125 0.125000
vt 0.328125 0.531250
vt 0.328125 0.937500
vt 0.328125 0.109375
vt 0.328125 0.515625
vt 0.328125 0.921875
vt 0.328125 0.093750
vt 0.328125 0.500000
vt 0.328125 0.906250
vt 0.328125 0.078125
vt 0.328125 0.484375
vt 0.328125 0.890625
vt 0.328125 0.062500
vt 0.328125 0.468750
vt 0.328125 0.875000
vt 0.328125 0.046875
vt 0.328125 0.453125
vt 0.328125 0.859375
vt 0.328125 0.031250
vt 0.328125 0.437500
vt 0.328125 0.843750
vt 0.328125 0.015625
vt 0.328125 0.421875
vt 0.328125 0.828125
vt 0.335937 0.000000
vt 0.328125 0.406250
vt 0.328125 0.812500
vt 0.328125 0.390625
vt 0.328125 0.796875
vt 0.328125 0.375000
vt 0.328125 0.781250
vt 0.312500 0.328125
vt 0.312500 0.312500
vt 0.312500 0.734375
vt 0.312500 0.718750
vt 0.312500 0.296875
vt 0.312500 0.703125
vt 0.312500 0.281250
vt 0.312500 0.687500
vt 0.312500 0.265625
vt 0.312500 0.671875
vt 0.312500 0.250000
vt 0.312500 0.656250
vt 0.312500 0.234375
vt 0.312500 0.640625
vt 0.312500 0.218750
vt 0.312500 0.625000
vt 0.312500 0.203125
vt 0.312500 0.609375
vt 0.312500 0.187500
vt 0.312500 0.593750
vt 0.312500 0.171875
vt 0.312500 0.578125
vt 0.320312 1.000000
vt 0.312500 0.984375
vt 0.312500 0.156250
vt 0.312500 0.562500
vt 0.312500 0.968750
vt 0.312500 0.140625
vt 0.312500 0.546875
vt 0.312500 0.953125
vt 0.312500 0.125000
vt 0.312500 0.531250
vt 0.312500 0.937500
vt 0.312500 0.109375
vt 0.312500 0.515625
vt 0.312500 0.921875
vt 0.312500 0.093750
vt 0.312500 0.500000
vt 0.312500 0.906250
vt 0.312500 0.078125
vt 0.312500 0.484375
vt 0.312500 0.890625
vt 0.312500 0.062500
vt 0.312500 0.468750
vt 0.312500 0.875000
vt 0.312500 0.046875
vt 0.312500 0.453125
vt 0.312500 0.859375
vt 0.312500 0.031250
vt 0.312500 0.437500
vt 0.312500 0.843750
vt 0.312500 0.015625
vt 0.312500 0.421875
vt 0.312500 0.828125
vt 0.320312 0.000000
vt 0.312500 0.406250
vt 0.312500 0.812500
vt 0.312500 0.390625
vt 0.312500 0.796875
vt 0.312500 0.375000
vt 0.312500 0.781250
vt 0.312500 0.359375
vt 0.312500 0.765625
vt 0.312500 0.343750
vt 0.312500 0.750000
vt 0.296875 0.296875
vt 0.296875 0.281250
vt 0.296875 0.703125
vt 0.296875 0.687500
vt 0.296875 0.265625
vt 0.296875 0.671875
vt 0.296875 0.250000
vt 0.296875 0.656250
vt 0.296875 0.234375
vt 0.296875 0.640625
vt 0.296875 0.218750
vt 0.296875 0.625000
vt 0.296875 0.203125
vt 0.296875 0.609375
vt 0.296875 0.187500
vt 0.296875 0.593750
vt 0.296875 0.171875
vt 0.296875 0.578125
vt 0.304688 1.000000
vt 0.296875 0.984375
vt 0.296875 0.156250
vt 0.296875 0.562500
vt 0.296875 0.968750
vt 0.296875 0.140625
vt 0.296875 0.546875
vt 0.296875 0.953125
vt 0.296875 0.125000
vt 0.296875 0.531250
vt 0.296875 0.937500
vt 0.296875 0.109375
vt 0.296875 0.515625
vt 0.296875 0.921875
vt 0.296875 0.093750
vt 0.296875 0.500000
vt 0.296875 0.906250
vt 0.296875 0.078125
vt 0.296875 0.484375
vt 0.296875 0.890625
vt 0.296875 0.062500
vt 0.296875 0.468750
vt 0.296875 0.875000
vt 0.296875 0.046875
vt 0.296875 0.453125
vt 0.296875 0.859375
vt 0.296875 0.031250
vt 0.296875 0.437500
vt 0.296875 0.843750
vt 0.296875 0.015625
vt 0.296875 0.421875
vt 0.296875 0.828125
vt 0.304688 0.000000
vt 0.296875 0.406250
vt 0.296875 0.812500
vt 0.296875 0.390625
vt 0.296875 0.796875
vt 0.296875 0.375000
vt 0.296875 0.781250
vt 0.296875 0.359375
vt 0.296875 0.765625
vt 0.296875 0.343750
vt 0.296875 0.750000
vt 0.296875 0.328125
vt 0.296875 0.734375
vt 0.296875 0.312500
vt 0.296875 0.718750
vt 0.281250 0.265625
vt 0.281250 0.250000
vt 0.281250 0.671875
vt 0.281250 0.656250
vt 0.281250 0.234375
vt 0.281250 0.640625
vt 0.281250 0.218750
vt 0.281250 0.625000
vt 0.281250 0.203125
vt 0.281250 0.609375
vt 0.281250 0.187500
vt 0.281250 0.593750
vt 0.281250 0.171875
vt 0.281250 0.578125
vt 0.289062 1.000000
vt 0.281250 0.984375
vt 0.281250 0.156250
vt 0.281250 0.562500
vt 0.281250 0.968750
vt 0.281250 0.140625
vt 0.281250 0.546875
vt 0.281250 0.953125
vt 0.281250 0.125000
vt 0.281250 0.531250
vt 0.281250 0.937500
vt 0.281250 0.109375
vt 0.281250 0.515625
vt 0.281250 0.921875
vt 0.281250 0.093750
vt 0.281250 0.500000
vt 0.281250 0.906250
vt 0.281250 0.078125
vt 0.281250 0.484375
vt 0.281250 0.890625
vt 0.281250 0.062500
vt 0.281250 0.468750
vt 0.281250 0.875000
vt 0.281250 0.046875
vt 0.281250 0.453125
vt 0.281250 0.859375
vt 0.281250 0.031250
vt 0.281250 0.437500
vt 0.281250 0.843750
vt 0.281250 0.015625
vt 0.281250 0.421875
vt 0.281250 0.828125
vt 0.289062 0.000000
vt 0.281250 0.406250
vt 0.281250 0.812500
vt 0.281250 0.390625
vt 0.281250 0.796875
vt 0.281250 0.375000
vt 0.281250 0.781250
vt 0.281250 0.359375
vt 0.281250 0.765625
vt 0.281250 0.343750
vt 0.281250 0.750000
vt 0.281250 0.328125
vt 0.281250 0.734375
vt 0.281250 0.312500
vt 0.281250 0.718750
vt 0.281250 0.296875
vt 0.281250 0.703125
vt 0.281250 0.281250
vt 0.281250 0.687500
vt 0.265625 0.234375
vt 0.265625 0.218750
vt 0.265625 0.640625
vt 0.265625 0.625000
vt 0.265625 0.203125
vt 0.265625 0.609375
vt 0.265625 0.187500
vt 0.265625 0.593750
vt 0.265625 0.171875
vt 0.265625 0.578125
vt 0.273438 1.000000
vt 0.265625 0.984375
vt 0.265625 0.156250
vt 0.265625 0.562500
vt 0.265625 0.968750
vt 0.265625 0.140625
vt 0.265625 0.546875
vt 0.265625 0.953125
vt 0.265625 0.125000
vt 0.265625 0.531250
vt 0.265625 0.937500
vt 0.265625 0.109375
vt 0.265625 0.515625
vt 0.265625 0.921875
vt 0.265625 0.093750
vt 0.265625 0.500000
vt 0.265625 0.906250
vt 0.265625 0.078125
vt 0.265625 0.484375
vt 0.265625 0.890625
vt 0.265625 0.062500
vt 0.265625 0.468750
vt 0.265625 0.875000
vt 0.265625 0.046875
vt 0.265625 0.453125
vt 0.265625 0.859375
vt 0.265625 0.031250
vt 0.265625 0.437500
vt 0.265625 0.843750
vt 0.265625 0.015625
vt 0.265625 0.421875
vt 0.265625 0.828125
vt 0.273438 0.000000
vt 0.265625 0.406250
vt 0.265625 0.812500
vt 0.265625 0.390625
vt 0.265625 0.796875
vt 0.265625 0.375000
vt 0.265625 0.781250
vt 0.265625 0.359375
vt 0.265625 0.765625
vt 0.265625 0.343750
vt 0.265625 0.750000
vt 0.265625 0.328125
vt 0.265625 0.734375
vt 0.265625 0.312500
vt 0.265625 0.718750
vt 0.265625 0.296875
vt 0.265625 0.703125
vt 0.265625 0.281250
vt 0.265625 0.687500
vt 0.265625 0.265625
vt 0.265625 0.671875
vt 0.265625 0.250000
vt 0.265625 0.656250
vt 0.250000 0.203125
vt 0.250000 0.187500
vt 0.250000 0.609375
vt 0.250000 0.593750
vt 0.250000 0.171875
vt 0.250000 0.578125
vt 0.257812 1.000000
vt 0.250000 0.984375
vt 0.250000 0.156250
vt 0.250000 0.562500
vt 0.250000 0.968750
vt 0.250000 0.140625
vt 0.250000 0.546875
vt 0.250000 0.953125
vt 0.250000 0.125000
vt 0.250000 0.531250
vt 0.250000 0.937500
vt 0.250000 0.109375
vt 0.250000 0.515625
vt 0.250000 0.921875
vt 0.250000 0.093750
vt 0.250000 0.500000
vt 0.250000 0.906250
vt 0.250000 0.078125
vt 0.250000 0.484375
vt 0.250000 0.890625
vt 0.250000 0.062500
vt 0.250000 0.468750
vt 0.250000 0.875000
vt 0.250000 0.046875
vt 0.250000 0.453125
vt 0.250000 0.859375
vt 0.250000 0.031250
vt 0.250000 0.437500
vt 0.250000 0.843750
vt 0.250000 0.015625
vt 0.250000 0.421875
vt 0.250000 0.828125
vt 0.257812 0.000000
vt 0.250000 0.406250
vt 0.250000 0.812500
vt 0.250000 0.390625
vt 0.250000 0.796875
vt 0.250000 0.375000
vt 0.250000 0.781250
vt 0.250000 0.359375
vt 0.250000 0.765625
vt 0.250000 0.343750
vt 0.250000 0.750000
vt 0.250000 0.328125
vt 0.250000 0.734375
vt 0.250000 0.312500
vt 0.250000 0.718750
vt 0.250000 0.296875
vt 0.250000 0.703125
vt 0.250000 0.281250
vt 0.250000 0.687500
vt 0.250000 0.265625
vt 0.250000 0.671875
vt 0.250000 0.250000
vt 0.250000 0.656250
vt 0.250000 0.234375
vt 0.250000 0.640625
vt 0.250000 0.218750
vt 0.250000 0.625000
vt 0.234375 0.171875
vt 0.234375 0.156250
vt 0.234375 0.578125
vt 0.234375 0.562500
vt 0.234375 0.984375
vt 0.234375 0.968750
vt 0.234375 0.140625
vt 0.234375 0.546875
vt 0.234375 0.953125
vt 0.234375 0.125000
vt 0.234375 0.531250
vt 0.234375 0.937500
vt 0.234375 0.109375
vt 0.234375 0.515625
vt 0.234375 0.921875
vt 0.234375 0.093750
vt 0.234375 0.500000
vt 0.234375 0.906250
vt 0.234375 0.078125
vt 0.234375 0.484375
vt 0.234375 0.890625
vt 0.234375 0.062500
vt 0.234375 0.468750
vt 0.234375 0.875000
vt 0.234375 0.046875
vt 0.234375 0.453125
vt 0.234375 0.859375
vt 0.234375 0.031250
vt 0.234375 0.437500
vt 0.234375 0.843750
vt 0.234375 0.015625
vt 0.234375 0.421875
vt 0.234375 0.828125
vt 0.242187 0.000000
vt 0.234375 0.406250
vt 0.234375 0.812500
vt 0.234375 0.390625
vt 0.234375 0.796875
vt 0.234375 0.375000
vt 0.234375 0.781250
vt 0.234375 0.359375
vt 0.234375 0.765625
vt 0.234375 0.343750
vt 0.234375 0.750000
vt 0.234375 0.328125
vt 0.234375 0.734375
vt 0.234375 0.312500
vt 0.234375 0.718750
vt 0.234375 0.296875
vt 0.234375 0.703125
vt 0.234375 0.281250
vt 0.234375 0.687500
vt 0.234375 0.265625
vt 0.234375 0.671875
vt 0.234375 0.250000
vt 0.234375 0.656250
vt 0.234375 0.234375
vt 0.234375 0.640625
vt 0.234375 0.218750
vt 0.234375 0.625000
vt 0.234375 0.203125
vt 0.234375 0.609375
vt 0.234375 0.187500
vt 0.234375 0.593750
vt 0.242187 1.000000
vt 0.218750 0.140625
vt 0.218750 0.125000
vt 0.218750 0.546875
vt 0.218750 0.531250
vt 0.218750 0.953125
vt 0.218750 0.937500
vt 0.218750 0.109375
vt 0.218750 0.515625
vt 0.218750 0.921875
vt 0.218750 0.093750
vt 0.218750 0.500000
vt 0.218750 0.906250
vt 0.218750 0.078125
vt 0.218750 0.484375
vt 0.218750 0.890625
vt 0.218750 0.062500
vt 0.218750 0.468750
vt 0.218750 0.875000
vt 0.218750 0.046875
vt 0.218750 0.453125
vt 0.218750 0.859375
vt 0.218750 0.031250
vt 0.218750 0.437500
vt 0.218750 0.843750
vt 0.218750 0.015625
vt 0.218750 0.421875
vt 0.218750 0.828125
vt 0.226562 0.000000
vt 0.218750 0.406250
vt 0.218750 0.812500
vt 0.218750 0.390625
vt 0.218750 0.796875
vt 0.218750 0.375000
vt 0.218750 0.781250
vt 0.218750 0.359375
vt 0.218750 0.765625
vt 0.218750 0.343750
vt 0.218750 0.750000
vt 0.218750 0.328125
vt 0.218750 0.734375
vt 0.218750 0.312500
vt 0.218750 0.718750
vt 0.218750 0.296875
vt 0.218750 0.703125
vt 0.218750 0.281250
vt 0.218750 0.687500
vt 0.218750 0.265625
vt 0.218750 0.671875
vt 0.218750 0.250000
vt 0.218750 0.656250
vt 0.218750 0.234375
vt 0.218750 0.640625
vt 0.218750 0.218750
vt 0.218750 0.625000
vt 0.218750 0.203125
vt 0.218750 0.609375
vt 0.218750 0.187500
vt 0.218750 0.593750
vt 0.218750 0.171875
vt 0.218750 0.578125
vt 0.226562 1.000000
vt 0.218750 0.984375
vt 0.218750 0.156250
vt 0.218750 0.562500
vt 0.218750 0.968750
vt 0.203125 0.109375
vt 0.203125 0.093750
vt 0.203125 0.515625
vt 0.203125 0.500000
vt 0.203125 0.921875
vt 0.203125 0.906250
vt 0.203125 0.078125
vt 0.203125 0.484375
vt 0.203125 0.890625
vt 0.203125 0.062500
vt 0.203125 0.468750
vt 0.203125 0.875000
vt 0.203125 0.046875
vt 0.203125 0.453125
vt 0.203125 0.859375
vt 0.203125 0.031250
vt 0.203125 0.437500
vt 0.203125 0.843750
vt 0.203125 0.015625
vt 0.203125 0.421875
vt 0.203125 0.828125
vt 0.210938 0.000000
vt 0.203125 0.406250
vt 0.203125 0.812500
vt 0.203125 0.390625
vt 0.203125 0.796875
vt 0.203125 0.375000
vt 0.203125 0.781250
vt 0.203125 0.359375
vt 0.203125 0.765625
vt 0.203125 0.343750
vt 0.203125 0.750000
vt 0.203125 0.328125
vt 0.203125 0.734375
vt 0.203125 0.312500
vt 0.203125 0.718750
vt 0.203125 0.296875
vt 0.203125 0.703125
vt 0.203125 0.281250
vt 0.203125 0.687500
vt 0.203125 0.265625
vt 0.203125 0.671875
vt 0.203125 0.250000
vt 0.203125 0.656250
vt 0.203125 0.234375
vt 0.203125 0.640625
vt 0.203125 0.218750
vt 0.203125 0.625000
vt 0.203125 0.203125
vt 0.203125 0.609375
vt 0.203125 0.187500
vt 0.203125 0.593750
vt 0.203125 0.171875
vt 0.203125 0.578125
vt 0.210938 1.000000
vt 0.203125 0.984375
vt 0.203125 0.156250
vt 0.203125 0.562500
vt 0.203125 0.968750
vt 0.203125 0.140625
vt 0.203125 0.546875
vt 0.203125 0.953125
vt 0.203125 0.125000
vt 0.203125 0.531250
vt 0.203125 0.937500
vt 0.187500 0.078125
vt 0.187500 0.062500
vt 0.187500 0.484375
vt 0.187500 0.468750
vt 0.187500 0.890625
vt 0.187500 0.875000
vt 0.187500 0.046875
vt 0.187500 0.453125
vt 0.187500 0.859375
vt 0.187500 0.031250
vt 0.187500 0.437500
vt 0.187500 0.843750
vt 0.187500 0.015625
vt 0.187500 0.421875
vt 0.187500 0.828125
vt 0.195312 0.000000
vt 0.187500 0.406250
vt 0.187500 0.812500
vt 0.187500 0.390625
vt 0.187500 0.796875
vt 0.187500 0.375000
vt 0.187500 0.781250
vt 0.187500 0.359375
vt 0.187500 0.765625
vt 0.187500 0.343750
vt 0.187500 0.750000
vt 0.187500 0.328125
vt 0.187500 0.734375
vt 0.187500 0.312500
vt 0.187500 0.718750
vt 0.187500 0.296875
vt 0.187500 0.703125
vt 0.187500 0.281250
vt 0.187500 0.687500
vt 0.187500 0.265625
vt 0.187500 0.671875
vt 0.187500 0.250000
vt 0.187500 0.656250
vt 0.187500 0.234375
vt 0.187500 0.640625
vt 0.187500 0.218750
vt 0.187500 0.625000
vt 0.187500 0.203125
vt 0.187500 0.609375
vt 0.187500 0.187500
vt 0.187500 0.593750
vt 0.187500 0.171875
vt 0.187500 0.578125
vt 0.195312 1.000000
vt 0.187500 0.984375
vt 0.187500 0.156250
vt 0.187500 0.562500
vt 0.187500 0.968750
vt 0.187500 0.140625
vt 0.187500 0.546875
vt 0.187500 0.953125
vt 0.187500 0.125000
vt 0.187500 0.531250
vt 0.187500 0.937500
vt 0.187500 0.109375
vt 0.187500 0.515625
vt 0.187500 0.921875
vt 0.187500 0.093750
vt 0.187500 0.500000
vt 0.187500 0.906250
vt 0.171875 0.046875
vt 0.171875 0.031250
vt 0.171875 0.453125
vt 0.171875 0.437500
vt 0.171875 0.859375
vt 0.171875 0.843750
vt 0.171875 0.015625
vt 0.171875 0.421875
vt 0.171875 0.828125
vt 0.179687 0.000000
vt 0.171875 0.406250
vt 0.171875 0.812500
vt 0.171875 0.390625
vt 0.171875 0.796875
vt 0.171875 0.375000
vt 0.171875 0.781250
vt 0.171875 0.359375
vt 0.171875 0.765625
vt 0.171875 0.343750
vt 0.171875 0.750000
vt 0.171875 0.328125
vt 0.171875 0.734375
vt 0.171875 0.312500
vt 0.171875 0.718750
vt 0.171875 0.296875
vt 0.171875 0.703125
vt 0.171875 0.281250
vt 0.171875 0.687500
vt 0.171875 0.265625
vt 0.171875 0.671875
vt 0.171875 0.250000
vt 0.171875 0.656250
vt 0.171875 0.234375
vt 0.171875 0.640625
vt 0.171875 0.218750
vt 0.171875 0.625000
vt 0.171875 0.203125
vt 0.171875 0.609375
vt 0.171875 0.187500
vt 0.171875 0.593750
vt 0.171875 0.171875
vt 0.171875 0.578125
vt 0.179687 1.000000
vt 0.171875 0.984375
vt 0.171875 0.156250
vt 0.171875 0.562500
vt 0.171875 0.968750
vt 0.171875 0.140625
vt 0.171875 0.546875
vt 0.171875 0.953125
vt 0.171875 0.125000
vt 0.171875 0.531250
vt 0.171875 0.937500
vt 0.171875 0.109375
vt 0.171875 0.515625
vt 0.171875 0.921875
vt 0.171875 0.093750
vt 0.171875 0.500000
vt 0.171875 0.906250
vt 0.171875 0.078125
vt 0.171875 0.484375
vt 0.171875 0.890625
vt 0.171875 0.062500
vt 0.171875 0.468750
vt 0.171875 0.875000
vt 0.164062 0.000000
vt 0.156250 0.015625
vt 0.156250 0.421875
vt 0.156250 0.406250
vt 0.156250 0.828125
vt 0.156250 0.812500
vt 0.156250 0.390625
vt 0.156250 0.796875
vt 0.156250 0.375000
vt 0.156250 0.781250
vt 0.156250 0.359375
vt 0.156250 0.765625
vt 0.156250 0.343750
vt 0.156250 0.750000
vt 0.156250 0.328125
vt 0.156250 0.734375
vt 0.156250 0.312500
vt 0.156250 0.718750
vt 0.156250 0.296875
vt 0.156250 0.703125
vt 0.156250 0.281250
vt 0.156250 0.687500
vt 0.156250 0.265625
vt 0.156250 0.671875
vt 0.156250 0.250000
vt 0.156250 0.656250
vt 0.156250 0.234375
vt 0.156250 0.640625
vt 0.156250 0.218750
vt 0.156250 0.625000
vt 0.156250 0.203125
vt 0.156250 0.609375
vt 0.156250 0.187500
vt 0.156250 0.593750
vt 0.156250 0.171875
vt 0.156250 0.578125
vt 0.164062 1.000000
vt 0.156250 0.984375
vt 0.156250 0.156250
vt 0.156250 0.562500
vt 0.156250 0.968750
vt 0.156250 0.140625
vt 0.156250 0.546875
vt 0.156250 0.953125
vt 0.156250 0.125000
vt 0.156250 0.531250
vt 0.156250 0.937500
vt 0.156250 0.109375
vt 0.156250 0.515625
vt 0.156250 0.921875
vt 0.156250 0.093750
vt 0.156250 0.500000
vt 0.156250 0.906250
vt 0.156250 0.078125
vt 0.156250 0.484375
vt 0.156250 0.890625
vt 0.156250 0.062500
vt 0.156250 0.468750
vt 0.156250 0.875000
vt 0.156250 0.046875
vt 0.156250 0.453125
vt 0.156250 0.859375
vt 0.156250 0.031250
vt 0.156250 0.437500
vt 0.156250 0.843750
vt 0.140625 0.390625
vt 0.140625 0.375000
vt 0.140625 0.796875
vt 0.140625 0.781250
vt 0.140625 0.359375
vt 0.140625 0.765625
vt 0.140625 0.343750
vt 0.140625 0.750000
vt 0.140625 0.328125
vt 0.140625 0.734375
vt 0.140625 0.312500
vt 0.140625 0.718750
vt 0.140625 0.296875
vt 0.140625 0.703125
vt 0.140625 0.281250
vt 0.140625 0.687500
vt 0.140625 0.265625
vt 0.140625 0.671875
vt 0.140625 0.250000
vt 0.140625 0.656250
vt 0.140625 0.234375
vt 0.140625 0.640625
vt 0.140625 0.218750
vt 0.140625 0.625000
vt 0.140625 0.203125
vt 0.140625 0.609375
vt 0.140625 0.187500
vt 0.140625 0.593750
vt 0.140625 0.171875
vt 0.140625 0.578125
vt 0.148437 1.000000
vt 0.140625 0.984375
vt 0.140625 0.156250
vt 0.140625 0.562500
vt 0.140625 0.968750
vt 0.140625 0.140625
vt 0.140625 0.546875
vt 0.140625 0.953125
vt 0.140625 0.125000
vt 0.140625 0.531250
vt 0.140625 0.937500
vt 0.140625 0.109375
vt 0.140625 0.515625
vt 0.140625 0.921875
vt 0.140625 0.093750
vt 0.140625 0.500000
vt 0.140625 0.906250
vt 0.140625 0.078125
vt 0.140625 0.484375
vt 0.140625 0.890625
vt 0.140625 0.062500
vt 0.140625 0.468750
vt 0.140625 0.875000
vt 0.140625 0.046875
vt 0.140625 0.453125
vt 0.140625 0.859375
vt 0.140625 0.031250
vt 0.140625 0.437500
vt 0.140625 0.843750
vt 0.140625 0.015625
vt 0.140625 0.421875
vt 0.140625 0.828125
vt 0.148437 0.000000
vt 0.140625 0.406250
vt 0.140625 0.812500
vt 0.132812 0.000000
vt 0.125000 0.015625
vt 0.125000 0.421875
vt 0.125000 0.406250
vt 0.125000 0.828125
vt 0.125000 0.812500
vt 0.125000 0.390625
vt 0.125000 0.796875
vt 0.125000 0.375000
vt 0.125000 0.781250
vt 0.125000 0.359375
vt 0.125000 0.765625
vt 0.125000 0.343750
vt 0.125000 0.750000
vt 0.125000 0.328125
vt 0.125000 0.734375
vt 0.125000 0.312500
vt 0.125000 0.718750
vt 0.125000 0.296875
vt 0.125000 0.703125
vt 0.125000 0.281250
vt 0.125000 0.687500
vt 0.125000 0.265625
vt 0.125000 0.671875
vt 0.125000 0.250000
vt 0.125000 0.656250
vt 0.125000 0.234375
vt 0.125000 0.640625
vt 0.125000 0.218750
vt 0.125000 0.625000
vt 0.125000 0.203125
vt 0.125000 0.609375
vt 0.125000 0.187500
vt 0.125000 0.593750
vt 0.125000 0.171875
vt 0.125000 0.578125
vt 0.132812 1.000000
vt 0.125000 0.984375
vt 0.125000 0.156250
vt 0.125000 0.562500
vt 0.125000 0.968750
vt 0.125000 0.140625
vt 0.125000 0.546875
vt 0.125000 0.953125
vt 0.125000 0.125000
vt 0.125000 0.531250
vt 0.125000 0.937500
vt 0.125000 0.109375
vt 0.125000 0.515625
vt 0.125000 0.921875
vt 0.125000 0.093750
vt 0.125000 0.500000
vt 0.125000 0.906250
vt 0.125000 0.078125
vt 0.125000 0.484375
vt 0.125000 0.890625
vt 0.125000 0.062500
vt 0.125000 0.468750
vt 0.125000 0.875000
vt 0.125000 0.046875
vt 0.125000 0.453125
vt 0.125000 0.859375
vt 0.125000 0.031250
vt 0.125000 0.437500
vt 0.125000 0.843750
vt 0.109375 0.390625
vt 0.109375 0.375000
vt 0.109375 0.796875
vt 0.109375 0.781250
vt 0.109375 0.359375
vt 0.109375 0.765625
vt 0.109375 0.343750
vt 0.109375 0.750000
vt 0.109375 0.328125
vt 0.109375 0.734375
vt 0.109375 0.312500
vt 0.109375 0.718750
vt 0.109375 0.296875
vt 0.109375 0.703125
vt 0.109375 0.281250
vt 0.109375 0.687500
vt 0.109375 0.265625
vt 0.109375 0.671875
vt 0.109375 0.250000
vt 0.109375 0.656250
vt 0.109375 0.234375
vt 0.109375 0.640625
vt 0.109375 0.218750
vt 0.109375 0.625000
vt 0.109375 0.203125
vt 0.109375 0.609375
vt 0.109375 0.187500
vt 0.109375 0.593750
vt 0.109375 0.171875
vt 0.109375 0.578125
vt 0.117188 1.000000
vt 0.109375 0.984375
vt 0.109375 0.156250
vt 0.109375 0.562500
vt 0.109375 0.968750
vt 0.109375 0.140625
vt 0.109375 0.546875
vt 0.109375 0.953125
vt 0.109375 0.125000
vt 0.109375 0.531250
vt 0.109375 0.937500
vt 0.109375 0.109375
vt 0.109375 0.515625
vt 0.109375 0.921875
vt 0.109375 0.093750
vt 0.109375 0.500000
vt 0.109375 0.906250
vt 0.109375 0.078125
vt 0.109375 0.484375
vt 0.109375 0.890625
vt 0.109375 0.062500
vt 0.109375 0.468750
vt 0.109375 0.875000
vt 0.109375 0.046875
vt 0.109375 0.453125
vt 0.109375 0.859375
vt 0.109375 0.031250
vt 0.109375 0.437500
vt 0.109375 0.843750
vt 0.109375 0.015625
vt 0.109375 0.421875
vt 0.109375 0.828125
vt 0.117188 0.000000
vt 0.109375 0.406250
vt 0.109375 0.812500
vt 0.093750 0.359375
vt 0.093750 0.343750
vt 0.093750 0.765625
vt 0.093750 0.750000
vt 0.093750 0.328125
vt 0.093750 0.734375
vt 0.093750 0.312500
vt 0.093750 0.718750
vt 0.093750 0.296875
vt 0.093750 0.703125
vt 0.093750 0.281250
vt 0.093750 0.687500
vt 0.093750 0.265625
vt 0.093750 0.671875
vt 0.093750 0.250000
vt 0.093750 0.656250
vt 0.093750 0.234375
vt 0.093750 0.640625
vt 0.093750 0.218750
vt 0.093750 0.625000
vt 0.093750 0.203125
vt 0.093750 0.609375
vt 0.093750 0.187500
vt 0.093750 0.593750
vt 0.093750 0.171875
vt 0.093750 0.578125
vt 0.101562 1.000000
vt 0.093750 0.984375
vt 0.093750 0.156250
vt 0.093750 0.562500
vt 0.093750 0.968750
vt 0.093750 0.140625
vt 0.093750 0.546875
vt 0.093750 0.953125
vt 0.093750 0.125000
vt 0.093750 0.531250
vt 0.093750 0.937500
vt 0.093750 0.109375
vt 0.093750 0.515625
vt 0.093750 0.921875
vt 0.093750 0.093750
vt 0.093750 0.500000
vt 0.093750 0.906250
vt 0.093750 0.078125
vt 0.093750 0.484375
vt 0.093750 0.890625
vt 0.093750 0.062500
vt 0.093750 0.468750
vt 0.093750 0.875000
vt 0.093750 0.046875
vt 0.093750 0.453125
vt 0.093750 0.859375
vt 0.093750 0.031250
vt 0.093750 0.437500
vt 0.093750 0.843750
vt 0.093750 0.015625
vt 0.093750 0.421875
vt 0.093750 0.828125
vt 0.101562 0.000000
vt 0.093750 0.406250
vt 0.093750 0.812500
vt 0.093750 0.390625
vt 0.093750 0.796875
vt 0.093750 0.375000
vt 0.093750 0.781250
vt 0.078125 0.328125
vt 0.078125 0.312500
vt 0.078125 0.734375
vt 0.078125 0.718750
vt 0.078125 0.296875
vt 0.078125 0.703125
vt 0.078125 0.281250
vt 0.078125 0.687500
vt 0.078125 0.265625
vt 0.078125 0.671875
vt 0.078125 0.250000
vt 0.078125 0.656250
vt 0.078125 0.234375
vt 0.078125 0.640625
vt 0.078125 0.218750
vt 0.078125 0.625000
vt 0.078125 0.203125
vt 0.078125 0.609375
vt 0.078125 0.187500
vt 0.078125 0.593750
vt 0.078125 0.171875
vt 0.078125 0.578125
vt 0.085937 1.000000
vt 0.078125 0.984375
vt 0.078125 0.156250
vt 0.078125 0.562500
vt 0.078125 0.968750
vt 0.078125 0.140625
vt 0.078125 0.546875
vt 0.078125 0.953125
vt 0.078125 0.125000
vt 0.078125 0.531250
vt 0.078125 0.937500
vt 0.078125 0.109375
vt 0.078125 0.515625
vt 0.078125 0.921875
vt 0.078125 0.093750
vt 0.078125 0.500000
vt 0.078125 0.906250
vt 0.078125 0.078125
vt 0.078125 0.484375
vt 0.078125 0.890625
vt 0.078125 0.062500
vt 0.078125 0.468750
vt 0.078125 0.875000
vt 0.078125 0.046875
vt 0.078125 0.453125
vt 0.078125 0.859375
vt 0.078125 0.031250
vt 0.078125 0.437500
vt 0.078125 0.843750
vt 0.078125 0.015625
vt 0.078125 0.421875
vt 0.078125 0.828125
vt 0.085937 0.000000
vt 0.078125 0.406250
vt 0.078125 0.812500
vt 0.078125 0.390625
vt 0.078125 0.796875
vt 0.078125 0.375000
vt 0.078125 0.781250
vt 0.078125 0.359375
vt 0.078125 0.765625
vt 0.078125 0.343750
vt 0.078125 0.750000
vt 0.062500 0.296875
vt 0.062500 0.281250
vt 0.062500 0.703125
vt 0.062500 0.687500
vt 0.062500 0.265625
vt 0.062500 0.671875
vt 0.062500 0.250000
vt 0.062500 0.656250
vt 0.062500 0.234375
vt 0.062500 0.640625
vt 0.062500 0.218750
vt 0.062500 0.625000
vt 0.062500 0.203125
vt 0.062500 0.609375
vt 0.062500 0.187500
vt 0.062500 0.593750
vt 0.062500 0.171875
vt 0.062500 0.578125
vt 0.070312 1.000000
vt 0.062500 0.984375
vt 0.062500 0.156250
vt 0.062500 0.562500
vt 0.062500 0.968750
vt 0.062500 0.140625
vt 0.062500 0.546875
vt 0.062500 0.953125
vt 0.062500 0.125000
vt 0.062500 0.531250
vt 0.062500 0.937500
vt 0.062500 0.109375
vt 0.062500 0.515625
vt 0.062500 0.921875
vt 0.062500 0.093750
vt 0.062500 0.500000
vt 0.062500 0.906250
vt 0.062500 0.078125
vt 0.062500 0.484375
vt 0.062500 0.890625
vt 0.062500 0.062500
vt 0.062500 0.468750
vt 0.062500 0.875000
vt 0.062500 0.046875
vt 0.062500 0.453125
vt 0.062500 0.859375
vt 0.062500 0.031250
vt 0.062500 0.437500
vt 0.062500 0.843750
vt 0.062500 0.015625
vt 0.062500 0.421875
vt 0.062500 0.828125
vt 0.070312 0.000000
vt 0.062500 0.406250
vt 0.062500 0.812500
vt 0.062500 0.390625
vt 0.062500 0.796875
vt 0.062500 0.375000
vt 0.062500 0.781250
vt 0.062500 0.359375
vt 0.062500 0.765625
vt 0.062500 0.343750
vt 0.062500 0.750000
vt 0.062500 0.328125
vt 0.062500 0.734375
vt 0.062500 0.312500
vt 0.062500 0.718750
vt 0.046875 0.265625
vt 0.046875 0.250000
vt 0.046875 0.671875
vt 0.046875 0.656250
vt 0.046875 0.234375
vt 0.046875 0.640625
vt 0.046875 0.218750
vt 0.046875 0.625000
vt 0.046875 0.203125
vt 0.046875 0.609375
vt 0.046875 0.187500
vt 0.046875 0.593750
vt 0.046875 0.171875
vt 0.046875 0.578125
vt 0.054688 1.000000
vt 0.046875 0.984375
vt 0.046875 0.156250
vt 0.046875 0.562500
vt 0.046875 0.968750
vt 0.046875 0.140625
vt 0.046875 0.546875
vt 0.046875 0.953125
vt 0.046875 0.125000
vt 0.046875 0.531250
vt 0.046875 0.937500
vt 0.046875 0.109375
vt 0.046875 0.515625
vt 0.046875 0.921875
vt 0.046875 0.093750
vt 0.046875 0.500000
vt 0.046875 0.906250
vt 0.046875 0.078125
vt 0.046875 0.484375
vt 0.046875 0.890625
vt 0.046875 0.062500
vt 0.046875 0.468750
vt 0.046875 0.875000
vt 0.046875 0.046875
vt 0.046875 0.453125
vt 0.046875 0.859375
vt 0.046875 0.031250
vt 0.046875 0.437500
vt 0.046875 0.843750
vt 0.046875 0.015625
vt 0.046875 0.421875
vt 0.046875 0.828125
vt 0.054688 0.000000
vt 0.046875 0.406250
vt 0.046875 0.812500
vt 0.046875 0.390625
vt 0.046875 0.796875
vt 0.046875 0.375000
vt 0.046875 0.781250
vt 0.046875 0.359375
vt 0.046875 0.765625
vt 0.046875 0.343750
vt 0.046875 0.750000
vt 0.046875 0.328125
vt 0.046875 0.734375
vt 0.046875 0.312500
vt 0.046875 0.718750
vt 0.046875 0.296875
vt 0.046875 0.703125
vt 0.046875 0.281250
vt 0.046875 0.687500
vt 0.031250 0.234375
vt 0.031250 0.218750
vt 0.031250 0.640625
vt 0.031250 0.625000
vt 0.031250 0.203125
vt 0.031250 0.609375
vt 0.031250 0.187500
vt 0.031250 0.593750
vt 0.031250 0.171875
vt 0.031250 0.578125
vt 0.039062 1.000000
vt 0.031250 0.984375
vt 0.031250 0.156250
vt 0.031250 0.562500
vt 0.031250 0.968750
vt 0.031250 0.140625
vt 0.031250 0.546875
vt 0.031250 0.953125
vt 0.031250 0.125000
vt 0.031250 0.531250
vt 0.031250 0.937500
vt 0.031250 0.109375
vt 0.031250 0.515625
vt 0.031250 0.921875
vt 0.031250 0.093750
vt 0.031250 0.500000
vt 0.031250 0.906250
vt 0.031250 0.078125
vt 0.031250 0.484375
vt 0.031250 0.890625
vt 0.031250 0.062500
vt 0.031250 0.468750
vt 0.031250 0.875000
vt 0.031250 0.046875
vt 0.031250 0.453125
vt 0.031250 0.859375
vt 0.031250 0.031250
vt 0.031250 0.437500
vt 0.031250 0.843750
vt 0.031250 0.015625
vt 0.031250 0.421875
vt 0.031250 0.828125
vt 0.039062 0.000000
vt 0.031250 0.406250
vt 0.031250 0.812500
vt 0.031250 0.390625
vt 0.031250 0.796875
vt 0.031250 0.375000
vt 0.031250 0.781250
vt 0.031250 0.359375
vt 0.031250 0.765625
vt 0.031250 0.343750
vt 0.031250 0.750000
vt 0.031250 0.328125
vt 0.031250 0.734375
vt 0.031250 0.312500
vt 0.031250 0.718750
vt 0.031250 0.296875
vt 0.031250 0.703125
vt 0.031250 0.281250
vt 0.031250 0.687500
vt 0.031250 0.265625
vt 0.031250 0.671875
vt 0.031250 0.250000
vt 0.031250 0.656250
vt 0.015625 0.203125
vt 0.015625 0.187500
vt 0.015625 0.609375
vt 0.015625 0.593750
vt 0.015625 0.171875
vt 0.015625 0.578125
vt 0.023438 1.000000
vt 0.015625 0.984375
vt 0.015625 0.156250
vt 0.015625 0.562500
vt 0.015625 0.968750
vt 0.015625 0.140625
vt 0.015625 0.546875
vt 0.015625 0.953125
vt 0.015625 0.125000
vt 0.015625 0.531250
vt 0.015625 0.937500
vt 0.015625 0.109375
vt 0.015625 0.515625
vt 0.015625 0.921875
vt 0.015625 0.093750
vt 0.015625 0.500000
vt 0.015625 0.906250
vt 0.015625 0.078125
vt 0.015625 0.484375
vt 0.015625 0.890625
vt 0.015625 0.062500
vt 0.015625 0.468750
vt 0.015625 0.875000
vt 0.015625 0.046875
vt 0.015625 0.453125
vt 0.015625 0.859375
vt 0.015625 0.031250
vt 0.015625 0.437500
vt 0.015625 0.843750
vt 0.015625 0.015625
vt 0.015625 0.421875
vt 0.015625 0.828125
vt 0.023438 0.000000
vt 0.015625 0.406250
vt 0.015625 0.812500
vt 0.015625 0.390625
vt 0.015625 0.796875
vt 0.015625 0.375000
vt 0.015625 0.781250
vt 0.015625 0.359375
vt 0.015625 0.765625
vt 0.015625 0.343750
vt 0.015625 0.750000
vt 0.015625 0.328125
vt 0.015625 0.734375
vt 0.015625 0.312500
vt 0.015625 0.718750
vt 0.015625 0.296875
vt 0.015625 0.703125
vt 0.015625 0.281250
vt 0.015625 0.687500
vt 0.015625 0.265625
vt 0.015625 0.671875
vt 0.015625 0.250000
vt 0.015625 0.656250
vt 0.015625 0.234375
vt 0.015625 0.640625
vt 0.015625 0.218750
vt 0.015625 0.625000
vt 0.007812 1.000000
vt 0.000000 0.984375
vt 0.000000 0.171875
vt 0.000000 0.156250
vt 0.000000 0.578125
vt 0.000000 0.562500
vt 0.000000 0.968750
vt 0.000000 0.140625
vt 0.000000 0.546875
vt 0.000000 0.953125
vt 0.000000 0.125000
vt 0.000000 0.531250
vt 0.000000 0.937500
vt 0.000000 0.109375
vt 0.000000 0.515625
vt 0.000000 0.921875
vt 0.000000 0.093750
vt 0.000000 0.500000
vt 0.000000 0.906250
vt 0.000000 0.078125
vt 0.000000 0.484375
vt 0.000000 0.890625
vt 0.000000 0.062500
vt 0.000000 0.468750
vt 0.000000 0.875000
vt 0.000000 0.046875
vt 0.000000 0.453125
vt 0.000000 0.859375
vt 0.000000 0.031250
vt 0.000000 0.437500
vt 0.000000 0.843750
vt 0.000000 0.015625
vt 0.000000 0.421875
vt 0.000000 0.828125
vt 0.007812 0.000000
vt 0.000000 0.406250
vt 0.000000 0.812500
vt 0.000000 0.390625
vt 0.000000 0.796875
vt 0.000000 0.375000
vt 0.000000 0.781250
vt 0.000000 0.359375
vt 0.000000 0.765625
vt 0.000000 0.343750
vt 0.000000 0.750000
vt 0.000000 0.328125
vt 0.000000 0.734375
vt 0.000000 0.312500
vt 0.000000 0.718750
vt 0.000000 0.296875
vt 0.000000 0.703125
vt 0.000000 0.281250
vt 0.000000 0.687500
vt 0.000000 0.265625
vt 0.000000 0.671875
vt 0.000000 0.250000
vt 0.000000 0.656250
vt 0.000000 0.234375
vt 0.000000 0.640625
vt 0.000000 0.218750
vt 0.000000 0.625000
vt 0.000000 0.203125
vt 0.000000 0.609375
vt 0.000000 0.187500
vt 0.000000 0.593750
vt 1.000000 0.953125
vt 1.000000 0.968750
vt 0.984375 0.968750
vt 0.984375 0.953125
vt 1.000000 0.125000
vt 1.000000 0.140625
vt 0.984375 0.140625
vt 0.984375 0.125000
vt 1.000000 0.531250
vt 1.000000 0.546875
vt 0.984375 0.546875
vt 0.984375 0.531250
vt 1.000000 0.937500
vt 0.984375 0.937500
vt 1.000000 0.109375
vt 0.984375 0.109375
vt 1.000000 0.515625
vt 0.984375 0.515625
vt 1.000000 0.921875
vt 0.984375 0.921875
vt 1.000000 0.093750
vt 0.984375 0.093750
vt 1.000000 0.500000
vt 0.984375 0.500000
vt 1.000000 0.906250
vt 0.984375 0.906250
vt 1.000000 0.078125
vt 0.984375 0.078125
vt 1.000000 0.484375
vt 0.984375 0.484375
vt 1.000000 0.890625
vt 0.984375 0.890625
vt 1.000000 0.062500
vt 0.984375 0.062500
vt 1.000000 0.468750
vt 0.984375 0.468750
vt 1.000000 0.875000
vt 0.984375 0.875000
vt 1.000000 0.046875
vt 0.984375 0.046875
vt 1.000000 0.453125
vt 0.984375 0.453125
vt 1.000000 0.859375
vt 0.984375 0.859375
vt 1.000000 0.031250
vt 0.984375 0.031250
vt 1.000000 0.437500
vt 0.984375 0.437500
vt 1.000000 0.843750
vt 0.984375 0.843750
vt 1.000000 0.015625
vt 0.984375 0.015625
vt 1.000000 0.421875
vt 0.984375 0.421875
vt 1.000000 0.828125
vt 0.984375 0.828125
vt 0.992187 0.000000
vt 1.000000 0.406250
vt 0.984375 0.406250
vt 1.000000 0.812500
vt 0.984375 0.812500
vt 1.000000 0.390625
vt 0.984375 0.390625
vt 1.000000 0.796875
vt 0.984375 0.796875
vt 1.000000 0.375000
vt 0.984375 0.375000
vt 1.000000 0.781250
vt 0.984375 0.781250
vt 1.000000 0.359375
vt 0.984375 0.359375
vt 1.000000 0.765625
vt 0.984375 0.765625
vt 1.000000 0.343750
vt 0.984375 0.343750
vt 1.000000 0.750000
vt 0.984375 0.750000
vt 1.000000 0.328125
vt 0.984375 0.328125
vt 1.000000 0.734375
vt 0.984375 0.734375
vt 1.000000 0.312500
vt 0.984375 0.312500
vt 1.000000 0.718750
vt 0.984375 0.718750
vt 1.000000 0.296875
vt 0.984375 0.296875
vt 1.000000 0.703125
vt 0.984375 0.703125
vt 1.000000 0.281250
vt 0.984375 0.281250
vt 1.000000 0.687500
vt 0.984375 0.687500
vt 1.000000 0.265625
vt 0.984375 0.265625
vt 1.000000 0.671875
vt 0.984375 0.671875
vt 1.000000 0.250000
vt 0.984375 0.250000
vt 1.000000 0.656250
vt 0.984375 0.656250
vt 1.000000 0.234375
vt 0.984375 0.234375
vt 1.000000 0.640625
vt 0.984375 0.640625
vt 1.000000 0.218750
vt 0.984375 0.218750
vt 1.000000 0.625000
vt 0.984375 0.625000
vt 1.000000 0.203125
vt 0.984375 0.203125
vt 1.000000 0.609375
vt 0.984375 0.609375
vt 1.000000 0.187500
vt 0.984375 0.187500
vt 1.000000 0.593750
vt 0.984375 0.593750
vt 1.000000 0.171875
vt 0.984375 0.171875
vt 1.000000 0.578125
vt 0.984375 0.578125
vt 1.000000 0.984375
vt 0.992187 1.000000
vt 0.984375 0.984375
vt 1.000000 0.156250
vt 0.984375 0.156250
vt 1.000000 0.562500
vt 0.984375 0.562500
vt 0.968750 0.937500
vt 0.968750 0.921875
vt 0.968750 0.109375
vt 0.968750 0.093750
vt 0.968750 0.515625
vt 0.968750 0.500000
vt 0.968750 0.906250
vt 0.968750 0.078125
vt 0.968750 0.484375
vt 0.968750 0.890625
vt 0.968750 0.062500
vt 0.968750 0.468750
vt 0.968750 0.875000
vt 0.968750 0.046875
vt 0.968750 0.453125
vt 0.968750 0.859375
vt 0.968750 0.031250
vt 0.968750 0.437500
vt 0.968750 0.843750
vt 0.968750 0.015625
vt 0.968750 0.421875
vt 0.968750 0.828125
vt 0.976562 0.000000
vt 0.968750 0.406250
vt 0.968750 0.812500
vt 0.968750 0.390625
vt 0.968750 0.796875
vt 0.968750 0.375000
vt 0.968750 0.781250
vt 0.968750 0.359375
vt 0.968750 0.765625
vt 0.968750 0.343750
vt 0.968750 0.750000
vt 0.968750 0.328125
vt 0.968750 0.734375
vt 0.968750 0.312500
vt 0.968750 0.718750
vt 0.968750 0.296875
vt 0.968750 0.703125
vt 0.968750 0.281250
vt 0.968750 0.687500
vt 0.968750 0.265625
vt 0.968750 0.671875
vt 0.968750 0.250000
vt 0.968750 0.656250
vt 0.968750 0.234375
vt 0.968750 0.640625
vt 0.968750 0.218750
vt 0.968750 0.625000
vt 0.968750 0.203125
vt 0.968750 0.609375
vt 0.968750 0.187500
vt 0.968750 0.593750
vt 0.968750 0.171875
vt 0.968750 0.578125
vt 0.976562 1.000000
vt 0.968750 0.984375
vt 0.968750 0.156250
vt 0.968750 0.562500
vt 0.968750 0.968750
vt 0.968750 0.140625
vt 0.968750 0.546875
vt 0.968750 0.953125
vt 0.968750 0.125000
vt 0.968750 0.531250
vt 0.953125 0.906250
vt 0.953125 0.890625
vt 0.953125 0.078125
vt 0.953125 0.062500
vt 0.953125 0.484375
vt 0.953125 0.468750
vt 0.953125 0.875000
vt 0.953125 0.046875
vt 0.953125 0.453125
vt 0.953125 0.859375
vt 0.953125 0.031250
vt 0.953125 0.437500
vt 0.953125 0.843750
vt 0.953125 0.015625
vt 0.953125 0.421875
vt 0.953125 0.828125
vt 0.960938 0.000000
vt 0.953125 0.406250
vt 0.953125 0.812500
vt 0.953125 0.390625
vt 0.953125 0.796875
vt 0.953125 0.375000
vt 0.953125 0.781250
vt 0.953125 0.359375
vt 0.953125 0.765625
vt 0.953125 0.343750
vt 0.953125 0.750000
vt 0.953125 0.328125
vt 0.953125 0.734375
vt 0.953125 0.312500
vt 0.953125 0.718750
vt 0.953125 0.296875
vt 0.953125 0.703125
vt 0.953125 0.281250
vt 0.953125 0.687500
vt 0.953125 0.265625
vt 0.953125 0.671875
vt 0.953125 0.250000
vt 0.953125 0.656250
vt 0.953125 0.234375
vt 0.953125 0.640625
vt 0.953125 0.218750
vt 0.953125 0.625000
vt 0.953125 0.203125
vt 0.953125 0.609375
vt 0.953125 0.187500
vt 0.953125 0.593750
vt 0.953125 0.171875
vt 0.953125 0.578125
vt 0.960938 1.000000
vt 0.953125 0.984375
vt 0.953125 0.156250
vt 0.953125 0.562500
vt 0.953125 0.968750
vt 0.953125 0.140625
vt 0.953125 0.546875
vt 0.953125 0.953125
vt 0.953125 0.125000
vt 0.953125 0.531250
vt 0.953125 0.937500
vt 0.953125 0.109375
vt 0.953125 0.515625
vt 0.953125 0.921875
vt 0.953125 0.093750
vt 0.953125 0.500000
vt 0.937500 0.875000
vt 0.937500 0.859375
vt 0.937500 0.171875
vt 0.937500 0.156250
vt 0.937500 0.453125
vt 0.937500 0.437500
vt 0.937500 0.843750
vt 0.937500 0.140625
vt 0.937500 0.421875
vt 0.937500 0.828125
vt 0.937500 0.125000
vt 0.937500 0.406250
vt 0.937500 0.812500
vt 0.937500 0.109375
vt 0.937500 0.796875
vt 0.937500 0.093750
vt 0.937500 0.781250
vt 0.937500 0.078125
vt 0.937500 0.765625
vt 0.937500 0.062500
vt 0.937500 0.750000
vt 0.937500 0.046875
vt 0.937500 0.734375
vt 0.937500 0.031250
vt 0.937500 0.718750
vt 0.937500 0.015625
vt 0.937500 0.703125
vt 0.945312 0.000000
vt 0.937500 0.687500
vt 0.937500 0.390625
vt 0.937500 0.671875
vt 0.937500 0.375000
vt 0.937500 0.656250
vt 0.937500 0.359375
vt 0.937500 0.640625
vt 0.937500 0.343750
vt 0.937500 0.625000
vt 0.937500 0.328125
vt 0.937500 0.609375
vt 0.937500 0.312500
vt 0.937500 0.593750
vt 0.937500 0.296875
vt 0.937500 0.578125
vt 0.945312 1.000000
vt 0.937500 0.984375
vt 0.937500 0.281250
vt 0.937500 0.562500
vt 0.937500 0.968750
vt 0.937500 0.265625
vt 0.937500 0.546875
vt 0.937500 0.953125
vt 0.937500 0.250000
vt 0.937500 0.531250
vt 0.937500 0.937500
vt 0.937500 0.234375
vt 0.937500 0.515625
vt 0.937500 0.921875
vt 0.937500 0.218750
vt 0.937500 0.500000
vt 0.937500 0.906250
vt 0.937500 0.203125
vt 0.937500 0.484375
vt 0.937500 0.890625
vt 0.937500 0.187500
vt 0.937500 0.468750
vt 0.921875 0.140625
vt 0.921875 0.125000
vt 0.921875 0.546875
vt 0.921875 0.531250
vt 0.921875 0.953125
vt 0.921875 0.937500
vt 0.921875 0.109375
vt 0.921875 0.515625
vt 0.921875 0.921875
vt 0.921875 0.093750
vt 0.921875 0.500000
vt 0.921875 0.906250
vt 0.921875 0.078125
vt 0.921875 0.484375
vt 0.921875 0.890625
vt 0.921875 0.062500
vt 0.921875 0.468750
vt 0.921875 0.875000
vt 0.921875 0.046875
vt 0.921875 0.453125
vt 0.921875 0.859375
vt 0.921875 0.031250
vt 0.921875 0.437500
vt 0.921875 0.843750
vt 0.921875 0.015625
vt 0.921875 0.421875
vt 0.921875 0.828125
vt 0.929687 0.000000
vt 0.921875 0.406250
vt 0.921875 0.812500
vt 0.921875 0.390625
vt 0.921875 0.796875
vt 0.921875 0.375000
vt 0.921875 0.781250
vt 0.921875 0.359375
vt 0.921875 0.765625
vt 0.921875 0.343750
vt 0.921875 0.750000
vt 0.921875 0.328125
vt 0.921875 0.734375
vt 0.921875 0.312500
vt 0.921875 0.718750
vt 0.921875 0.296875
vt 0.921875 0.703125
vt 0.921875 0.281250
vt 0.921875 0.687500
vt 0.921875 0.265625
vt 0.921875 0.671875
vt 0.921875 0.250000
vt 0.921875 0.656250
vt 0.921875 0.234375
vt 0.921875 0.640625
vt 0.921875 0.218750
vt 0.921875 0.625000
vt 0.921875 0.203125
vt 0.921875 0.609375
vt 0.921875 0.187500
vt 0.921875 0.593750
vt 0.921875 0.171875
vt 0.921875 0.578125
vt 0.929687 1.000000
vt 0.921875 0.984375
vt 0.921875 0.156250
vt 0.921875 0.562500
vt 0.921875 0.968750
vt 0.906250 0.109375
vt 0.906250 0.093750
vt 0.906250 0.515625
vt 0.906250 0.500000
vt 0.906250 0.921875
vt 0.906250 0.906250
vt 0.906250 0.078125
vt 0.906250 0.484375
vt 0.906250 0.890625
vt 0.906250 0.062500
vt 0.906250 0.468750
vt 0.906250 0.875000
vt 0.906250 0.046875
vt 0.906250 0.453125
vt 0.906250 0.859375
vt 0.906250 0.031250
vt 0.906250 0.437500
vt 0.906250 0.843750
vt 0.906250 0.015625
vt 0.906250 0.421875
vt 0.906250 0.828125
vt 0.914062 0.000000
vt 0.906250 0.406250
vt 0.906250 0.812500
vt 0.906250 0.390625
vt 0.906250 0.796875
vt 0.906250 0.375000
vt 0.906250 0.781250
vt 0.906250 0.359375
vt 0.906250 0.765625
vt 0.906250 0.343750
vt 0.906250 0.750000
vt 0.906250 0.328125
vt 0.906250 0.734375
vt 0.906250 0.312500
vt 0.906250 0.718750
vt 0.906250 0.296875
vt 0.906250 0.703125
vt 0.906250 0.281250
vt 0.906250 0.687500
vt 0.906250 0.265625
vt 0.906250 0.671875
vt 0.906250 0.250000
vt 0.906250 0.656250
vt 0.906250 0.234375
vt 0.906250 0.640625
vt 0.906250 0.218750
vt 0.906250 0.625000
vt 0.906250 0.203125
vt 0.906250 0.609375
vt 0.906250 0.187500
vt 0.906250 0.593750
vt 0.906250 0.171875
vt 0.906250 0.578125
vt 0.914062 1.000000
vt 0.906250 0.984375
vt 0.906250 0.156250
vt 0.906250 0.562500
vt 0.906250 0.968750
vt 0.906250 0.140625
vt 0.906250 0.546875
vt 0.906250 0.953125
vt 0.906250 0.125000
vt 0.906250 0.531250
vt 0.906250 0.937500
vt 0.890625 0.078125
vt 0.890625 0.062500
vt 0.890625 0.484375
vt 0.890625 0.468750
vt 0.890625 0.890625
vt 0.890625 0.875000
vt 0.890625 0.046875
vt 0.890625 0.453125
vt 0.890625 0.859375
vt 0.890625 0.031250
vt 0.890625 0.437500
vt 0.890625 0.843750
vt 0.890625 0.015625
vt 0.890625 0.421875
vt 0.890625 0.828125
vt 0.898437 0.000000
vt 0.890625 0.406250
vt 0.890625 0.812500
vt 0.890625 0.390625
vt 0.890625 0.796875
vt 0.890625 0.375000
vt 0.890625 0.781250
vt 0.890625 0.359375
vt 0.890625 0.765625
vt 0.890625 0.343750
vt 0.890625 0.750000
vt 0.890625 0.328125
vt 0.890625 0.734375
vt 0.890625 0.312500
vt 0.890625 0.718750
vt 0.890625 0.296875
vt 0.890625 0.703125
vt 0.890625 0.281250
vt 0.890625 0.687500
vt 0.890625 0.265625
vt 0.890625 0.671875
vt 0.890625 0.250000
vt 0.890625 0.656250
vt 0.890625 0.234375
vt 0.890625 0.640625
vt 0.890625 0.218750
vt 0.890625 0.625000
vt 0.890625 0.203125
vt 0.890625 0.609375
vt 0.890625 0.187500
vt 0.890625 0.593750
vt 0.890625 0.171875
vt 0.890625 0.578125
vt 0.898437 1.000000
vt 0.890625 0.984375
vt 0.890625 0.156250
vt 0.890625 0.562500
vt 0.890625 0.968750
vt 0.890625 0.140625
vt 0.890625 0.546875
vt 0.890625 0.953125
vt 0.890625 0.125000
vt 0.890625 0.531250
vt 0.890625 0.937500
vt 0.890625 0.109375
vt 0.890625 0.515625
vt 0.890625 0.921875
vt 0.890625 0.093750
vt 0.890625 0.500000
vt 0.890625 0.906250
vt 0.875000 0.046875
vt 0.875000 0.031250
vt 0.875000 0.453125
vt 0.875000 0.437500
vt 0.875000 0.859375
vt 0.875000 0.843750
vt 0.875000 0.015625
vt 0.875000 0.421875
vt 0.875000 0.828125
vt 0.882812 0.000000
vt 0.875000 0.406250
vt 0.875000 0.812500
vt 0.875000 0.390625
vt 0.875000 0.796875
vt 0.875000 0.375000
vt 0.875000 0.781250
vt 0.875000 0.359375
vt 0.875000 0.765625
vt 0.875000 0.343750
vt 0.875000 0.750000
vt 0.875000 0.328125
vt 0.875000 0.734375
vt 0.875000 0.312500
vt 0.875000 0.718750
vt 0.875000 0.296875
vt 0.875000 0.703125
vt 0.875000 0.281250
vt 0.875000 0.687500
vt 0.875000 0.265625
vt 0.875000 0.671875
vt 0.875000 0.250000
vt 0.875000 0.656250
vt 0.875000 0.234375
vt 0.875000 0.640625
vt 0.875000 0.218750
vt 0.875000 0.625000
vt 0.875000 0.203125
vt 0.875000 0.609375
vt 0.875000 0.187500
vt 0.875000 0.593750
vt 0.875000 0.171875
vt 0.875000 0.578125
vt 0.882812 1.000000
vt 0.875000 0.984375
vt 0.875000 0.156250
vt 0.875000 0.562500
vt 0.875000 0.968750
vt 0.875000 0.140625
vt 0.875000 0.546875
vt 0.875000 0.953125
vt 0.875000 0.125000
vt 0.875000 0.531250
vt 0.875000 0.937500
vt 0.875000 0.109375
vt 0.875000 0.515625
vt 0.875000 0.921875
vt 0.875000 0.093750
vt 0.875000 0.500000
vt 0.875000 0.906250
vt 0.875000 0.078125
vt 0.875000 0.484375
vt 0.875000 0.890625
vt 0.875000 0.062500
vt 0.875000 0.468750
vt 0.875000 0.875000
vt 0.867187 0.000000
vt 0.859375 0.015625
vt 0.859375 0.421875
vt 0.859375 0.406250
vt 0.859375 0.828125
vt 0.859375 0.812500
vt 0.859375 0.390625
vt 0.859375 0.796875
vt 0.859375 0.375000
vt 0.859375 0.781250
vt 0.859375 0.359375
vt 0.859375 0.765625
vt 0.859375 0.343750
vt 0.859375 0.750000
vt 0.859375 0.328125
vt 0.859375 0.734375
vt 0.859375 0.312500
vt 0.859375 0.718750
vt 0.859375 0.296875
vt 0.859375 0.703125
vt 0.859375 0.281250
vt 0.859375 0.687500
vt 0.859375 0.265625
vt 0.859375 0.671875
vt 0.859375 0.250000
vt 0.859375 0.656250
vt 0.859375 0.234375
vt 0.859375 0.640625
vt 0.859375 0.218750
vt 0.859375 0.625000
vt 0.859375 0.203125
vt 0.859375 0.609375
vt 0.859375 0.187500
vt 0.859375 0.593750
vt 0.859375 0.171875
vt 0.859375 0.578125
vt 0.867187 1.000000
vt 0.859375 0.984375
vt 0.859375 0.156250
vt 0.859375 0.562500
vt 0.859375 0.968750
vt 0.859375 0.140625
vt 0.859375 0.546875
vt 0.859375 0.953125
vt 0.859375 0.125000
vt 0.859375 0.531250
vt 0.859375 0.937500
vt 0.859375 0.109375
vt 0.859375 0.515625
vt 0.859375 0.921875
vt 0.859375 0.093750
vt 0.859375 0.500000
vt 0.859375 0.906250
vt 0.859375 0.078125
vt 0.859375 0.484375
vt 0.859375 0.890625
vt 0.859375 0.062500
vt 0.859375 0.468750
vt 0.859375 0.875000
vt 0.859375 0.046875
vt 0.859375 0.453125
vt 0.859375 0.859375
vt 0.859375 0.031250
vt 0.859375 0.437500
vt 0.859375 0.843750
vt 0.843750 0.390625
vt 0.843750 0.375000
vt 0.843750 0.796875
vt 0.843750 0.781250
vt 0.843750 0.359375
vt 0.843750 0.765625
vt 0.843750 0.343750
vt 0.843750 0.750000
vt 0.843750 0.328125
vt 0.843750 0.734375
vt 0.843750 0.312500
vt 0.843750 0.718750
vt 0.843750 0.296875
vt 0.843750 0.703125
vt 0.843750 0.281250
vt 0.843750 0.687500
vt 0.843750 0.265625
vt 0.843750 0.671875
vt 0.843750 0.250000
vt 0.843750 0.656250
vt 0.843750 0.234375
vt 0.843750 0.640625
vt 0.843750 0.218750
vt 0.843750 0.625000
vt 0.843750 0.203125
vt 0.843750 0.609375
vt 0.843750 0.187500
vt 0.843750 0.593750
vt 0.843750 0.171875
vt 0.843750 0.578125
vt 0.851562 1.000000
vt 0.843750 0.984375
vt 0.843750 0.156250
vt 0.843750 0.562500
vt 0.843750 0.968750
vt 0.843750 0.140625
vt 0.843750 0.546875
vt 0.843750 0.953125
vt 0.843750 0.125000
vt 0.843750 0.531250
vt 0.843750 0.937500
vt 0.843750 0.109375
vt 0.843750 0.515625
vt 0.843750 0.921875
vt 0.843750 0.093750
vt 0.843750 0.500000
vt 0.843750 0.906250
vt 0.843750 0.078125
vt 0.843750 0.484375
vt 0.843750 0.890625
vt 0.843750 0.062500
vt 0.843750 0.468750
vt 0.843750 0.875000
vt 0.843750 0.046875
vt 0.843750 0.453125
vt 0.843750 0.859375
vt 0.843750 0.031250
vt 0.843750 0.437500
vt 0.843750 0.843750
vt 0.843750 0.015625
vt 0.843750 0.421875
vt 0.843750 0.828125
vt 0.851562 0.000000
vt 0.843750 0.406250
vt 0.843750 0.812500
vt 0.828125 0.359375
vt 0.828125 0.343750
vt 0.828125 0.765625
vt 0.828125 0.750000
vt 0.828125 0.328125
vt 0.828125 0.734375
vt 0.828125 0.312500
vt 0.828125 0.718750
vt 0.828125 0.296875
vt 0.828125 0.703125
vt 0.828125 0.281250
vt 0.828125 0.687500
vt 0.828125 0.265625
vt 0.828125 0.671875
vt 0.828125 0.250000
vt 0.828125 0.656250
vt 0.828125 0.234375
vt 0.828125 0.640625
vt 0.828125 0.218750
vt 0.828125 0.625000
vt 0.828125 0.203125
vt 0.828125 0.609375
vt 0.828125 0.187500
vt 0.828125 0.593750
vt 0.828125 0.171875
vt 0.828125 0.578125
vt 0.835938 1.000000
vt 0.828125 0.984375
vt 0.828125 0.156250
vt 0.828125 0.562500
vt 0.828125 0.968750
vt 0.828125 0.140625
vt 0.828125 0.546875
vt 0.828125 0.953125
vt 0.828125 0.125000
vt 0.828125 0.531250
vt 0.828125 0.937500
vt 0.828125 0.109375
vt 0.828125 0.515625
vt 0.828125 0.921875
vt 0.828125 0.093750
vt 0.828125 0.500000
vt 0.828125 0.906250
vt 0.828125 0.078125
vt 0.828125 0.484375
vt 0.828125 0.890625
vt 0.828125 0.062500
vt 0.828125 0.468750
vt 0.828125 0.875000
vt 0.828125 0.046875
vt 0.828125 0.453125
vt 0.828125 0.859375
vt 0.828125 0.031250
vt 0.828125 0.437500
vt 0.828125 0.843750
vt 0.828125 0.015625
vt 0.828125 0.421875
vt 0.828125 0.828125
vt 0.835938 0.000000
vt 0.828125 0.406250
vt 0.828125 0.812500
vt 0.828125 0.390625
vt 0.828125 0.796875
vt 0.828125 0.375000
vt 0.828125 0.781250
vt 0.812500 0.328125
vt 0.812500 0.312500
vt 0.812500 0.734375
vt 0.812500 0.718750
vt 0.812500 0.296875
vt 0.812500 0.703125
vt 0.812500 0.281250
vt 0.812500 0.687500
vt 0.812500 0.265625
vt 0.812500 0.671875
vt 0.812500 0.250000
vt 0.812500 0.656250
vt 0.812500 0.234375
vt 0.812500 0.640625
vt 0.812500 0.218750
vt 0.812500 0.625000
vt 0.812500 0.203125
vt 0.812500 0.609375
vt 0.812500 0.187500
vt 0.812500 0.593750
vt 0.812500 0.171875
vt 0.812500 0.578125
vt 0.820312 1.000000
vt 0.812500 0.984375
vt 0.812500 0.156250
vt 0.812500 0.562500
vt 0.812500 0.968750
vt 0.812500 0.140625
vt 0.812500 0.546875
vt 0.812500 0.953125
vt 0.812500 0.125000
vt 0.812500 0.531250
vt 0.812500 0.937500
vt 0.812500 0.109375
vt 0.812500 0.515625
vt 0.812500 0.921875
vt 0.812500 0.093750
vt 0.812500 0.500000
vt 0.812500 0.906250
vt 0.812500 0.078125
vt 0.812500 0.484375
vt 0.812500 0.890625
vt 0.812500 0.062500
vt 0.812500 0.468750
vt 0.812500 0.875000
vt 0.812500 0.046875
vt 0.812500 0.453125
vt 0.812500 0.859375
vt 0.812500 0.031250
vt 0.812500 0.437500
vt 0.812500 0.843750
vt 0.812500 0.015625
vt 0.812500 0.421875
vt 0.812500 0.828125
vt 0.820312 0.000000
vt 0.812500 0.406250
vt 0.812500 0.812500
vt 0.812500 0.390625
vt 0.812500 0.796875
vt 0.812500 0.375000
vt 0.812500 0.781250
vt 0.812500 0.359375
vt 0.812500 0.765625
vt 0.812500 0.343750
vt 0.812500 0.750000
vt 0.796875 0.296875
vt 0.796875 0.281250
vt 0.796875 0.703125
vt 0.796875 0.687500
vt 0.796875 0.265625
vt 0.796875 0.671875
vt 0.796875 0.250000
vt 0.796875 0.656250
vt 0.796875 0.234375
vt 0.796875 0.640625
vt 0.796875 0.218750
vt 0.796875 0.625000
vt 0.796875 0.203125
vt 0.796875 0.609375
vt 0.796875 0.187500
vt 0.796875 0.593750
vt 0.796875 0.171875
vt 0.796875 0.578125
vt 0.804688 1.000000
vt 0.796875 0.984375
vt 0.796875 0.156250
vt 0.796875 0.562500
vt 0.796875 0.968750
vt 0.796875 0.140625
vt 0.796875 0.546875
vt 0.796875 0.953125
vt 0.796875 0.125000
vt 0.796875 0.531250
vt 0.796875 0.937500
vt 0.796875 0.109375
vt 0.796875 0.515625
vt 0.796875 0.921875
vt 0.796875 0.093750
vt 0.796875 0.500000
vt 0.796875 0.906250
vt 0.796875 0.078125
vt 0.796875 0.484375
vt 0.796875 0.890625
vt 0.796875 0.062500
vt 0.796875 0.468750
vt 0.796875 0.875000
vt 0.796875 0.046875
vt 0.796875 0.453125
vt 0.796875 0.859375
vt 0.796875 0.031250
vt 0.796875 0.437500
vt 0.796875 0.843750
vt 0.796875 0.015625
vt 0.796875 0.421875
vt 0.796875 0.828125
vt 0.804688 0.000000
vt 0.796875 0.406250
vt 0.796875 0.812500
vt 0.796875 0.390625
vt 0.796875 0.796875
vt 0.796875 0.375000
vt 0.796875 0.781250
vt 0.796875 0.359375
vt 0.796875 0.765625
vt 0.796875 0.343750
vt 0.796875 0.750000
vt 0.796875 0.328125
vt 0.796875 0.734375
vt 0.796875 0.312500
vt 0.796875 0.718750
vt 0.781250 0.265625
vt 0.781250 0.250000
vt 0.781250 0.671875
vt 0.781250 0.656250
vt 0.781250 0.234375
vt 0.781250 0.640625
vt 0.781250 0.218750
vt 0.781250 0.625000
vt 0.781250 0.203125
vt 0.781250 0.609375
vt 0.781250 0.187500
vt 0.781250 0.593750
vt 0.781250 0.171875
vt 0.781250 0.578125
vt 0.789062 1.000000
vt 0.781250 0.984375
vt 0.781250 0.156250
vt 0.781250 0.562500
vt 0.781250 0.968750
vt 0.781250 0.140625
vt 0.781250 0.546875
vt 0.781250 0.953125
vt 0.781250 0.125000
vt 0.781250 0.531250
vt 0.781250 0.937500
vt 0.781250 0.109375
vt 0.781250 0.515625
vt 0.781250 0.921875
vt 0.781250 0.093750
vt 0.781250 0.500000
vt 0.781250 0.906250
vt 0.781250 0.078125
vt 0.781250 0.484375
vt 0.781250 0.890625
vt 0.781250 0.062500
vt 0.781250 0.468750
vt 0.781250 0.875000
vt 0.781250 0.046875
vt 0.781250 0.453125
vt 0.781250 0.859375
vt 0.781250 0.031250
vt 0.781250 0.437500
vt 0.781250 0.843750
vt 0.781250 0.015625
vt 0.781250 0.421875
vt 0.781250 0.828125
vt 0.789062 0.000000
vt 0.781250 0.406250
vt 0.781250 0.812500
vt 0.781250 0.390625
vt 0.781250 0.796875
vt 0.781250 0.375000
vt 0.781250 0.781250
vt 0.781250 0.359375
vt 0.781250 0.765625
vt 0.781250 0.343750
vt 0.781250 0.750000
vt 0.781250 0.328125
vt 0.781250 0.734375
vt 0.781250 0.312500
vt 0.781250 0.718750
vt 0.781250 0.296875
vt 0.781250 0.703125
vt 0.781250 0.281250
vt 0.781250 0.687500
vt 0.765625 0.234375
vt 0.765625 0.218750
vt 0.765625 0.640625
vt 0.765625 0.625000
vt 0.765625 0.203125
vt 0.765625 0.609375
vt 0.765625 0.187500
vt 0.765625 0.593750
vt 0.765625 0.171875
vt 0.765625 0.578125
vt 0.773437 1.000000
vt 0.765625 0.984375
vt 0.765625 0.156250
vt 0.765625 0.562500
vt 0.765625 0.968750
vt 0.765625 0.140625
vt 0.765625 0.546875
vt 0.765625 0.953125
vt 0.765625 0.125000
vt 0.765625 0.531250
vt 0.765625 0.937500
vt 0.765625 0.109375
vt 0.765625 0.515625
vt 0.765625 0.921875
vt 0.765625 0.093750
vt 0.765625 0.500000
vt 0.765625 0.906250
vt 0.765625 0.078125
vt 0.765625 0.484375
vt 0.765625 0.890625
vt 0.765625 0.062500
vt 0.765625 0.468750
vt 0.765625 0.875000
vt 0.765625 0.046875
vt 0.765625 0.453125
vt 0.765625 0.859375
vt 0.765625 0.031250
vt 0.765625 0.437500
vt 0.765625 0.843750
vt 0.765625 0.015625
vt 0.765625 0.421875
vt 0.765625 0.828125
vt 0.773437 0.000000
vt 0.765625 0.406250
vt 0.765625 0.812500
vt 0.765625 0.390625
vt 0.765625 0.796875
vt 0.765625 0.375000
vt 0.765625 0.781250
vt 0.765625 0.359375
vt 0.765625 0.765625
vt 0.765625 0.343750
vt 0.765625 0.750000
vt 0.765625 0.328125
vt 0.765625 0.734375
vt 0.765625 0.312500
vt 0.765625 0.718750
vt 0.765625 0.296875
vt 0.765625 0.703125
vt 0.765625 0.281250
vt 0.765625 0.687500
vt 0.765625 0.265625
vt 0.765625 0.671875
vt 0.765625 0.250000
vt 0.765625 0.656250
vt 0.757812 1.000000
vt 0.757812 0.000000
s 0
usemtl Material.001
f 24/1/1 23/2/1 80/3/1 81/4/1
f 4022/5/2 4021/6/2 54/7/2 55/8/2
f 4028/9/3 24/1/3 81/4/3 82/10/3
f 4/11/4 4022/5/4 55/8/4 56/12/4
f 25/13/5 4028/9/5 82/10/5 83/14/5
f 4023/15/6 4/11/6 56/12/6 57/16/6
f 26/17/7 25/13/7 83/14/7 84/18/7
f 5/19/8 4023/15/8 57/16/8 58/20/8
f 27/21/9 26/17/9 84/18/9 85/22/9
f 6/23/10 5/19/10 58/20/10 59/24/10
f 28/25/11 27/21/11 85/22/11 86/26/11
f 7/27/12 6/23/12 59/24/12 60/28/12
f 29/29/13 28/25/13 86/26/13 87/30/13
f 4024/31/14 7/27/14 60/28/14 61/32/14
f 30/33/15 29/29/15 87/30/15 88/34/15
f 8/35/16 4024/31/16 61/32/16 62/36/16
f 4029/37/17 30/33/17 88/34/17 89/38/17
f 9/39/18 8/35/18 62/36/18 63/40/18
f 31/41/19 4029/37/19 89/38/19 90/42/19
f 10/43/20 9/39/20 63/40/20 64/44/20
f 32/45/21 31/41/21 90/42/21 91/46/21
f 11/47/22 10/43/22 64/44/22 65/48/22
f 33/49/23 32/45/23 91/46/23 92/50/23
f 12/51/24 11/47/24 65/48/24 66/52/24
f 34/53/25 33/49/25 92/50/25 93/54/25
f 13/55/26 12/51/26 66/52/26 67/56/26
f 35/57/27 34/53/27 93/54/27 94/58/27
f 14/59/28 13/55/28 67/56/28 68/60/28
f 4030/61/29 35/57/29 94/58/29 95/62/29
f 15/63/30 14/59/30 68/60/30 69/64/30
f 36/65/31 4030/61/31 95/62/31 96/66/31
f 16/67/32 15/63/32 69/64/32 70/68/32
f 4013/69/33 1/70/33 44/71/33
f 37/72/34 36/65/34 96/66/34 97/73/34
f 4025/74/35 16/67/35 70/68/35 71/75/35
f 4014/76/36 4013/69/36 44/71/36 45/77/36
f 38/78/37 37/72/37 97/73/37 98/79/37
f 17/80/38 4025/74/38 71/75/38 72/81/38
f 4015/82/39 4014/76/39 45/77/39 46/83/39
f 39/84/40 38/78/40 98/79/40 99/85/40
f 18/86/41 17/80/41 72/81/41 73/87/41
f 2/88/42 4015/82/42 46/83/42 47/89/42
f 40/90/43 39/84/43 99/85/43 100/91/43
f 19/92/44 18/86/44 73/87/44 74/93/44
f 4016/94/45 2/88/45 47/89/45 48/95/45
f 41/96/46 40/90/46 100/91/46 101/97/46
f 20/98/47 19/92/47 74/93/47 75/99/47
f 3/100/48 4016/94/48 48/95/48 49/101/48
f 4031/102/49 41/96/49 101/97/49 102/103/49
f 4026/104/50 20/98/50 75/99/50 76/105/50
f 4017/106/51 3/100/51 49/101/51 50/107/51
f 42/108/52 4031/102/52 102/103/52 103/109/52
f 21/110/53 4026/104/53 76/105/53 77/111/53
f 4018/112/54 4017/106/54 50/107/54 51/113/54
f 4032/114/55 42/108/55 103/109/55 104/115/55
f 22/116/56 21/110/56 77/111/56 78/117/56
f 4019/118/57 4018/112/57 51/113/57 52/119/57
f 4033/120/58 4032/114/58 104/115/58 105/121/58
f 4027/122/59 22/116/59 78/117/59 79/123/59
f 4020/124/60 4019/118/60 52/119/60 53/125/60
f 4034/126/61 4033/120/61 105/121/61 106/127/61
f 23/2/62 4027/122/62 79/123/62 80/3/62
f 4021/6/63 4020/124/63 53/125/63 54/7/63
f 43/128/64 4034/126/64 106/127/64
f 96/66/65 95/62/65 158/129/65 159/130/65
f 70/68/66 69/64/66 132/131/66 133/132/66
f 44/71/67 1/133/67 107/134/67
f 97/73/68 96/66/68 159/130/68 160/135/68
f 71/75/69 70/68/69 133/132/69 134/136/69
f 45/77/70 44/71/70 107/134/70 108/137/70
f 98/79/71 97/73/71 160/135/71 161/138/71
f 72/81/72 71/75/72 134/136/72 135/139/72
f 46/83/73 45/77/73 108/137/73 109/140/73
f 99/85/74 98/79/74 161/138/74 162/141/74
f 73/87/75 72/81/75 135/139/75 136/142/75
f 47/89/76 46/83/76 109/140/76 110/143/76
f 100/91/77 99/85/77 162/141/77 163/144/77
f 74/93/78 73/87/78 136/142/78 137/145/78
f 48/95/79 47/89/79 110/143/79 111/146/79
f 101/97/80 100/91/80 163/144/80 164/147/80
f 75/99/81 74/93/81 137/145/81 138/148/81
f 49/101/82 48/95/82 111/146/82 112/149/82
f 102/103/83 101/97/83 164/147/83 165/150/83
f 76/105/84 75/99/84 138/148/84 139/151/84
f 50/107/85 49/101/85 112/149/85 113/152/85
f 103/109/86 102/103/86 165/150/86 166/153/86
f 77/111/87 76/105/87 139/151/87 140/154/87
f 51/113/88 50/107/88 113/152/88 114/155/88
f 104/115/89 103/109/89 166/153/89 167/156/89
f 78/117/90 77/111/90 140/154/90 141/157/90
f 52/119/91 51/113/91 114/155/91 115/158/91
f 105/121/92 104/115/92 167/156/92 168/159/92
f 79/123/93 78/117/93 141/157/93 142/160/93
f 53/125/94 52/119/94 115/158/94 116/161/94
f 106/127/95 105/121/95 168/159/95 169/162/95
f 80/3/96 79/123/96 142/160/96 143/163/96
f 54/7/97 53/125/97 116/161/97 117/164/97
f 43/165/98 106/127/98 169/162/98
f 81/4/99 80/3/99 143/163/99 144/166/99
f 55/8/100 54/7/100 117/164/100 118/167/100
f 82/10/101 81/4/101 144/166/101 145/168/101
f 56/12/102 55/8/102 118/167/102 119/169/102
f 83/14/103 82/10/103 145/168/103 146/170/103
f 57/16/104 56/12/104 119/169/104 120/171/104
f 84/18/105 83/14/105 146/170/105 147/172/105
f 58/20/106 57/16/106 120/171/106 121/173/106
f 85/22/107 84/18/107 147/172/107 148/174/107
f 59/24/108 58/20/108 121/173/108 122/175/108
f 86/26/109 85/22/109 148/174/109 149/176/109
f 60/28/110 59/24/110 122/175/110 123/177/110
f 87/30/111 86/26/111 149/176/111 150/178/111
f 61/32/112 60/28/112 123/177/112 124/179/112
f 88/34/113 87/30/113 150/178/113 151/180/113
f 62/36/114 61/32/114 124/179/114 125/181/114
f 89/38/115 88/34/115 151/180/115 152/182/115
f 63/40/116 62/36/116 125/181/116 126/183/116
f 90/42/117 89/38/117 152/182/117 153/184/117
f 64/44/118 63/40/118 126/183/118 127/185/118
f 91/46/119 90/42/119 153/184/119 154/186/119
f 65/48/120 64/44/120 127/185/120 128/187/120
f 92/50/121 91/46/121 154/186/121 155/188/121
f 66/52/122 65/48/122 128/187/122 129/189/122
f 93/54/123 92/50/123 155/188/123 156/190/123
f 67/56/124 66/52/124 129/189/124 130/191/124
f 94/58/125 93/54/125 156/190/125 157/192/125
f 68/60/126 67/56/126 130/191/126 131/193/126
f 95/62/127 94/58/127 157/192/127 158/129/127
f 69/64/128 68/60/128 131/193/128 132/131/128
f 161/138/129 160/135/129 223/194/129 224/195/129
f 135/139/130 134/136/130 197/196/130 198/197/130
f 109/140/131 108/137/131 171/198/131 172/199/131
f 162/141/132 161/138/132 224/195/132 225/200/132
f 136/142/133 135/139/133 198/197/133 199/201/133
f 110/143/134 109/140/134 172/199/134 173/202/134
f 163/144/135 162/141/135 225/200/135 226/203/135
f 137/145/136 136/142/136 199/201/136 200/204/136
f 111/146/137 110/143/137 173/202/137 174/205/137
f 164/147/138 163/144/138 226/203/138 227/206/138
f 138/148/139 137/145/139 200/204/139 201/207/139
f 112/149/140 111/146/140 174/205/140 175/208/140
f 165/150/141 164/147/141 227/206/141 228/209/141
f 139/151/142 138/148/142 201/207/142 202/210/142
f 113/152/143 112/149/143 175/208/143 176/211/143
f 166/153/144 165/150/144 228/209/144 229/212/144
f 140/154/145 139/151/145 202/210/145 203/213/145
f 114/155/146 113/152/146 176/211/146 177/214/146
f 167/156/147 166/153/147 229/212/147 230/215/147
f 141/157/148 140/154/148 203/213/148 204/216/148
f 115/158/149 114/155/149 177/214/149 178/217/149
f 168/159/150 167/156/150 230/215/150 231/218/150
f 142/160/151 141/157/151 204/216/151 205/219/151
f 116/161/152 115/158/152 178/217/152 179/220/152
f 169/162/153 168/159/153 231/218/153 232/221/153
f 143/163/154 142/160/154 205/219/154 206/222/154
f 117/164/155 116/161/155 179/220/155 180/223/155
f 43/224/156 169/162/156 232/221/156
f 144/166/157 143/163/157 206/222/157 207/225/157
f 118/167/158 117/164/158 180/223/158 181/226/158
f 145/168/159 144/166/159 207/225/159 208/227/159
f 119/169/160 118/167/160 181/226/160 182/228/160
f 146/170/161 145/168/161 208/227/161 209/229/161
f 120/171/162 119/169/162 182/228/162 183/230/162
f 147/172/163 146/170/163 209/229/163 210/231/163
f 121/173/164 120/171/164 183/230/164 184/232/164
f 148/174/165 147/172/165 210/231/165 211/233/165
f 122/175/166 121/173/166 184/232/166 185/234/166
f 149/176/167 148/174/167 211/233/167 212/235/167
f 123/177/168 122/175/168 185/234/168 186/236/168
f 150/178/169 149/176/169 212/235/169 213/237/169
f 124/179/170 123/177/170 186/236/170 187/238/170
f 151/180/171 150/178/171 213/237/171 214/239/171
f 125/181/172 124/179/172 187/238/172 188/240/172
f 152/182/173 151/180/173 214/239/173 215/241/173
f 126/183/174 125/181/174 188/240/174 189/242/174
f 153/184/175 152/182/175 215/241/175 216/243/175
f 127/185/176 126/183/176 189/242/176 190/244/176
f 154/186/177 153/184/177 216/243/177 217/245/177
f 128/187/178 127/185/178 190/244/178 191/246/178
f 155/188/179 154/186/179 217/245/179 218/247/179
f 129/189/180 128/187/180 191/246/180 192/248/180
f 156/190/181 155/188/181 218/247/181 219/249/181
f 130/191/182 129/189/182 192/248/182 193/250/182
f 157/192/183 156/190/183 219/249/183 220/251/183
f 131/193/184 130/191/184 193/250/184 194/252/184
f 158/129/185 157/192/185 220/251/185 221/253/185
f 132/131/186 131/193/186 194/252/186 195/254/186
f 159/130/187 158/129/187 221/253/187 222/255/187
f 133/132/188 132/131/188 195/254/188 196/256/188
f 107/134/189 1/257/189 170/258/189
f 160/135/190 159/130/190 222/255/190 223/194/190
f 134/136/191 133/132/191 196/256/191 197/196/191
f 108/137/192 107/134/192 170/258/192 171/198/192
f 226/203/193 225/200/193 288/259/193 289/260/193
f 200/204/194 199/201/194 262/261/194 263/262/194
f 174/205/195 173/202/195 236/263/195 237/264/195
f 227/206/196 226/203/196 289/260/196 290/265/196
f 201/207/197 200/204/197 263/262/197 264/266/197
f 175/208/198 174/205/198 237/264/198 238/267/198
f 228/209/199 227/206/199 290/265/199 291/268/199
f 202/210/200 201/207/200 264/266/200 265/269/200
f 176/211/201 175/208/201 238/267/201 239/270/201
f 229/212/202 228/209/202 291/268/202 292/271/202
f 203/213/203 202/210/203 265/269/203 266/272/203
f 177/214/204 176/211/204 239/270/204 240/273/204
f 230/215/205 229/212/205 292/271/205 293/274/205
f 204/216/206 203/213/206 266/272/206 267/275/206
f 178/217/207 177/214/207 240/273/207 241/276/207
f 231/218/208 230/215/208 293/274/208 294/277/208
f 205/219/209 204/216/209 267/275/209 268/278/209
f 179/220/210 178/217/210 241/276/210 242/279/210
f 232/221/211 231/218/211 294/277/211 295/280/211
f 206/222/212 205/219/212 268/278/212 269/281/212
f 180/223/213 179/220/213 242/279/213 243/282/213
f 43/283/214 232/221/214 295/280/214
f 207/225/215 206/222/215 269/281/215 270/284/215
f 181/226/216 180/223/216 243/282/216 244/285/216
f 208/227/217 207/225/217 270/284/217 271/286/217
f 182/228/218 181/226/218 244/285/218 245/287/218
f 209/229/219 208/227/219 271/286/219 272/288/219
f 183/230/220 182/228/220 245/287/220 246/289/220
f 210/231/221 209/229/221 272/288/221 273/290/221
f 184/232/222 183/230/222 246/289/222 247/291/222
f 211/233/223 210/231/223 273/290/223 274/292/223
f 185/234/224 184/232/224 247/291/224 248/293/224
f 212/235/225 211/233/225 274/292/225 275/294/225
f 186/236/226 185/234/226 248/293/226 249/295/226
f 213/237/227 212/235/227 275/294/227 276/296/227
f 187/238/228 186/236/228 249/295/228 250/297/228
f 214/239/229 213/237/229 276/296/229 277/298/229
f 188/240/230 187/238/230 250/297/230 251/299/230
f 215/241/231 214/239/231 277/298/231 278/300/231
f 189/242/232 188/240/232 251/299/232 252/301/232
f 216/243/233 215/241/233 278/300/233 279/302/233
f 190/244/234 189/242/234 252/301/234 253/303/234
f 217/245/235 216/243/235 279/302/235 280/304/235
f 191/246/236 190/244/236 253/303/236 254/305/236
f 218/247/237 217/245/237 280/304/237 281/306/237
f 192/248/238 191/246/238 254/305/238 255/307/238
f 219/249/239 218/247/239 281/306/239 282/308/239
f 193/250/240 192/248/240 255/307/240 256/309/240
f 220/251/241 219/249/241 282/308/241 283/310/241
f 194/252/242 193/250/242 256/309/242 257/311/242
f 221/253/243 220/251/243 283/310/243 284/312/243
f 195/254/244 194/252/244 257/311/244 258/313/244
f 222/255/245 221/253/245 284/312/245 285/314/245
f 196/256/246 195/254/246 258/313/246 259/315/246
f 170/258/247 1/316/247 233/317/247
f 223/194/248 222/255/248 285/314/248 286/318/248
f 197/196/249 196/256/249 259/315/249 260/319/249
f 171/198/250 170/258/250 233/317/250 234/320/250
f 224/195/251 223/194/251 286/318/251 287/321/251
f 198/197/252 197/196/252 260/319/252 261/322/252
f 172/199/253 171/198/253 234/320/253 235/323/253
f 225/200/254 224/195/254 287/321/254 288/259/254
f 199/201/255 198/197/255 261/322/255 262/261/255
f 173/202/256 172/199/256 235/323/256 236/263/256
f 291/268/257 290/265/257 353/324/257 354/325/257
f 265/269/258 264/266/258 327/326/258 328/327/258
f 239/270/259 238/267/259 301/328/259 302/329/259
f 292/271/260 291/268/260 354/325/260 355/330/260
f 266/272/261 265/269/261 328/327/261 329/331/261
f 240/273/262 239/270/262 302/329/262 303/332/262
f 293/274/263 292/271/263 355/330/263 356/333/263
f 267/275/264 266/272/264 329/331/264 330/334/264
f 241/276/265 240/273/265 303/332/265 304/335/265
f 294/277/266 293/274/266 356/333/266 357/336/266
f 268/278/267 267/275/267 330/334/267 331/337/267
f 242/279/268 241/276/268 304/335/268 305/338/268
f 295/280/269 294/277/269 357/336/269 358/339/269
f 269/281/270 268/278/270 331/337/270 332/340/270
f 243/282/271 242/279/271 305/338/271 306/341/271
f 43/342/272 295/280/272 358/339/272
f 270/284/273 269/281/273 332/340/273 333/343/273
f 244/285/274 243/282/274 306/341/274 307/344/274
f 271/286/275 270/284/275 333/343/275 334/345/275
f 245/287/276 244/285/276 307/344/276 308/346/276
f 272/288/277 271/286/277 334/345/277 335/347/277
f 246/289/278 245/287/278 308/346/278 309/348/278
f 273/290/279 272/288/279 335/347/279 336/349/279
f 247/291/280 246/289/280 309/348/280 310/350/280
f 274/292/281 273/290/281 336/349/281 337/351/281
f 248/293/282 247/291/282 310/350/282 311/352/282
f 275/294/283 274/292/283 337/351/283 338/353/283
f 249/295/284 248/293/284 311/352/284 312/354/284
f 276/296/285 275/294/285 338/353/285 339/355/285
f 250/297/286 249/295/286 312/354/286 313/356/286
f 277/298/287 276/296/287 339/355/287 340/357/287
f 251/299/288 250/297/288 313/356/288 314/358/288
f 278/300/289 277/298/289 340/357/289 341/359/289
f 252/301/290 251/299/290 314/358/290 315/360/290
f 279/302/291 278/300/291 341/359/291 342/361/291
f 253/303/292 252/301/292 315/360/292 316/362/292
f 280/304/293 279/302/293 342/361/293 343/363/293
f 254/305/294 253/303/294 316/362/294 317/364/294
f 281/306/295 280/304/295 343/363/295 344/365/295
f 255/307/296 254/305/296 317/364/296 318/366/296
f 282/308/297 281/306/297 344/365/297 345/367/297
f 256/309/298 255/307/298 318/366/298 319/368/298
f 283/310/299 282/308/299 345/367/299 346/369/299
f 257/311/300 256/309/300 319/368/300 320/370/300
f 284/312/301 283/310/301 346/369/301 347/371/301
f 258/313/302 257/311/302 320/370/302 321/372/302
f 285/314/303 284/312/303 347/371/303 348/373/303
f 259/315/304 258/313/304 321/372/304 322/374/304
f 233/317/305 1/375/305 296/376/305
f 286/318/306 285/314/306 348/373/306 349/377/306
f 260/319/307 259/315/307 322/374/307 323/378/307
f 234/320/308 233/317/308 296/376/308 297/379/308
f 287/321/309 286/318/309 349/377/309 350/380/309
f 261/322/310 260/319/310 323/378/310 324/381/310
f 235/323/311 234/320/311 297/379/311 298/382/311
f 288/259/312 287/321/312 350/380/312 351/383/312
f 262/261/313 261/322/313 324/381/313 325/384/313
f 236/263/314 235/323/314 298/382/314 299/385/314
f 289/260/315 288/259/315 351/383/315 352/386/315
f 263/262/316 262/261/316 325/384/316 326/387/316
f 237/264/317 236/263/317 299/385/317 300/388/317
f 290/265/318 289/260/318 352/386/318 353/324/318
f 264/266/319 263/262/319 326/387/319 327/326/319
f 238/267/320 237/264/320 300/388/320 301/328/320
f 356/333/321 355/330/321 418/389/321 419/390/321
f 330/334/322 329/331/322 392/391/322 393/392/322
f 304/335/323 303/332/323 366/393/323 367/394/323
f 357/336/324 356/333/324 419/390/324 420/395/324
f 331/337/325 330/334/325 393/392/325 394/396/325
f 305/338/326 304/335/326 367/394/326 368/397/326
f 358/339/327 357/336/327 420/395/327 421/398/327
f 332/340/328 331/337/328 394/396/328 395/399/328
f 306/341/329 305/338/329 368/397/329 369/400/329
f 43/401/330 358/339/330 421/398/330
f 333/343/331 332/340/331 395/399/331 396/402/331
f 307/344/332 306/341/332 369/400/332 370/403/332
f 334/345/333 333/343/333 396/402/333 397/404/333
f 308/346/334 307/344/334 370/403/334 371/405/334
f 335/347/335 334/345/335 397/404/335 398/406/335
f 309/348/336 308/346/336 371/405/336 372/407/336
f 336/349/337 335/347/337 398/406/337 399/408/337
f 310/350/338 309/348/338 372/407/338 373/409/338
f 337/351/339 336/349/339 399/408/339 400/410/339
f 311/352/340 310/350/340 373/409/340 374/411/340
f 338/353/341 337/351/341 400/410/341 401/412/341
f 312/354/342 311/352/342 374/411/342 375/413/342
f 339/355/343 338/353/343 401/412/343 402/414/343
f 313/356/344 312/354/344 375/413/344 376/415/344
f 340/357/345 339/355/345 402/414/345 403/416/345
f 314/358/346 313/356/346 376/415/346 377/417/346
f 341/359/347 340/357/347 403/416/347 404/418/347
f 315/360/348 314/358/348 377/417/348 378/419/348
f 342/361/349 341/359/349 404/418/349 405/420/349
f 316/362/350 315/360/350 378/419/350 379/421/350
f 343/363/351 342/361/351 405/420/351 406/422/351
f 317/364/352 316/362/352 379/421/352 380/423/352
f 344/365/353 343/363/353 406/422/353 407/424/353
f 318/366/354 317/364/354 380/423/354 381/425/354
f 345/367/355 344/365/355 407/424/355 408/426/355
f 319/368/356 318/366/356 381/425/356 382/427/356
f 346/369/357 345/367/357 408/426/357 409/428/357
f 320/370/358 319/368/358 382/427/358 383/429/358
f 347/371/359 346/369/359 409/428/359 410/430/359
f 321/372/360 320/370/360 383/429/360 384/431/360
f 348/373/361 347/371/361 410/430/361 411/432/361
f 322/374/362 321/372/362 384/431/362 385/433/362
f 296/376/363 1/434/363 359/435/363
f 349/377/364 348/373/364 411/432/364 412/436/364
f 323/378/365 322/374/365 385/433/365 386/437/365
f 297/379/366 296/376/366 359/435/366 360/438/366
f 350/380/367 349/377/367 412/436/367 413/439/367
f 324/381/368 323/378/368 386/437/368 387/440/368
f 298/382/369 297/379/369 360/438/369 361/441/369
f 351/383/370 350/380/370 413/439/370 414/442/370
f 325/384/371 324/381/371 387/440/371 388/443/371
f 299/385/372 298/382/372 361/441/372 362/444/372
f 352/386/373 351/383/373 414/442/373 415/445/373
f 326/387/374 325/384/374 388/443/374 389/446/374
f 300/388/375 299/385/375 362/444/375 363/447/375
f 353/324/376 352/386/376 415/445/376 416/448/376
f 327/326/377 326/387/377 389/446/377 390/449/377
f 301/328/378 300/388/378 363/447/378 364/450/378
f 354/325/379 353/324/379 416/448/379 417/451/379
f 328/327/380 327/326/380 390/449/380 391/452/380
f 302/329/381 301/328/381 364/450/381 365/453/381
f 355/330/382 354/325/382 417/451/382 418/389/382
f 329/331/383 328/327/383 391/452/383 392/391/383
f 303/332/384 302/329/384 365/453/384 366/393/384
f 421/398/385 420/395/385 483/454/385 484/455/385
f 395/399/386 394/396/386 457/456/386 458/457/386
f 369/400/387 368/397/387 431/458/387 432/459/387
f 43/460/388 421/398/388 484/455/388
f 396/402/389 395/399/389 458/457/389 459/461/389
f 370/403/390 369/400/390 432/459/390 433/462/390
f 397/404/391 396/402/391 459/461/391 460/463/391
f 371/405/392 370/403/392 433/462/392 434/464/392
f 398/406/393 397/404/393 460/463/393 461/465/393
f 372/407/394 371/405/394 434/464/394 435/466/394
f 399/408/395 398/406/395 461/465/395 462/467/395
f 373/409/396 372/407/396 435/466/396 436/468/396
f 400/410/397 399/408/397 462/467/397 463/469/397
f 374/411/398 373/409/398 436/468/398 437/470/398
f 401/412/399 400/410/399 463/469/399 464/471/399
f 375/413/400 374/411/400 437/470/400 438/472/400
f 402/414/401 401/412/401 464/471/401 465/473/401
f 376/415/402 375/413/402 438/472/402 439/474/402
f 403/416/403 402/414/403 465/473/403 466/475/403
f 377/417/404 376/415/404 439/474/404 440/476/404
f 404/418/405 403/416/405 466/475/405 467/477/405
f 378/419/406 377/417/406 440/476/406 441/478/406
f 405/420/407 404/418/407 467/477/407 468/479/407
f 379/421/408 378/419/408 441/478/408 442/480/408
f 406/422/409 405/420/409 468/479/409 469/481/409
f 380/423/410 379/421/410 442/480/410 443/482/410
f 407/424/411 406/422/411 469/481/411 470/483/411
f 381/425/412 380/423/412 443/482/412 444/484/412
f 408/426/413 407/424/413 470/483/413 471/485/413
f 382/427/414 381/425/414 444/484/414 445/486/414
f 409/428/415 408/426/415 471/485/415 472/487/415
f 383/429/416 382/427/416 445/486/416 446/488/416
f 410/430/417 409/428/417 472/487/417 473/489/417
f 384/431/418 383/429/418 446/488/418 447/490/418
f 411/432/419 410/430/419 473/489/419 474/491/419
f 385/433/420 384/431/420 447/490/420 448/492/420
f 359/435/421 1/493/421 422/494/421
f 412/436/422 411/432/422 474/491/422 475/495/422
f 386/437/423 385/433/423 448/492/423 449/496/423
f 360/438/424 359/435/424 422/494/424 423/497/424
f 413/439/425 412/436/425 475/495/425 476/498/425
f 387/440/426 386/437/426 449/496/426 450/499/426
f 361/441/427 360/438/427 423/497/427 424/500/427
f 414/442/428 413/439/428 476/498/428 477/501/428
f 388/443/429 387/440/429 450/499/429 451/502/429
f 362/444/430 361/441/430 424/500/430 425/503/430
f 415/445/431 414/442/431 477/501/431 478/504/431
f 389/446/432 388/443/432 451/502/432 452/505/432
f 363/447/433 362/444/433 425/503/433 426/506/433
f 416/448/434 415/445/434 478/504/434 479/507/434
f 390/449/435 389/446/435 452/505/435 453/508/435
f 364/450/436 363/447/436 426/506/436 427/509/436
f 417/451/437 416/448/437 479/507/437 480/510/437
f 391/452/438 390/449/438 453/508/438 454/511/438
f 365/453/439 364/450/439 427/509/439 428/512/439
f 418/389/440 417/451/440 480/510/440 481/513/440
f 392/391/441 391/452/441 454/511/441 455/514/441
f 366/393/442 365/453/442 428/512/442 429/515/442
f 419/390/443 418/389/443 481/513/443 482/516/443
f 393/392/444 392/391/444 455/514/444 456/517/444
f 367/394/445 366/393/445 429/515/445 430/518/445
f 420/395/446 419/390/446 482/516/446 483/454/446
f 394/396/447 393/392/447 456/517/447 457/456/447
f 368/397/448 367/394/448 430/518/448 431/458/448
f 460/463/449 459/461/449 522/519/449 523/520/449
f 434/464/450 433/462/450 496/521/450 497/522/450
f 461/465/451 460/463/451 523/520/451 524/523/451
f 435/466/452 434/464/452 497/522/452 498/524/452
f 462/467/453 461/465/453 524/523/453 525/525/453
f 436/468/454 435/466/454 498/524/454 499/526/454
f 463/469/455 462/467/455 525/525/455 526/527/455
f 437/470/456 436/468/456 499/526/456 500/528/456
f 464/471/457 463/469/457 526/527/457 527/529/457
f 438/472/458 437/470/458 500/528/458 501/530/458
f 465/473/459 464/471/459 527/529/459 528/531/459
f 439/474/460 438/472/460 501/530/460 502/532/460
f 466/475/461 465/473/461 528/531/461 529/533/461
f 440/476/462 439/474/462 502/532/462 503/534/462
f 467/477/463 466/475/463 529/533/463 530/535/463
f 441/478/464 440/476/464 503/534/464 504/536/464
f 468/479/465 467/477/465 530/535/465 531/537/465
f 442/480/466 441/478/466 504/536/466 505/538/466
f 469/481/467 468/479/467 531/537/467 532/539/467
f 443/482/468 442/480/468 505/538/468 506/540/468
f 470/483/469 469/481/469 532/539/469 533/541/469
f 444/484/470 443/482/470 506/540/470 507/542/470
f 471/485/471 470/483/471 533/541/471 534/543/471
f 445/486/472 444/484/472 507/542/472 508/544/472
f 472/487/473 471/485/473 534/543/473 535/545/473
f 446/488/474 445/486/474 508/544/474 509/546/474
f 473/489/475 472/487/475 535/545/475 536/547/475
f 447/490/476 446/488/476 509/546/476 510/548/476
f 474/491/477 473/489/477 536/547/477 537/549/477
f 448/492/478 447/490/478 510/548/478 511/550/478
f 422/494/479 1/551/479 485/552/479
f 475/495/480 474/491/480 537/549/480 538/553/480
f 449/496/481 448/492/481 511/550/481 512/554/481
f 423/497/482 422/494/482 485/552/482 486/555/482
f 476/498/483 475/495/483 538/553/483 539/556/483
f 450/499/484 449/496/484 512/554/484 513/557/484
f 424/500/485 423/497/485 486/555/485 487/558/485
f 477/501/486 476/498/486 539/556/486 540/559/486
f 451/502/487 450/499/487 513/557/487 514/560/487
f 425/503/488 424/500/488 487/558/488 488/561/488
f 478/504/489 477/501/489 540/559/489 541/562/489
f 452/505/490 451/502/490 514/560/490 515/563/490
f 426/506/491 425/503/491 488/561/491 489/564/491
f 479/507/492 478/504/492 541/562/492 542/565/492
f 453/508/493 452/505/493 515/563/493 516/566/493
f 427/509/494 426/506/494 489/564/494 490/567/494
f 480/510/495 479/507/495 542/565/495 543/568/495
f 454/511/496 453/508/496 516/566/496 517/569/496
f 428/512/497 427/509/497 490/567/497 491/570/497
f 481/513/498 480/510/498 543/568/498 544/571/498
f 455/514/499 454/511/499 517/569/499 518/572/499
f 429/515/500 428/512/500 491/570/500 492/573/500
f 482/516/501 481/513/501 544/571/501 545/574/501
f 456/517/502 455/514/502 518/572/502 519/575/502
f 430/518/503 429/515/503 492/573/503 493/576/503
f 483/454/504 482/516/504 545/574/504 546/577/504
f 457/456/505 456/517/505 519/575/505 520/578/505
f 431/458/506 430/518/506 493/576/506 494/579/506
f 484/455/507 483/454/507 546/577/507 547/580/507
f 458/457/508 457/456/508 520/578/508 521/581/508
f 432/459/509 431/458/509 494/579/509 495/582/509
f 43/583/510 484/455/510 547/580/510
f 459/461/511 458/457/511 521/581/511 522/519/511
f 433/462/512 432/459/512 495/582/512 496/521/512
f 525/525/513 524/523/513 587/584/513 588/585/513
f 499/526/514 498/524/514 561/586/514 562/587/514
f 526/527/515 525/525/515 588/585/515 589/588/515
f 500/528/516 499/526/516 562/587/516 563/589/516
f 527/529/517 526/527/517 589/588/517 590/590/517
f 501/530/518 500/528/518 563/589/518 564/591/518
f 528/531/519 527/529/519 590/590/519 591/592/519
f 502/532/520 501/530/520 564/591/520 565/593/520
f 529/533/521 528/531/521 591/592/521 592/594/521
f 503/534/522 502/532/522 565/593/522 566/595/522
f 530/535/523 529/533/523 592/594/523 593/596/523
f 504/536/524 503/534/524 566/595/524 567/597/524
f 531/537/525 530/535/525 593/596/525 594/598/525
f 505/538/526 504/536/526 567/597/526 568/599/526
f 532/539/527 531/537/527 594/598/527 595/600/527
f 506/540/528 505/538/528 568/599/528 569/601/528
f 533/541/529 532/539/529 595/600/529 596/602/529
f 507/542/530 506/540/530 569/601/530 570/603/530
f 534/543/531 533/541/531 596/602/531 597/604/531
f 508/544/532 507/542/532 570/603/532 571/605/532
f 535/545/533 534/543/533 597/604/533 598/606/533
f 509/546/534 508/544/534 571/605/534 572/607/534
f 536/547/535 535/545/535 598/606/535 599/608/535
f 510/548/536 509/546/536 572/607/536 573/609/536
f 537/549/537 536/547/537 599/608/537 600/610/537
f 511/550/538 510/548/538 573/609/538 574/611/538
f 485/552/539 1/612/539 548/613/539
f 538/553/540 537/549/540 600/610/540 601/614/540
f 512/554/541 511/550/541 574/611/541 575/615/541
f 486/555/542 485/552/542 548/613/542 549/616/542
f 539/556/543 538/553/543 601/614/543 602/617/543
f 513/557/544 512/554/544 575/615/544 576/618/544
f 487/558/545 486/555/545 549/616/545 550/619/545
f 540/559/546 539/556/546 602/617/546 603/620/546
f 514/560/547 513/557/547 576/618/547 577/621/547
f 488/561/548 487/558/548 550/619/548 551/622/548
f 541/562/549 540/559/549 603/620/549 604/623/549
f 515/563/550 514/560/550 577/621/550 578/624/550
f 489/564/551 488/561/551 551/622/551 552/625/551
f 542/565/552 541/562/552 604/623/552 605/626/552
f 516/566/553 515/563/553 578/624/553 579/627/553
f 490/567/554 489/564/554 552/625/554 553/628/554
f 543/568/555 542/565/555 605/626/555 606/629/555
f 517/569/556 516/566/556 579/627/556 580/630/556
f 491/570/557 490/567/557 553/628/557 554/631/557
f 544/571/558 543/568/558 606/629/558 607/632/558
f 518/572/559 517/569/559 580/630/559 581/633/559
f 492/573/560 491/570/560 554/631/560 555/634/560
f 545/574/561 544/571/561 607/632/561 608/635/561
f 519/575/562 518/572/562 581/633/562 582/636/562
f 493/576/563 492/573/563 555/634/563 556/637/563
f 546/577/564 545/574/564 608/635/564 609/638/564
f 520/578/565 519/575/565 582/636/565 583/639/565
f 494/579/566 493/576/566 556/637/566 557/640/566
f 547/580/567 546/577/567 609/638/567 610/641/567
f 521/581/568 520/578/568 583/639/568 584/642/568
f 495/582/569 494/579/569 557/640/569 558/643/569
f 43/644/570 547/580/570 610/641/570
f 522/519/571 521/581/571 584/642/571 585/645/571
f 496/521/572 495/582/572 558/643/572 559/646/572
f 523/520/573 522/519/573 585/645/573 586/647/573
f 497/522/574 496/521/574 559/646/574 560/648/574
f 524/523/575 523/520/575 586/647/575 587/584/575
f 498/524/576 497/522/576 560/648/576 561/586/576
f 590/590/577 589/588/577 652/649/577 653/650/577
f 564/591/578 563/589/578 626/651/578 627/652/578
f 591/592/579 590/590/579 653/650/579 654/653/579
f 565/593/580 564/591/580 627/652/580 628/654/580
f 592/594/581 591/592/581 654/653/581 655/655/581
f 566/595/582 565/593/582 628/654/582 629/656/582
f 593/596/583 592/594/583 655/655/583 656/657/583
f 567/597/584 566/595/584 629/656/584 630/658/584
f 594/598/585 593/596/585 656/657/585 657/659/585
f 568/599/586 567/597/586 630/658/586 631/660/586
f 595/600/587 594/598/587 657/659/587 658/661/587
f 569/601/588 568/599/588 631/660/588 632/662/588
f 596/602/589 595/600/589 658/661/589 659/663/589
f 570/603/590 569/601/590 632/662/590 633/664/590
f 597/604/591 596/602/591 659/663/591 660/665/591
f 571/605/592 570/603/592 633/664/592 634/666/592
f 598/606/593 597/604/593 660/665/593 661/667/593
f 572/607/594 571/605/594 634/666/594 635/668/594
f 599/608/595 598/606/595 661/667/595 662/669/595
f 573/609/596 572/607/596 635/668/596 636/670/596
f 600/610/597 599/608/597 662/669/597 663/671/597
f 574/611/598 573/609/598 636/670/598 637/672/598
f 548/613/599 1/673/599 611/674/599
f 601/614/600 600/610/600 663/671/600 664/675/600
f 575/615/601 574/611/601 637/672/601 638/676/601
f 549/616/602 548/613/602 611/674/602 612/677/602
f 602/617/603 601/614/603 664/675/603 665/678/603
f 576/618/604 575/615/604 638/676/604 639/679/604
f 550/619/605 549/616/605 612/677/605 613/680/605
f 603/620/606 602/617/606 665/678/606 666/681/606
f 577/621/607 576/618/607 639/679/607 640/682/607
f 551/622/608 550/619/608 613/680/608 614/683/608
f 604/623/609 603/620/609 666/681/609 667/684/609
f 578/624/610 577/621/610 640/682/610 641/685/610
f 552/625/611 551/622/611 614/683/611 615/686/611
f 605/626/612 604/623/612 667/684/612 668/687/612
f 579/627/613 578/624/613 641/685/613 642/688/613
f 553/628/614 552/625/614 615/686/614 616/689/614
f 606/629/615 605/626/615 668/687/615 669/690/615
f 580/630/616 579/627/616 642/688/616 643/691/616
f 554/631/617 553/628/617 616/689/617 617/692/617
f 607/632/618 606/629/618 669/690/618 670/693/618
f 581/633/619 580/630/619 643/691/619 644/694/619
f 555/634/620 554/631/620 617/692/620 618/695/620
f 608/635/621 607/632/621 670/693/621 671/696/621
f 582/636/622 581/633/622 644/694/622 645/697/622
f 556/637/623 555/634/623 618/695/623 619/698/623
f 609/638/624 608/635/624 671/696/624 672/699/624
f 583/639/625 582/636/625 645/697/625 646/700/625
f 557/640/626 556/637/626 619/698/626 620/701/626
f 610/641/627 609/638/627 672/699/627 673/702/627
f 584/642/628 583/639/628 646/700/628 647/703/628
f 558/643/629 557/640/629 620/701/629 621/704/629
f 43/705/630 610/641/630 673/702/630
f 585/645/631 584/642/631 647/703/631 648/706/631
f 559/646/632 558/643/632 621/704/632 622/707/632
f 586/647/633 585/645/633 648/706/633 649/708/633
f 560/648/634 559/646/634 622/707/634 623/709/634
f 587/584/635 586/647/635 649/708/635 650/710/635
f 561/586/636 560/648/636 623/709/636 624/711/636
f 588/585/637 587/584/637 650/710/637 651/712/637
f 562/587/638 561/586/638 624/711/638 625/713/638
f 589/588/639 588/585/639 651/712/639 652/649/639
f 563/589/640 562/587/640 625/713/640 626/651/640
f 655/655/641 654/653/641 717/714/641 718/715/641
f 629/656/642 628/654/642 691/716/642 692/717/642
f 656/657/643 655/655/643 718/715/643 719/718/643
f 630/658/644 629/656/644 692/717/644 693/719/644
f 657/659/645 656/657/645 719/718/645 720/720/645
f 631/660/646 630/658/646 693/719/646 694/721/646
f 658/661/647 657/659/647 720/720/647 721/722/647
f 632/662/648 631/660/648 694/721/648 695/723/648
f 659/663/649 658/661/649 721/722/649 722/724/649
f 633/664/650 632/662/650 695/723/650 696/725/650
f 660/665/651 659/663/651 722/724/651 723/726/651
f 634/666/652 633/664/652 696/725/652 697/727/652
f 661/667/653 660/665/653 723/726/653 724/728/653
f 635/668/654 634/666/654 697/727/654 698/729/654
f 662/669/655 661/667/655 724/728/655 725/730/655
f 636/670/656 635/668/656 698/729/656 699/731/656
f 663/671/657 662/669/657 725/730/657 726/732/657
f 637/672/658 636/670/658 699/731/658 700/733/658
f 611/674/659 1/734/659 674/735/659
f 664/675/660 663/671/660 726/732/660 727/736/660
f 638/676/661 637/672/661 700/733/661 701/737/661
f 612/677/662 611/674/662 674/735/662 675/738/662
f 665/678/663 664/675/663 727/736/663 728/739/663
f 639/679/664 638/676/664 701/737/664 702/740/664
f 613/680/665 612/677/665 675/738/665 676/741/665
f 666/681/666 665/678/666 728/739/666 729/742/666
f 640/682/667 639/679/667 702/740/667 703/743/667
f 614/683/668 613/680/668 676/741/668 677/744/668
f 667/684/669 666/681/669 729/742/669 730/745/669
f 641/685/670 640/682/670 703/743/670 704/746/670
f 615/686/671 614/683/671 677/744/671 678/747/671
f 668/687/672 667/684/672 730/745/672 731/748/672
f 642/688/673 641/685/673 704/746/673 705/749/673
f 616/689/674 615/686/674 678/747/674 679/750/674
f 669/690/675 668/687/675 731/748/675 732/751/675
f 643/691/676 642/688/676 705/749/676 706/752/676
f 617/692/677 616/689/677 679/750/677 680/753/677
f 670/693/678 669/690/678 732/751/678 733/754/678
f 644/694/679 643/691/679 706/752/679 707/755/679
f 618/695/680 617/692/680 680/753/680 681/756/680
f 671/696/681 670/693/681 733/754/681 734/757/681
f 645/697/682 644/694/682 707/755/682 708/758/682
f 619/698/683 618/695/683 681/756/683 682/759/683
f 672/699/684 671/696/684 734/757/684 735/760/684
f 646/700/685 645/697/685 708/758/685 709/761/685
f 620/701/686 619/698/686 682/759/686 683/762/686
f 673/702/687 672/699/687 735/760/687 736/763/687
f 647/703/688 646/700/688 709/761/688 710/764/688
f 621/704/689 620/701/689 683/762/689 684/765/689
f 43/766/690 673/702/690 736/763/690
f 648/706/691 647/703/691 710/764/691 711/767/691
f 622/707/692 621/704/692 684/765/692 685/768/692
f 649/708/693 648/706/693 711/767/693 712/769/693
f 623/709/694 622/707/694 685/768/694 686/770/694
f 650/710/695 649/708/695 712/769/695 713/771/695
f 624/711/696 623/709/696 686/770/696 687/772/696
f 651/712/697 650/710/697 713/771/697 714/773/697
f 625/713/698 624/711/698 687/772/698 688/774/698
f 652/649/699 651/712/699 714/773/699 715/775/699
f 626/651/700 625/713/700 688/774/700 689/776/700
f 653/650/701 652/649/701 715/775/701 716/777/701
f 627/652/702 626/651/702 689/776/702 690/778/702
f 654/653/703 653/650/703 716/777/703 717/714/703
f 628/654/704 627/652/704 690/778/704 691/716/704
f 720/720/705 719/718/705 782/779/705 783/780/705
f 694/721/706 693/719/706 756/781/706 757/782/706
f 721/722/707 720/720/707 783/780/707 784/783/707
f 695/723/708 694/721/708 757/782/708 758/784/708
f 722/724/709 721/722/709 784/783/709 785/785/709
f 696/725/710 695/723/710 758/784/710 759/786/710
f 723/726/711 722/724/711 785/785/711 786/787/711
f 697/727/712 696/725/712 759/786/712 760/788/712
f 724/728/713 723/726/713 786/787/713 787/789/713
f 698/729/714 697/727/714 760/788/714 761/790/714
f 725/730/715 724/728/715 787/789/715 788/791/715
f 699/731/716 698/729/716 761/790/716 762/792/716
f 726/732/717 725/730/717 788/791/717 789/793/717
f 700/733/718 699/731/718 762/792/718 763/794/718
f 674/735/719 1/795/719 737/796/719
f 727/736/720 726/732/720 789/793/720 790/797/720
f 701/737/721 700/733/721 763/794/721 764/798/721
f 675/738/722 674/735/722 737/796/722 738/799/722
f 728/739/723 727/736/723 790/797/723 791/800/723
f 702/740/724 701/737/724 764/798/724 765/801/724
f 676/741/725 675/738/725 738/799/725 739/802/725
f 729/742/726 728/739/726 791/800/726 792/803/726
f 703/743/727 702/740/727 765/801/727 766/804/727
f 677/744/728 676/741/728 739/802/728 740/805/728
f 730/745/729 729/742/729 792/803/729 793/806/729
f 704/746/730 703/743/730 766/804/730 767/807/730
f 678/747/731 677/744/731 740/805/731 741/808/731
f 731/748/732 730/745/732 793/806/732 794/809/732
f 705/749/733 704/746/733 767/807/733 768/810/733
f 679/750/734 678/747/734 741/808/734 742/811/734
f 732/751/735 731/748/735 794/809/735 795/812/735
f 706/752/736 705/749/736 768/810/736 769/813/736
f 680/753/737 679/750/737 742/811/737 743/814/737
f 733/754/738 732/751/738 795/812/738 796/815/738
f 707/755/739 706/752/739 769/813/739 770/816/739
f 681/756/740 680/753/740 743/814/740 744/817/740
f 734/757/741 733/754/741 796/815/741 797/818/741
f 708/758/742 707/755/742 770/816/742 771/819/742
f 682/759/743 681/756/743 744/817/743 745/820/743
f 735/760/744 734/757/744 797/818/744 798/821/744
f 709/761/745 708/758/745 771/819/745 772/822/745
f 683/762/746 682/759/746 745/820/746 746/823/746
f 736/763/747 735/760/747 798/821/747 799/824/747
f 710/764/748 709/761/748 772/822/748 773/825/748
f 684/765/749 683/762/749 746/823/749 747/826/749
f 43/827/750 736/763/750 799/824/750
f 711/767/751 710/764/751 773/825/751 774/828/751
f 685/768/752 684/765/752 747/826/752 748/829/752
f 712/769/753 711/767/753 774/828/753 775/830/753
f 686/770/754 685/768/754 748/829/754 749/831/754
f 713/771/755 712/769/755 775/830/755 776/832/755
f 687/772/756 686/770/756 749/831/756 750/833/756
f 714/773/757 713/771/757 776/832/757 777/834/757
f 688/774/758 687/772/758 750/833/758 751/835/758
f 715/775/759 714/773/759 777/834/759 778/836/759
f 689/776/760 688/774/760 751/835/760 752/837/760
f 716/777/761 715/775/761 778/836/761 779/838/761
f 690/778/762 689/776/762 752/837/762 753/839/762
f 717/714/763 716/777/763 779/838/763 780/840/763
f 691/716/764 690/778/764 753/839/764 754/841/764
f 718/715/765 717/714/765 780/840/765 781/842/765
f 692/717/766 691/716/766 754/841/766 755/843/766
f 719/718/767 718/715/767 781/842/767 782/779/767
f 693/719/768 692/717/768 755/843/768 756/781/768
f 785/785/769 784/783/769 847/844/769 848/845/769
f 759/786/770 758/784/770 821/846/770 822/847/770
f 786/787/771 785/785/771 848/845/771 849/848/771
f 760/788/772 759/786/772 822/847/772 823/849/772
f 787/789/773 786/787/773 849/848/773 850/850/773
f 761/790/774 760/788/774 823/849/774 824/851/774
f 788/791/775 787/789/775 850/850/775 851/852/775
f 762/792/776 761/790/776 824/851/776 825/853/776
f 789/793/777 788/791/777 851/852/777 852/854/777
f 763/794/778 762/792/778 825/853/778 826/855/778
f 737/796/779 1/856/779 800/857/779
f 790/797/780 789/793/780 852/854/780 853/858/780
f 764/798/781 763/794/781 826/855/781 827/859/781
f 738/799/782 737/796/782 800/857/782 801/860/782
f 791/800/783 790/797/783 853/858/783 854/861/783
f 765/801/784 764/798/784 827/859/784 828/862/784
f 739/802/785 738/799/785 801/860/785 802/863/785
f 792/803/786 791/800/786 854/861/786 855/864/786
f 766/804/787 765/801/787 828/862/787 829/865/787
f 740/805/788 739/802/788 802/863/788 803/866/788
f 793/806/789 792/803/789 855/864/789 856/867/789
f 767/807/790 766/804/790 829/865/790 830/868/790
f 741/808/791 740/805/791 803/866/791 804/869/791
f 794/809/792 793/806/792 856/867/792 857/870/792
f 768/810/793 767/807/793 830/868/793 831/871/793
f 742/811/794 741/808/794 804/869/794 805/872/794
f 795/812/795 794/809/795 857/870/795 858/873/795
f 769/813/796 768/810/796 831/871/796 832/874/796
f 743/814/797 742/811/797 805/872/797 806/875/797
f 796/815/798 795/812/798 858/873/798 859/876/798
f 770/816/799 769/813/799 832/874/799 833/877/799
f 744/817/800 743/814/800 806/875/800 807/878/800
f 797/818/801 796/815/801 859/876/801 860/879/801
f 771/819/802 770/816/802 833/877/802 834/880/802
f 745/820/803 744/817/803 807/878/803 808/881/803
f 798/821/804 797/818/804 860/879/804 861/882/804
f 772/822/805 771/819/805 834/880/805 835/883/805
f 746/823/806 745/820/806 808/881/806 809/884/806
f 799/824/807 798/821/807 861/882/807 862/885/807
f 773/825/808 772/822/808 835/883/808 836/886/808
f 747/826/809 746/823/809 809/884/809 810/887/809
f 43/888/810 799/824/810 862/885/810
f 774/828/811 773/825/811 836/886/811 837/889/811
f 748/829/812 747/826/812 810/887/812 811/890/812
f 775/830/813 774/828/813 837/889/813 838/891/813
f 749/831/814 748/829/814 811/890/814 812/892/814
f 776/832/815 775/830/815 838/891/815 839/893/815
f 750/833/816 749/831/816 812/892/816 813/894/816
f 777/834/817 776/832/817 839/893/817 840/895/817
f 751/835/818 750/833/818 813/894/818 814/896/818
f 778/836/819 777/834/819 840/895/819 841/897/819
f 752/837/820 751/835/820 814/896/820 815/898/820
f 779/838/821 778/836/821 841/897/821 842/899/821
f 753/839/822 752/837/822 815/898/822 816/900/822
f 780/840/823 779/838/823 842/899/823 843/901/823
f 754/841/824 753/839/824 816/900/824 817/902/824
f 781/842/825 780/840/825 843/901/825 844/903/825
f 755/843/826 754/841/826 817/902/826 818/904/826
f 782/779/827 781/842/827 844/903/827 845/905/827
f 756/781/828 755/843/828 818/904/828 819/906/828
f 783/780/829 782/779/829 845/905/829 846/907/829
f 757/782/830 756/781/830 819/906/830 820/908/830
f 784/783/831 783/780/831 846/907/831 847/844/831
f 758/784/832 757/782/832 820/908/832 821/846/832
f 845/905/833 844/903/833 907/909/833 908/910/833
f 824/851/834 823/849/834 886/911/834 887/912/834
f 846/907/835 845/905/835 908/910/835 909/913/835
f 825/853/836 824/851/836 887/912/836 888/914/836
f 847/844/837 846/907/837 909/913/837 910/915/837
f 800/857/838 1/916/838 863/917/838
f 848/845/839 847/844/839 910/915/839 911/918/839
f 849/848/840 848/845/840 911/918/840 912/919/840
f 801/860/841 800/857/841 863/917/841 864/920/841
f 850/850/842 849/848/842 912/919/842 913/921/842
f 802/863/843 801/860/843 864/920/843 865/922/843
f 851/852/844 850/850/844 913/921/844 914/923/844
f 803/866/845 802/863/845 865/922/845 866/924/845
f 852/854/846 851/852/846 914/923/846 915/925/846
f 804/869/847 803/866/847 866/924/847 867/926/847
f 826/855/848 825/853/848 888/914/848 889/927/848
f 853/858/849 852/854/849 915/925/849 916/928/849
f 805/872/850 804/869/850 867/926/850 868/929/850
f 827/859/851 826/855/851 889/927/851 890/930/851
f 854/861/852 853/858/852 916/928/852 917/931/852
f 806/875/853 805/872/853 868/929/853 869/932/853
f 828/862/854 827/859/854 890/930/854 891/933/854
f 855/864/855 854/861/855 917/931/855 918/934/855
f 807/878/856 806/875/856 869/932/856 870/935/856
f 829/865/857 828/862/857 891/933/857 892/936/857
f 856/867/858 855/864/858 918/934/858 919/937/858
f 808/881/859 807/878/859 870/935/859 871/938/859
f 830/868/860 829/865/860 892/936/860 893/939/860
f 857/870/861 856/867/861 919/937/861 920/940/861
f 809/884/862 808/881/862 871/938/862 872/941/862
f 831/871/863 830/868/863 893/939/863 894/942/863
f 858/873/864 857/870/864 920/940/864 921/943/864
f 810/887/865 809/884/865 872/941/865 873/944/865
f 832/874/866 831/871/866 894/942/866 895/945/866
f 859/876/867 858/873/867 921/943/867 922/946/867
f 811/890/868 810/887/868 873/944/868 874/947/868
f 833/877/869 832/874/869 895/945/869 896/948/869
f 860/879/870 859/876/870 922/946/870 923/949/870
f 812/892/871 811/890/871 874/947/871 875/950/871
f 834/880/872 833/877/872 896/948/872 897/951/872
f 861/882/873 860/879/873 923/949/873 924/952/873
f 813/894/874 812/892/874 875/950/874 876/953/874
f 835/883/875 834/880/875 897/951/875 898/954/875
f 862/885/876 861/882/876 924/952/876 925/955/876
f 814/896/877 813/894/877 876/953/877 877/956/877
f 836/886/878 835/883/878 898/954/878 899/957/878
f 43/958/879 862/885/879 925/955/879
f 815/898/880 814/896/880 877/956/880 878/959/880
f 837/889/881 836/886/881 899/957/881 900/960/881
f 816/900/882 815/898/882 878/959/882 879/961/882
f 838/891/883 837/889/883 900/960/883 901/962/883
f 817/902/884 816/900/884 879/961/884 880/963/884
f 839/893/885 838/891/885 901/962/885 902/964/885
f 818/904/886 817/902/886 880/963/886 881/965/886
f 840/895/887 839/893/887 902/964/887 903/966/887
f 819/906/888 818/904/888 881/965/888 882/967/888
f 841/897/889 840/895/889 903/966/889 904/968/889
f 820/908/890 819/906/890 882/967/890 883/969/890
f 842/899/891 841/897/891 904/968/891 905/970/891
f 821/846/892 820/908/892 883/969/892 884/971/892
f 843/901/893 842/899/893 905/970/893 906/972/893
f 822/847/894 821/846/894 884/971/894 885/973/894
f 844/903/895 843/901/895 906/972/895 907/909/895
f 823/849/896 822/847/896 885/973/896 886/911/896
f 910/915/897 909/913/897 972/974/897 973/975/897
f 884/971/898 883/969/898 946/976/898 947/977/898
f 911/918/899 910/915/899 973/975/899 974/978/899
f 885/973/900 884/971/900 947/977/900 948/979/900
f 912/919/901 911/918/901 974/978/901 975/980/901
f 886/911/902 885/973/902 948/979/902 949/981/902
f 913/921/903 912/919/903 975/980/903 976/982/903
f 887/912/904 886/911/904 949/981/904 950/983/904
f 914/923/905 913/921/905 976/982/905 977/984/905
f 888/914/906 887/912/906 950/983/906 951/985/906
f 915/925/907 914/923/907 977/984/907 978/986/907
f 889/927/908 888/914/908 951/985/908 952/987/908
f 863/917/909 1/988/909 926/989/909
f 916/928/910 915/925/910 978/986/910 979/990/910
f 890/930/911 889/927/911 952/987/911 953/991/911
f 864/920/912 863/917/912 926/989/912 927/992/912
f 917/931/913 916/928/913 979/990/913 980/993/913
f 891/933/914 890/930/914 953/991/914 954/994/914
f 865/922/915 864/920/915 927/992/915 928/995/915
f 918/934/916 917/931/916 980/993/916 981/996/916
f 892/936/917 891/933/917 954/994/917 955/997/917
f 866/924/918 865/922/918 928/995/918 929/998/918
f 919/937/919 918/934/919 981/996/919 982/999/919
f 893/939/920 892/936/920 955/997/920 956/1000/920
f 867/926/921 866/924/921 929/998/921 930/1001/921
f 920/940/922 919/937/922 982/999/922 983/1002/922
f 894/942/923 893/939/923 956/1000/923 957/1003/923
f 868/929/924 867/926/924 930/1001/924 931/1004/924
f 921/943/925 920/940/925 983/1002/925 984/1005/925
f 895/945/926 894/942/926 957/1003/926 958/1006/926
f 869/932/927 868/929/927 931/1004/927 932/1007/927
f 922/946/928 921/943/928 984/1005/928 985/1008/928
f 896/948/929 895/945/929 958/1006/929 959/1009/929
f 870/935/930 869/932/930 932/1007/930 933/1010/930
f 923/949/931 922/946/931 985/1008/931 986/1011/931
f 897/951/932 896/948/932 959/1009/932 960/1012/932
f 871/938/933 870/935/933 933/1010/933 934/1013/933
f 924/952/934 923/949/934 986/1011/934 987/1014/934
f 898/954/935 897/951/935 960/1012/935 961/1015/935
f 872/941/936 871/938/936 934/1013/936 935/1016/936
f 925/955/937 924/952/937 987/1014/937 988/1017/937
f 899/957/938 898/954/938 961/1015/938 962/1018/938
f 873/944/939 872/941/939 935/1016/939 936/1019/939
f 43/1020/940 925/955/940 988/1017/940
f 900/960/941 899/957/941 962/1018/941 963/1021/941
f 874/947/942 873/944/942 936/1019/942 937/1022/942
f 901/962/943 900/960/943 963/1021/943 964/1023/943
f 875/950/944 874/947/944 937/1022/944 938/1024/944
f 902/964/945 901/962/945 964/1023/945 965/1025/945
f 876/953/946 875/950/946 938/1024/946 939/1026/946
f 903/966/947 902/964/947 965/1025/947 966/1027/947
f 877/956/948 876/953/948 939/1026/948 940/1028/948
f 904/968/949 903/966/949 966/1027/949 967/1029/949
f 878/959/950 877/956/950 940/1028/950 941/1030/950
f 905/970/951 904/968/951 967/1029/951 968/1031/951
f 879/961/952 878/959/952 941/1030/952 942/1032/952
f 906/972/953 905/970/953 968/1031/953 969/1033/953
f 880/963/954 879/961/954 942/1032/954 943/1034/954
f 907/909/955 906/972/955 969/1033/955 970/1035/955
f 881/965/956 880/963/956 943/1034/956 944/1036/956
f 908/910/957 907/909/957 970/1035/957 971/1037/957
f 882/967/958 881/965/958 944/1036/958 945/1038/958
f 909/913/959 908/910/959 971/1037/959 972/974/959
f 883/969/960 882/967/960 945/1038/960 946/976/960
f 975/980/961 974/978/961 1037/1039/961 1038/1040/961
f 949/981/962 948/979/962 1011/1041/962 1012/1042/962
f 976/982/963 975/980/963 1038/1040/963 1039/1043/963
f 950/983/964 949/981/964 1012/1042/964 1013/1044/964
f 977/984/965 976/982/965 1039/1043/965 1040/1045/965
f 951/985/966 950/983/966 1013/1044/966 1014/1046/966
f 978/986/967 977/984/967 1040/1045/967 1041/1047/967
f 952/987/968 951/985/968 1014/1046/968 1015/1048/968
f 926/989/969 1/1049/969 989/1050/969
f 979/990/970 978/986/970 1041/1047/970 1042/1051/970
f 953/991/971 952/987/971 1015/1048/971 1016/1052/971
f 927/992/972 926/989/972 989/1050/972 990/1053/972
f 980/993/973 979/990/973 1042/1051/973 1043/1054/973
f 954/994/974 953/991/974 1016/1052/974 1017/1055/974
f 928/995/975 927/992/975 990/1053/975 991/1056/975
f 981/996/976 980/993/976 1043/1054/976 1044/1057/976
f 955/997/977 954/994/977 1017/1055/977 1018/1058/977
f 929/998/978 928/995/978 991/1056/978 992/1059/978
f 982/999/979 981/996/979 1044/1057/979 1045/1060/979
f 956/1000/980 955/997/980 1018/1058/980 1019/1061/980
f 930/1001/981 929/998/981 992/1059/981 993/1062/981
f 983/1002/982 982/999/982 1045/1060/982 1046/1063/982
f 957/1003/983 956/1000/983 1019/1061/983 1020/1064/983
f 931/1004/984 930/1001/984 993/1062/984 994/1065/984
f 984/1005/985 983/1002/985 1046/1063/985 1047/1066/985
f 958/1006/986 957/1003/986 1020/1064/986 1021/1067/986
f 932/1007/987 931/1004/987 994/1065/987 995/1068/987
f 985/1008/988 984/1005/988 1047/1066/988 1048/1069/988
f 959/1009/989 958/1006/989 1021/1067/989 1022/1070/989
f 933/1010/990 932/1007/990 995/1068/990 996/1071/990
f 986/1011/991 985/1008/991 1048/1069/991 1049/1072/991
f 960/1012/992 959/1009/992 1022/1070/992 1023/1073/992
f 934/1013/993 933/1010/993 996/1071/993 997/1074/993
f 987/1014/994 986/1011/994 1049/1072/994 1050/1075/994
f 961/1015/995 960/1012/995 1023/1073/995 1024/1076/995
f 935/1016/996 934/1013/996 997/1074/996 998/1077/996
f 988/1017/997 987/1014/997 1050/1075/997 1051/1078/997
f 962/1018/998 961/1015/998 1024/1076/998 1025/1079/998
f 936/1019/999 935/1016/999 998/1077/999 999/1080/999
f 43/1081/1000 988/1017/1000 1051/1078/1000
f 963/1021/1001 962/1018/1001 1025/1079/1001 1026/1082/1001
f 937/1022/1002 936/1019/1002 999/1080/1002 1000/1083/1002
f 964/1023/1003 963/1021/1003 1026/1082/1003 1027/1084/1003
f 938/1024/1004 937/1022/1004 1000/1083/1004 1001/1085/1004
f 965/1025/1005 964/1023/1005 1027/1084/1005 1028/1086/1005
f 939/1026/1006 938/1024/1006 1001/1085/1006 1002/1087/1006
f 966/1027/1007 965/1025/1007 1028/1086/1007 1029/1088/1007
f 940/1028/1008 939/1026/1008 1002/1087/1008 1003/1089/1008
f 967/1029/1009 966/1027/1009 1029/1088/1009 1030/1090/1009
f 941/1030/1010 940/1028/1010 1003/1089/1010 1004/1091/1010
f 968/1031/1011 967/1029/1011 1030/1090/1011 1031/1092/1011
f 942/1032/1012 941/1030/1012 1004/1091/1012 1005/1093/1012
f 969/1033/1013 968/1031/1013 1031/1092/1013 1032/1094/1013
f 943/1034/1014 942/1032/1014 1005/1093/1014 1006/1095/1014
f 970/1035/1015 969/1033/1015 1032/1094/1015 1033/1096/1015
f 944/1036/1016 943/1034/1016 1006/1095/1016 1007/1097/1016
f 971/1037/1017 970/1035/1017 1033/1096/1017 1034/1098/1017
f 945/1038/1018 944/1036/1018 1007/1097/1018 1008/1099/1018
f 972/974/1019 971/1037/1019 1034/1098/1019 1035/1100/1019
f 946/976/1020 945/1038/1020 1008/1099/1020 1009/1101/1020
f 973/975/1021 972/974/1021 1035/1100/1021 1036/1102/1021
f 947/977/1022 946/976/1022 1009/1101/1022 1010/1103/1022
f 974/978/1023 973/975/1023 1036/1102/1023 1037/1039/1023
f 948/979/1024 947/977/1024 1010/1103/1024 1011/1041/1024
f 1040/1045/1025 1039/1043/1025 1102/1104/1025 1103/1105/1025
f 1014/1046/1026 1013/1044/1026 1076/1106/1026 1077/1107/1026
f 1041/1047/1027 1040/1045/1027 1103/1105/1027 1104/1108/1027
f 1015/1048/1028 1014/1046/1028 1077/1107/1028 1078/1109/1028
f 989/1050/1029 1/1110/1029 1052/1111/1029
f 1042/1051/1030 1041/1047/1030 1104/1108/1030 1105/1112/1030
f 1016/1052/1031 1015/1048/1031 1078/1109/1031 1079/1113/1031
f 990/1053/1032 989/1050/1032 1052/1111/1032 1053/1114/1032
f 1043/1054/1033 1042/1051/1033 1105/1112/1033 1106/1115/1033
f 1017/1055/1034 1016/1052/1034 1079/1113/1034 1080/1116/1034
f 991/1056/1035 990/1053/1035 1053/1114/1035 1054/1117/1035
f 1044/1057/1036 1043/1054/1036 1106/1115/1036 1107/1118/1036
f 1018/1058/1037 1017/1055/1037 1080/1116/1037 1081/1119/1037
f 992/1059/1038 991/1056/1038 1054/1117/1038 1055/1120/1038
f 1045/1060/1039 1044/1057/1039 1107/1118/1039 1108/1121/1039
f 1019/1061/1040 1018/1058/1040 1081/1119/1040 1082/1122/1040
f 993/1062/1041 992/1059/1041 1055/1120/1041 1056/1123/1041
f 1046/1063/1042 1045/1060/1042 1108/1121/1042 1109/1124/1042
f 1020/1064/1043 1019/1061/1043 1082/1122/1043 1083/1125/1043
f 994/1065/1044 993/1062/1044 1056/1123/1044 1057/1126/1044
f 1047/1066/1045 1046/1063/1045 1109/1124/1045 1110/1127/1045
f 1021/1067/1046 1020/1064/1046 1083/1125/1046 1084/1128/1046
f 995/1068/1047 994/1065/1047 1057/1126/1047 1058/1129/1047
f 1048/1069/1048 1047/1066/1048 1110/1127/1048 1111/1130/1048
f 1022/1070/1049 1021/1067/1049 1084/1128/1049 1085/1131/1049
f 996/1071/1050 995/1068/1050 1058/1129/1050 1059/1132/1050
f 1049/1072/1051 1048/1069/1051 1111/1130/1051 1112/1133/1051
f 1023/1073/1052 1022/1070/1052 1085/1131/1052 1086/1134/1052
f 997/1074/1053 996/1071/1053 1059/1132/1053 1060/1135/1053
f 1050/1075/1054 1049/1072/1054 1112/1133/1054 1113/1136/1054
f 1024/1076/1055 1023/1073/1055 1086/1134/1055 1087/1137/1055
f 998/1077/1056 997/1074/1056 1060/1135/1056 1061/1138/1056
f 1051/1078/1057 1050/1075/1057 1113/1136/1057 1114/1139/1057
f 1025/1079/1058 1024/1076/1058 1087/1137/1058 1088/1140/1058
f 999/1080/1059 998/1077/1059 1061/1138/1059 1062/1141/1059
f 43/1142/1060 1051/1078/1060 1114/1139/1060
f 1026/1082/1061 1025/1079/1061 1088/1140/1061 1089/1143/1061
f 1000/1083/1062 999/1080/1062 1062/1141/1062 1063/1144/1062
f 1027/1084/1063 1026/1082/1063 1089/1143/1063 1090/1145/1063
f 1001/1085/1064 1000/1083/1064 1063/1144/1064 1064/1146/1064
f 1028/1086/1065 1027/1084/1065 1090/1145/1065 1091/1147/1065
f 1002/1087/1066 1001/1085/1066 1064/1146/1066 1065/1148/1066
f 1029/1088/1067 1028/1086/1067 1091/1147/1067 1092/1149/1067
f 1003/1089/1068 1002/1087/1068 1065/1148/1068 1066/1150/1068
f 1030/1090/1069 1029/1088/1069 1092/1149/1069 1093/1151/1069
f 1004/1091/1070 1003/1089/1070 1066/1150/1070 1067/1152/1070
f 1031/1092/1071 1030/1090/1071 1093/1151/1071 1094/1153/1071
f 1005/1093/1072 1004/1091/1072 1067/1152/1072 1068/1154/1072
f 1032/1094/1073 1031/1092/1073 1094/1153/1073 1095/1155/1073
f 1006/1095/1074 1005/1093/1074 1068/1154/1074 1069/1156/1074
f 1033/1096/1075 1032/1094/1075 1095/1155/1075 1096/1157/1075
f 1007/1097/1076 1006/1095/1076 1069/1156/1076 1070/1158/1076
f 1034/1098/1077 1033/1096/1077 1096/1157/1077 1097/1159/1077
f 1008/1099/1078 1007/1097/1078 1070/1158/1078 1071/1160/1078
f 1035/1100/1079 1034/1098/1079 1097/1159/1079 1098/1161/1079
f 1009/1101/1080 1008/1099/1080 1071/1160/1080 1072/1162/1080
f 1036/1102/1081 1035/1100/1081 1098/1161/1081 1099/1163/1081
f 1010/1103/1082 1009/1101/1082 1072/1162/1082 1073/1164/1082
f 1037/1039/1083 1036/1102/1083 1099/1163/1083 1100/1165/1083
f 1011/1041/1084 1010/1103/1084 1073/1164/1084 1074/1166/1084
f 1038/1040/1085 1037/1039/1085 1100/1165/1085 1101/1167/1085
f 1012/1042/1086 1011/1041/1086 1074/1166/1086 1075/1168/1086
f 1039/1043/1087 1038/1040/1087 1101/1167/1087 1102/1104/1087
f 1013/1044/1088 1012/1042/1088 1075/1168/1088 1076/1106/1088
f 1105/1112/1089 1104/1108/1089 1167/1169/1089 1168/1170/1089
f 1079/1113/1090 1078/1109/1090 1141/1171/1090 1142/1172/1090
f 1053/1114/1091 1052/1111/1091 1115/1173/1091 1116/1174/1091
f 1106/1115/1092 1105/1112/1092 1168/1170/1092 1169/1175/1092
f 1080/1116/1093 1079/1113/1093 1142/1172/1093 1143/1176/1093
f 1054/1117/1094 1053/1114/1094 1116/1174/1094 1117/1177/1094
f 1107/1118/1095 1106/1115/1095 1169/1175/1095 1170/1178/1095
f 1081/1119/1096 1080/1116/1096 1143/1176/1096 1144/1179/1096
f 1055/1120/1097 1054/1117/1097 1117/1177/1097 1118/1180/1097
f 1108/1121/1098 1107/1118/1098 1170/1178/1098 1171/1181/1098
f 1082/1122/1099 1081/1119/1099 1144/1179/1099 1145/1182/1099
f 1056/1123/1100 1055/1120/1100 1118/1180/1100 1119/1183/1100
f 1109/1124/1101 1108/1121/1101 1171/1181/1101 1172/1184/1101
f 1083/1125/1102 1082/1122/1102 1145/1182/1102 1146/1185/1102
f 1057/1126/1103 1056/1123/1103 1119/1183/1103 1120/1186/1103
f 1110/1127/1104 1109/1124/1104 1172/1184/1104 1173/1187/1104
f 1084/1128/1105 1083/1125/1105 1146/1185/1105 1147/1188/1105
f 1058/1129/1106 1057/1126/1106 1120/1186/1106 1121/1189/1106
f 1111/1130/1107 1110/1127/1107 1173/1187/1107 1174/1190/1107
f 1085/1131/1108 1084/1128/1108 1147/1188/1108 1148/1191/1108
f 1059/1132/1109 1058/1129/1109 1121/1189/1109 1122/1192/1109
f 1112/1133/1110 1111/1130/1110 1174/1190/1110 1175/1193/1110
f 1086/1134/1111 1085/1131/1111 1148/1191/1111 1149/1194/1111
f 1060/1135/1112 1059/1132/1112 1122/1192/1112 1123/1195/1112
f 1113/1136/1113 1112/1133/1113 1175/1193/1113 1176/1196/1113
f 1087/1137/1114 1086/1134/1114 1149/1194/1114 1150/1197/1114
f 1061/1138/1115 1060/1135/1115 1123/1195/1115 1124/1198/1115
f 1114/1139/1116 1113/1136/1116 1176/1196/1116 1177/1199/1116
f 1088/1140/1117 1087/1137/1117 1150/1197/1117 1151/1200/1117
f 1062/1141/1118 1061/1138/1118 1124/1198/1118 1125/1201/1118
f 43/1202/1119 1114/1139/1119 1177/1199/1119
f 1089/1143/1120 1088/1140/1120 1151/1200/1120 1152/1203/1120
f 1063/1144/1121 1062/1141/1121 1125/1201/1121 1126/1204/1121
f 1090/1145/1122 1089/1143/1122 1152/1203/1122 1153/1205/1122
f 1064/1146/1123 1063/1144/1123 1126/1204/1123 1127/1206/1123
f 1091/1147/1124 1090/1145/1124 1153/1205/1124 1154/1207/1124
f 1065/1148/1125 1064/1146/1125 1127/1206/1125 1128/1208/1125
f 1092/1149/1126 1091/1147/1126 1154/1207/1126 1155/1209/1126
f 1066/1150/1127 1065/1148/1127 1128/1208/1127 1129/1210/1127
f 1093/1151/1128 1092/1149/1128 1155/1209/1128 1156/1211/1128
f 1067/1152/1129 1066/1150/1129 1129/1210/1129 1130/1212/1129
f 1094/1153/1130 1093/1151/1130 1156/1211/1130 1157/1213/1130
f 1068/1154/1131 1067/1152/1131 1130/1212/1131 1131/1214/1131
f 1095/1155/1132 1094/1153/1132 1157/1213/1132 1158/1215/1132
f 1069/1156/1133 1068/1154/1133 1131/1214/1133 1132/1216/1133
f 1096/1157/1134 1095/1155/1134 1158/1215/1134 1159/1217/1134
f 1070/1158/1135 1069/1156/1135 1132/1216/1135 1133/1218/1135
f 1097/1159/1136 1096/1157/1136 1159/1217/1136 1160/1219/1136
f 1071/1160/1137 1070/1158/1137 1133/1218/1137 1134/1220/1137
f 1098/1161/1138 1097/1159/1138 1160/1219/1138 1161/1221/1138
f 1072/1162/1139 1071/1160/1139 1134/1220/1139 1135/1222/1139
f 1099/1163/1140 1098/1161/1140 1161/1221/1140 1162/1223/1140
f 1073/1164/1141 1072/1162/1141 1135/1222/1141 1136/1224/1141
f 1100/1165/1142 1099/1163/1142 1162/1223/1142 1163/1225/1142
f 1074/1166/1143 1073/1164/1143 1136/1224/1143 1137/1226/1143
f 1101/1167/1144 1100/1165/1144 1163/1225/1144 1164/1227/1144
f 1075/1168/1145 1074/1166/1145 1137/1226/1145 1138/1228/1145
f 1102/1104/1146 1101/1167/1146 1164/1227/1146 1165/1229/1146
f 1076/1106/1147 1075/1168/1147 1138/1228/1147 1139/1230/1147
f 1103/1105/1148 1102/1104/1148 1165/1229/1148 1166/1231/1148
f 1077/1107/1149 1076/1106/1149 1139/1230/1149 1140/1232/1149
f 1104/1108/1150 1103/1105/1150 1166/1231/1150 1167/1169/1150
f 1078/1109/1151 1077/1107/1151 1140/1232/1151 1141/1171/1151
f 1052/1111/1152 1/1233/1152 1115/1173/1152
f 1170/1178/1153 1169/1175/1153 1232/1234/1153 1233/1235/1153
f 1144/1179/1154 1143/1176/1154 1206/1236/1154 1207/1237/1154
f 1118/1180/1155 1117/1177/1155 1180/1238/1155 1181/1239/1155
f 1171/1181/1156 1170/1178/1156 1233/1235/1156 1234/1240/1156
f 1145/1182/1157 1144/1179/1157 1207/1237/1157 1208/1241/1157
f 1119/1183/1158 1118/1180/1158 1181/1239/1158 1182/1242/1158
f 1172/1184/1159 1171/1181/1159 1234/1240/1159 1235/1243/1159
f 1146/1185/1160 1145/1182/1160 1208/1241/1160 1209/1244/1160
f 1120/1186/1161 1119/1183/1161 1182/1242/1161 1183/1245/1161
f 1173/1187/1162 1172/1184/1162 1235/1243/1162 1236/1246/1162
f 1147/1188/1163 1146/1185/1163 1209/1244/1163 1210/1247/1163
f 1121/1189/1164 1120/1186/1164 1183/1245/1164 1184/1248/1164
f 1174/1190/1165 1173/1187/1165 1236/1246/1165 1237/1249/1165
f 1148/1191/1166 1147/1188/1166 1210/1247/1166 1211/1250/1166
f 1122/1192/1167 1121/1189/1167 1184/1248/1167 1185/1251/1167
f 1175/1193/1168 1174/1190/1168 1237/1249/1168 1238/1252/1168
f 1149/1194/1169 1148/1191/1169 1211/1250/1169 1212/1253/1169
f 1123/1195/1170 1122/1192/1170 1185/1251/1170 1186/1254/1170
f 1176/1196/1171 1175/1193/1171 1238/1252/1171 1239/1255/1171
f 1150/1197/1172 1149/1194/1172 1212/1253/1172 1213/1256/1172
f 1124/1198/1173 1123/1195/1173 1186/1254/1173 1187/1257/1173
f 1177/1199/1174 1176/1196/1174 1239/1255/1174 1240/1258/1174
f 1151/1200/1175 1150/1197/1175 1213/1256/1175 1214/1259/1175
f 1125/1201/1176 1124/1198/1176 1187/1257/1176 1188/1260/1176
f 43/1261/1177 1177/1199/1177 1240/1258/1177
f 1152/1203/1178 1151/1200/1178 1214/1259/1178 1215/1262/1178
f 1126/1204/1179 1125/1201/1179 1188/1260/1179 1189/1263/1179
f 1153/1205/1180 1152/1203/1180 1215/1262/1180 1216/1264/1180
f 1127/1206/1181 1126/1204/1181 1189/1263/1181 1190/1265/1181
f 1154/1207/1182 1153/1205/1182 1216/1264/1182 1217/1266/1182
f 1128/1208/1183 1127/1206/1183 1190/1265/1183 1191/1267/1183
f 1155/1209/1184 1154/1207/1184 1217/1266/1184 1218/1268/1184
f 1129/1210/1185 1128/1208/1185 1191/1267/1185 1192/1269/1185
f 1156/1211/1186 1155/1209/1186 1218/1268/1186 1219/1270/1186
f 1130/1212/1187 1129/1210/1187 1192/1269/1187 1193/1271/1187
f 1157/1213/1188 1156/1211/1188 1219/1270/1188 1220/1272/1188
f 1131/1214/1189 1130/1212/1189 1193/1271/1189 1194/1273/1189
f 1158/1215/1190 1157/1213/1190 1220/1272/1190 1221/1274/1190
f 1132/1216/1191 1131/1214/1191 1194/1273/1191 1195/1275/1191
f 1159/1217/1192 1158/1215/1192 1221/1274/1192 1222/1276/1192
f 1133/1218/1193 1132/1216/1193 1195/1275/1193 1196/1277/1193
f 1160/1219/1194 1159/1217/1194 1222/1276/1194 1223/1278/1194
f 1134/1220/1195 1133/1218/1195 1196/1277/1195 1197/1279/1195
f 1161/1221/1196 1160/1219/1196 1223/1278/1196 1224/1280/1196
f 1135/1222/1197 1134/1220/1197 1197/1279/1197 1198/1281/1197
f 1162/1223/1198 1161/1221/1198 1224/1280/1198 1225/1282/1198
f 1136/1224/1199 1135/1222/1199 1198/1281/1199 1199/1283/1199
f 1163/1225/1200 1162/1223/1200 1225/1282/1200 1226/1284/1200
f 1137/1226/1201 1136/1224/1201 1199/1283/1201 1200/1285/1201
f 1164/1227/1202 1163/1225/1202 1226/1284/1202 1227/1286/1202
f 1138/1228/1203 1137/1226/1203 1200/1285/1203 1201/1287/1203
f 1165/1229/1204 1164/1227/1204 1227/1286/1204 1228/1288/1204
f 1139/1230/1205 1138/1228/1205 1201/1287/1205 1202/1289/1205
f 1166/1231/1206 1165/1229/1206 1228/1288/1206 1229/1290/1206
f 1140/1232/1207 1139/1230/1207 1202/1289/1207 1203/1291/1207
f 1167/1169/1208 1166/1231/1208 1229/1290/1208 1230/1292/1208
f 1141/1171/1209 1140/1232/1209 1203/1291/1209 1204/1293/1209
f 1115/1173/1210 1/1294/1210 1178/1295/1210
f 1168/1170/1211 1167/1169/1211 1230/1292/1211 1231/1296/1211
f 1142/1172/1212 1141/1171/1212 1204/1293/1212 1205/1297/1212
f 1116/1174/1213 1115/1173/1213 1178/1295/1213 1179/1298/1213
f 1169/1175/1214 1168/1170/1214 1231/1296/1214 1232/1234/1214
f 1143/1176/1215 1142/1172/1215 1205/1297/1215 1206/1236/1215
f 1117/1177/1216 1116/1174/1216 1179/1298/1216 1180/1238/1216
f 1235/1243/1217 1234/1240/1217 1297/1299/1217 1298/1300/1217
f 1209/1244/1218 1208/1241/1218 1271/1301/1218 1272/1302/1218
f 1183/1245/1219 1182/1242/1219 1245/1303/1219 1246/1304/1219
f 1236/1246/1220 1235/1243/1220 1298/1300/1220 1299/1305/1220
f 1210/1247/1221 1209/1244/1221 1272/1302/1221 1273/1306/1221
f 1184/1248/1222 1183/1245/1222 1246/1304/1222 1247/1307/1222
f 1237/1249/1223 1236/1246/1223 1299/1305/1223 1300/1308/1223
f 1211/1250/1224 1210/1247/1224 1273/1306/1224 1274/1309/1224
f 1185/1251/1225 1184/1248/1225 1247/1307/1225 1248/1310/1225
f 1238/1252/1226 1237/1249/1226 1300/1308/1226 1301/1311/1226
f 1212/1253/1227 1211/1250/1227 1274/1309/1227 1275/1312/1227
f 1186/1254/1228 1185/1251/1228 1248/1310/1228 1249/1313/1228
f 1239/1255/1229 1238/1252/1229 1301/1311/1229 1302/1314/1229
f 1213/1256/1230 1212/1253/1230 1275/1312/1230 1276/1315/1230
f 1187/1257/1231 1186/1254/1231 1249/1313/1231 1250/1316/1231
f 1240/1258/1232 1239/1255/1232 1302/1314/1232 1303/1317/1232
f 1214/1259/1233 1213/1256/1233 1276/1315/1233 1277/1318/1233
f 1188/1260/1234 1187/1257/1234 1250/1316/1234 1251/1319/1234
f 43/1320/1235 1240/1258/1235 1303/1317/1235
f 1215/1262/1236 1214/1259/1236 1277/1318/1236 1278/1321/1236
f 1189/1263/1237 1188/1260/1237 1251/1319/1237 1252/1322/1237
f 1216/1264/1238 1215/1262/1238 1278/1321/1238 1279/1323/1238
f 1190/1265/1239 1189/1263/1239 1252/1322/1239 1253/1324/1239
f 1217/1266/1240 1216/1264/1240 1279/1323/1240 1280/1325/1240
f 1191/1267/1241 1190/1265/1241 1253/1324/1241 1254/1326/1241
f 1218/1268/1242 1217/1266/1242 1280/1325/1242 1281/1327/1242
f 1192/1269/1243 1191/1267/1243 1254/1326/1243 1255/1328/1243
f 1219/1270/1244 1218/1268/1244 1281/1327/1244 1282/1329/1244
f 1193/1271/1245 1192/1269/1245 1255/1328/1245 1256/1330/1245
f 1220/1272/1246 1219/1270/1246 1282/1329/1246 1283/1331/1246
f 1194/1273/1247 1193/1271/1247 1256/1330/1247 1257/1332/1247
f 1221/1274/1248 1220/1272/1248 1283/1331/1248 1284/1333/1248
f 1195/1275/1249 1194/1273/1249 1257/1332/1249 1258/1334/1249
f 1222/1276/1250 1221/1274/1250 1284/1333/1250 1285/1335/1250
f 1196/1277/1251 1195/1275/1251 1258/1334/1251 1259/1336/1251
f 1223/1278/1252 1222/1276/1252 1285/1335/1252 1286/1337/1252
f 1197/1279/1253 1196/1277/1253 1259/1336/1253 1260/1338/1253
f 1224/1280/1254 1223/1278/1254 1286/1337/1254 1287/1339/1254
f 1198/1281/1255 1197/1279/1255 1260/1338/1255 1261/1340/1255
f 1225/1282/1256 1224/1280/1256 1287/1339/1256 1288/1341/1256
f 1199/1283/1257 1198/1281/1257 1261/1340/1257 1262/1342/1257
f 1226/1284/1258 1225/1282/1258 1288/1341/1258 1289/1343/1258
f 1200/1285/1259 1199/1283/1259 1262/1342/1259 1263/1344/1259
f 1227/1286/1260 1226/1284/1260 1289/1343/1260 1290/1345/1260
f 1201/1287/1261 1200/1285/1261 1263/1344/1261 1264/1346/1261
f 1228/1288/1262 1227/1286/1262 1290/1345/1262 1291/1347/1262
f 1202/1289/1263 1201/1287/1263 1264/1346/1263 1265/1348/1263
f 1229/1290/1264 1228/1288/1264 1291/1347/1264 1292/1349/1264
f 1203/1291/1265 1202/1289/1265 1265/1348/1265 1266/1350/1265
f 1230/1292/1266 1229/1290/1266 1292/1349/1266 1293/1351/1266
f 1204/1293/1267 1203/1291/1267 1266/1350/1267 1267/1352/1267
f 1178/1295/1268 1/1353/1268 1241/1354/1268
f 1231/1296/1269 1230/1292/1269 1293/1351/1269 1294/1355/1269
f 1205/1297/1270 1204/1293/1270 1267/1352/1270 1268/1356/1270
f 1179/1298/1271 1178/1295/1271 1241/1354/1271 1242/1357/1271
f 1232/1234/1272 1231/1296/1272 1294/1355/1272 1295/1358/1272
f 1206/1236/1273 1205/1297/1273 1268/1356/1273 1269/1359/1273
f 1180/1238/1274 1179/1298/1274 1242/1357/1274 1243/1360/1274
f 1233/1235/1275 1232/1234/1275 1295/1358/1275 1296/1361/1275
f 1207/1237/1276 1206/1236/1276 1269/1359/1276 1270/1362/1276
f 1181/1239/1277 1180/1238/1277 1243/1360/1277 1244/1363/1277
f 1234/1240/1278 1233/1235/1278 1296/1361/1278 1297/1299/1278
f 1208/1241/1279 1207/1237/1279 1270/1362/1279 1271/1301/1279
f 1182/1242/1280 1181/1239/1280 1244/1363/1280 1245/1303/1280
f 1300/1308/1281 1299/1305/1281 1362/1364/1281 1363/1365/1281
f 1274/1309/1282 1273/1306/1282 1336/1366/1282 1337/1367/1282
f 1248/1310/1283 1247/1307/1283 1310/1368/1283 1311/1369/1283
f 1301/1311/1284 1300/1308/1284 1363/1365/1284 1364/1370/1284
f 1275/1312/1285 1274/1309/1285 1337/1367/1285 1338/1371/1285
f 1249/1313/1286 1248/1310/1286 1311/1369/1286 1312/1372/1286
f 1302/1314/1287 1301/1311/1287 1364/1370/1287 1365/1373/1287
f 1276/1315/1288 1275/1312/1288 1338/1371/1288 1339/1374/1288
f 1250/1316/1289 1249/1313/1289 1312/1372/1289 1313/1375/1289
f 1303/1317/1290 1302/1314/1290 1365/1373/1290 1366/1376/1290
f 1277/1318/1291 1276/1315/1291 1339/1374/1291 1340/1377/1291
f 1251/1319/1292 1250/1316/1292 1313/1375/1292 1314/1378/1292
f 43/1379/1293 1303/1317/1293 1366/1376/1293
f 1278/1321/1294 1277/1318/1294 1340/1377/1294 1341/1380/1294
f 1252/1322/1295 1251/1319/1295 1314/1378/1295 1315/1381/1295
f 1279/1323/1296 1278/1321/1296 1341/1380/1296 1342/1382/1296
f 1253/1324/1297 1252/1322/1297 1315/1381/1297 1316/1383/1297
f 1280/1325/1298 1279/1323/1298 1342/1382/1298 1343/1384/1298
f 1254/1326/1299 1253/1324/1299 1316/1383/1299 1317/1385/1299
f 1281/1327/1300 1280/1325/1300 1343/1384/1300 1344/1386/1300
f 1255/1328/1301 1254/1326/1301 1317/1385/1301 1318/1387/1301
f 1282/1329/1302 1281/1327/1302 1344/1386/1302 1345/1388/1302
f 1256/1330/1303 1255/1328/1303 1318/1387/1303 1319/1389/1303
f 1283/1331/1304 1282/1329/1304 1345/1388/1304 1346/1390/1304
f 1257/1332/1305 1256/1330/1305 1319/1389/1305 1320/1391/1305
f 1284/1333/1306 1283/1331/1306 1346/1390/1306 1347/1392/1306
f 1258/1334/1307 1257/1332/1307 1320/1391/1307 1321/1393/1307
f 1285/1335/1308 1284/1333/1308 1347/1392/1308 1348/1394/1308
f 1259/1336/1309 1258/1334/1309 1321/1393/1309 1322/1395/1309
f 1286/1337/1310 1285/1335/1310 1348/1394/1310 1349/1396/1310
f 1260/1338/1311 1259/1336/1311 1322/1395/1311 1323/1397/1311
f 1287/1339/1312 1286/1337/1312 1349/1396/1312 1350/1398/1312
f 1261/1340/1313 1260/1338/1313 1323/1397/1313 1324/1399/1313
f 1288/1341/1314 1287/1339/1314 1350/1398/1314 1351/1400/1314
f 1262/1342/1315 1261/1340/1315 1324/1399/1315 1325/1401/1315
f 1289/1343/1316 1288/1341/1316 1351/1400/1316 1352/1402/1316
f 1263/1344/1317 1262/1342/1317 1325/1401/1317 1326/1403/1317
f 1290/1345/1318 1289/1343/1318 1352/1402/1318 1353/1404/1318
f 1264/1346/1319 1263/1344/1319 1326/1403/1319 1327/1405/1319
f 1291/1347/1320 1290/1345/1320 1353/1404/1320 1354/1406/1320
f 1265/1348/1321 1264/1346/1321 1327/1405/1321 1328/1407/1321
f 1292/1349/1322 1291/1347/1322 1354/1406/1322 1355/1408/1322
f 1266/1350/1323 1265/1348/1323 1328/1407/1323 1329/1409/1323
f 1293/1351/1324 1292/1349/1324 1355/1408/1324 1356/1410/1324
f 1267/1352/1325 1266/1350/1325 1329/1409/1325 1330/1411/1325
f 1241/1354/1326 1/1412/1326 1304/1413/1326
f 1294/1355/1327 1293/1351/1327 1356/1410/1327 1357/1414/1327
f 1268/1356/1328 1267/1352/1328 1330/1411/1328 1331/1415/1328
f 1242/1357/1329 1241/1354/1329 1304/1413/1329 1305/1416/1329
f 1295/1358/1330 1294/1355/1330 1357/1414/1330 1358/1417/1330
f 1269/1359/1331 1268/1356/1331 1331/1415/1331 1332/1418/1331
f 1243/1360/1332 1242/1357/1332 1305/1416/1332 1306/1419/1332
f 1296/1361/1333 1295/1358/1333 1358/1417/1333 1359/1420/1333
f 1270/1362/1334 1269/1359/1334 1332/1418/1334 1333/1421/1334
f 1244/1363/1335 1243/1360/1335 1306/1419/1335 1307/1422/1335
f 1297/1299/1336 1296/1361/1336 1359/1420/1336 1360/1423/1336
f 1271/1301/1337 1270/1362/1337 1333/1421/1337 1334/1424/1337
f 1245/1303/1338 1244/1363/1338 1307/1422/1338 1308/1425/1338
f 1298/1300/1339 1297/1299/1339 1360/1423/1339 1361/1426/1339
f 1272/1302/1340 1271/1301/1340 1334/1424/1340 1335/1427/1340
f 1246/1304/1341 1245/1303/1341 1308/1425/1341 1309/1428/1341
f 1299/1305/1342 1298/1300/1342 1361/1426/1342 1362/1364/1342
f 1273/1306/1343 1272/1302/1343 1335/1427/1343 1336/1366/1343
f 1247/1307/1344 1246/1304/1344 1309/1428/1344 1310/1368/1344
f 1365/1373/1345 1364/1370/1345 1427/1429/1345 1428/1430/1345
f 1339/1374/1346 1338/1371/1346 1401/1431/1346 1402/1432/1346
f 1313/1375/1347 1312/1372/1347 1375/1433/1347 1376/1434/1347
f 1366/1376/1348 1365/1373/1348 1428/1430/1348 1429/1435/1348
f 1340/1377/1349 1339/1374/1349 1402/1432/1349 1403/1436/1349
f 1314/1378/1350 1313/1375/1350 1376/1434/1350 1377/1437/1350
f 43/1438/1351 1366/1376/1351 1429/1435/1351
f 1341/1380/1352 1340/1377/1352 1403/1436/1352 1404/1439/1352
f 1315/1381/1353 1314/1378/1353 1377/1437/1353 1378/1440/1353
f 1342/1382/1354 1341/1380/1354 1404/1439/1354 1405/1441/1354
f 1316/1383/1355 1315/1381/1355 1378/1440/1355 1379/1442/1355
f 1343/1384/1356 1342/1382/1356 1405/1441/1356 1406/1443/1356
f 1317/1385/1357 1316/1383/1357 1379/1442/1357 1380/1444/1357
f 1344/1386/1358 1343/1384/1358 1406/1443/1358 1407/1445/1358
f 1318/1387/1359 1317/1385/1359 1380/1444/1359 1381/1446/1359
f 1345/1388/1360 1344/1386/1360 1407/1445/1360 1408/1447/1360
f 1319/1389/1361 1318/1387/1361 1381/1446/1361 1382/1448/1361
f 1346/1390/1362 1345/1388/1362 1408/1447/1362 1409/1449/1362
f 1320/1391/1363 1319/1389/1363 1382/1448/1363 1383/1450/1363
f 1347/1392/1364 1346/1390/1364 1409/1449/1364 1410/1451/1364
f 1321/1393/1365 1320/1391/1365 1383/1450/1365 1384/1452/1365
f 1348/1394/1366 1347/1392/1366 1410/1451/1366 1411/1453/1366
f 1322/1395/1367 1321/1393/1367 1384/1452/1367 1385/1454/1367
f 1349/1396/1368 1348/1394/1368 1411/1453/1368 1412/1455/1368
f 1323/1397/1369 1322/1395/1369 1385/1454/1369 1386/1456/1369
f 1350/1398/1370 1349/1396/1370 1412/1455/1370 1413/1457/1370
f 1324/1399/1371 1323/1397/1371 1386/1456/1371 1387/1458/1371
f 1351/1400/1372 1350/1398/1372 1413/1457/1372 1414/1459/1372
f 1325/1401/1373 1324/1399/1373 1387/1458/1373 1388/1460/1373
f 1352/1402/1374 1351/1400/1374 1414/1459/1374 1415/1461/1374
f 1326/1403/1375 1325/1401/1375 1388/1460/1375 1389/1462/1375
f 1353/1404/1376 1352/1402/1376 1415/1461/1376 1416/1463/1376
f 1327/1405/1377 1326/1403/1377 1389/1462/1377 1390/1464/1377
f 1354/1406/1378 1353/1404/1378 1416/1463/1378 1417/1465/1378
f 1328/1407/1379 1327/1405/1379 1390/1464/1379 1391/1466/1379
f 1355/1408/1380 1354/1406/1380 1417/1465/1380 1418/1467/1380
f 1329/1409/1381 1328/1407/1381 1391/1466/1381 1392/1468/1381
f 1356/1410/1382 1355/1408/1382 1418/1467/1382 1419/1469/1382
f 1330/1411/1383 1329/1409/1383 1392/1468/1383 1393/1470/1383
f 1304/1413/1384 1/1471/1384 1367/1472/1384
f 1357/1414/1385 1356/1410/1385 1419/1469/1385 1420/1473/1385
f 1331/1415/1386 1330/1411/1386 1393/1470/1386 1394/1474/1386
f 1305/1416/1387 1304/1413/1387 1367/1472/1387 1368/1475/1387
f 1358/1417/1388 1357/1414/1388 1420/1473/1388 1421/1476/1388
f 1332/1418/1389 1331/1415/1389 1394/1474/1389 1395/1477/1389
f 1306/1419/1390 1305/1416/1390 1368/1475/1390 1369/1478/1390
f 1359/1420/1391 1358/1417/1391 1421/1476/1391 1422/1479/1391
f 1333/1421/1392 1332/1418/1392 1395/1477/1392 1396/1480/1392
f 1307/1422/1393 1306/1419/1393 1369/1478/1393 1370/1481/1393
f 1360/1423/1394 1359/1420/1394 1422/1479/1394 1423/1482/1394
f 1334/1424/1395 1333/1421/1395 1396/1480/1395 1397/1483/1395
f 1308/1425/1396 1307/1422/1396 1370/1481/1396 1371/1484/1396
f 1361/1426/1397 1360/1423/1397 1423/1482/1397 1424/1485/1397
f 1335/1427/1398 1334/1424/1398 1397/1483/1398 1398/1486/1398
f 1309/1428/1399 1308/1425/1399 1371/1484/1399 1372/1487/1399
f 1362/1364/1400 1361/1426/1400 1424/1485/1400 1425/1488/1400
f 1336/1366/1401 1335/1427/1401 1398/1486/1401 1399/1489/1401
f 1310/1368/1402 1309/1428/1402 1372/1487/1402 1373/1490/1402
f 1363/1365/1403 1362/1364/1403 1425/1488/1403 1426/1491/1403
f 1337/1367/1404 1336/1366/1404 1399/1489/1404 1400/1492/1404
f 1311/1369/1405 1310/1368/1405 1373/1490/1405 1374/1493/1405
f 1364/1370/1406 1363/1365/1406 1426/1491/1406 1427/1429/1406
f 1338/1371/1407 1337/1367/1407 1400/1492/1407 1401/1431/1407
f 1312/1372/1408 1311/1369/1408 1374/1493/1408 1375/1433/1408
f 43/1494/1409 1429/1435/1409 1492/1495/1409
f 1404/1439/1410 1403/1436/1410 1466/1496/1410 1467/1497/1410
f 1378/1440/1411 1377/1437/1411 1440/1498/1411 1441/1499/1411
f 1405/1441/1412 1404/1439/1412 1467/1497/1412 1468/1500/1412
f 1379/1442/1413 1378/1440/1413 1441/1499/1413 1442/1501/1413
f 1406/1443/1414 1405/1441/1414 1468/1500/1414 1469/1502/1414
f 1380/1444/1415 1379/1442/1415 1442/1501/1415 1443/1503/1415
f 1407/1445/1416 1406/1443/1416 1469/1502/1416 1470/1504/1416
f 1381/1446/1417 1380/1444/1417 1443/1503/1417 1444/1505/1417
f 1408/1447/1418 1407/1445/1418 1470/1504/1418 1471/1506/1418
f 1382/1448/1419 1381/1446/1419 1444/1505/1419 1445/1507/1419
f 1409/1449/1420 1408/1447/1420 1471/1506/1420 1472/1508/1420
f 1383/1450/1421 1382/1448/1421 1445/1507/1421 1446/1509/1421
f 1410/1451/1422 1409/1449/1422 1472/1508/1422 1473/1510/1422
f 1384/1452/1423 1383/1450/1423 1446/1509/1423 1447/1511/1423
f 1411/1453/1424 1410/1451/1424 1473/1510/1424 1474/1512/1424
f 1385/1454/1425 1384/1452/1425 1447/1511/1425 1448/1513/1425
f 1412/1455/1426 1411/1453/1426 1474/1512/1426 1475/1514/1426
f 1386/1456/1427 1385/1454/1427 1448/1513/1427 1449/1515/1427
f 1413/1457/1428 1412/1455/1428 1475/1514/1428 1476/1516/1428
f 1387/1458/1429 1386/1456/1429 1449/1515/1429 1450/1517/1429
f 1414/1459/1430 1413/1457/1430 1476/1516/1430 1477/1518/1430
f 1388/1460/1431 1387/1458/1431 1450/1517/1431 1451/1519/1431
f 1415/1461/1432 1414/1459/1432 1477/1518/1432 1478/1520/1432
f 1389/1462/1433 1388/1460/1433 1451/1519/1433 1452/1521/1433
f 1416/1463/1434 1415/1461/1434 1478/1520/1434 1479/1522/1434
f 1390/1464/1435 1389/1462/1435 1452/1521/1435 1453/1523/1435
f 1417/1465/1436 1416/1463/1436 1479/1522/1436 1480/1524/1436
f 1391/1466/1437 1390/1464/1437 1453/1523/1437 1454/1525/1437
f 1418/1467/1438 1417/1465/1438 1480/1524/1438 1481/1526/1438
f 1392/1468/1439 1391/1466/1439 1454/1525/1439 1455/1527/1439
f 1419/1469/1440 1418/1467/1440 1481/1526/1440 1482/1528/1440
f 1393/1470/1441 1392/1468/1441 1455/1527/1441 1456/1529/1441
f 1367/1472/1442 1/1530/1442 1430/1531/1442
f 1420/1473/1443 1419/1469/1443 1482/1528/1443 1483/1532/1443
f 1394/1474/1444 1393/1470/1444 1456/1529/1444 1457/1533/1444
f 1368/1475/1445 1367/1472/1445 1430/1531/1445 1431/1534/1445
f 1421/1476/1446 1420/1473/1446 1483/1532/1446 1484/1535/1446
f 1395/1477/1447 1394/1474/1447 1457/1533/1447 1458/1536/1447
f 1369/1478/1448 1368/1475/1448 1431/1534/1448 1432/1537/1448
f 1422/1479/1449 1421/1476/1449 1484/1535/1449 1485/1538/1449
f 1396/1480/1450 1395/1477/1450 1458/1536/1450 1459/1539/1450
f 1370/1481/1451 1369/1478/1451 1432/1537/1451 1433/1540/1451
f 1423/1482/1452 1422/1479/1452 1485/1538/1452 1486/1541/1452
f 1397/1483/1453 1396/1480/1453 1459/1539/1453 1460/1542/1453
f 1371/1484/1454 1370/1481/1454 1433/1540/1454 1434/1543/1454
f 1424/1485/1455 1423/1482/1455 1486/1541/1455 1487/1544/1455
f 1398/1486/1456 1397/1483/1456 1460/1542/1456 1461/1545/1456
f 1372/1487/1457 1371/1484/1457 1434/1543/1457 1435/1546/1457
f 1425/1488/1458 1424/1485/1458 1487/1544/1458 1488/1547/1458
f 1399/1489/1459 1398/1486/1459 1461/1545/1459 1462/1548/1459
f 1373/1490/1460 1372/1487/1460 1435/1546/1460 1436/1549/1460
f 1426/1491/1461 1425/1488/1461 1488/1547/1461 1489/1550/1461
f 1400/1492/1462 1399/1489/1462 1462/1548/1462 1463/1551/1462
f 1374/1493/1463 1373/1490/1463 1436/1549/1463 1437/1552/1463
f 1427/1429/1464 1426/1491/1464 1489/1550/1464 1490/1553/1464
f 1401/1431/1465 1400/1492/1465 1463/1551/1465 1464/1554/1465
f 1375/1433/1466 1374/1493/1466 1437/1552/1466 1438/1555/1466
f 1428/1430/1467 1427/1429/1467 1490/1553/1467 1491/1556/1467
f 1402/1432/1468 1401/1431/1468 1464/1554/1468 1465/1557/1468
f 1376/1434/1469 1375/1433/1469 1438/1555/1469 1439/1558/1469
f 1429/1435/1470 1428/1430/1470 1491/1556/1470 1492/1495/1470
f 1403/1436/1471 1402/1432/1471 1465/1557/1471 1466/1496/1471
f 1377/1437/1472 1376/1434/1472 1439/1558/1472 1440/1498/1472
f 1469/1502/1473 1468/1500/1473 1531/1559/1473 1532/1560/1473
f 1443/1503/1474 1442/1501/1474 1505/1561/1474 1506/1562/1474
f 1470/1504/1475 1469/1502/1475 1532/1560/1475 1533/1563/1475
f 1444/1505/1476 1443/1503/1476 1506/1562/1476 1507/1564/1476
f 1471/1506/1477 1470/1504/1477 1533/1563/1477 1534/1565/1477
f 1445/1507/1478 1444/1505/1478 1507/1564/1478 1508/1566/1478
f 1472/1508/1479 1471/1506/1479 1534/1565/1479 1535/1567/1479
f 1446/1509/1480 1445/1507/1480 1508/1566/1480 1509/1568/1480
f 1473/1510/1481 1472/1508/1481 1535/1567/1481 1536/1569/1481
f 1447/1511/1482 1446/1509/1482 1509/1568/1482 1510/1570/1482
f 1474/1512/1483 1473/1510/1483 1536/1569/1483 1537/1571/1483
f 1448/1513/1484 1447/1511/1484 1510/1570/1484 1511/1572/1484
f 1475/1514/1485 1474/1512/1485 1537/1571/1485 1538/1573/1485
f 1449/1515/1486 1448/1513/1486 1511/1572/1486 1512/1574/1486
f 1476/1516/1487 1475/1514/1487 1538/1573/1487 1539/1575/1487
f 1450/1517/1488 1449/1515/1488 1512/1574/1488 1513/1576/1488
f 1477/1518/1489 1476/1516/1489 1539/1575/1489 1540/1577/1489
f 1451/1519/1490 1450/1517/1490 1513/1576/1490 1514/1578/1490
f 1478/1520/1491 1477/1518/1491 1540/1577/1491 1541/1579/1491
f 1452/1521/1492 1451/1519/1492 1514/1578/1492 1515/1580/1492
f 1479/1522/1493 1478/1520/1493 1541/1579/1493 1542/1581/1493
f 1453/1523/1494 1452/1521/1494 1515/1580/1494 1516/1582/1494
f 1480/1524/1495 1479/1522/1495 1542/1581/1495 1543/1583/1495
f 1454/1525/1496 1453/1523/1496 1516/1582/1496 1517/1584/1496
f 1481/1526/1497 1480/1524/1497 1543/1583/1497 1544/1585/1497
f 1455/1527/1498 1454/1525/1498 1517/1584/1498 1518/1586/1498
f 1482/1528/1499 1481/1526/1499 1544/1585/1499 1545/1587/1499
f 1456/1529/1500 1455/1527/1500 1518/1586/1500 1519/1588/1500
f 1430/1531/1501 1/1589/1501 1493/1590/1501
f 1483/1532/1502 1482/1528/1502 1545/1587/1502 1546/1591/1502
f 1457/1533/1503 1456/1529/1503 1519/1588/1503 1520/1592/1503
f 1431/1534/1504 1430/1531/1504 1493/1590/1504 1494/1593/1504
f 1484/1535/1505 1483/1532/1505 1546/1591/1505 1547/1594/1505
f 1458/1536/1506 1457/1533/1506 1520/1592/1506 1521/1595/1506
f 1432/1537/1507 1431/1534/1507 1494/1593/1507 1495/1596/1507
f 1485/1538/1508 1484/1535/1508 1547/1594/1508 1548/1597/1508
f 1459/1539/1509 1458/1536/1509 1521/1595/1509 1522/1598/1509
f 1433/1540/1510 1432/1537/1510 1495/1596/1510 1496/1599/1510
f 1486/1541/1511 1485/1538/1511 1548/1597/1511 1549/1600/1511
f 1460/1542/1512 1459/1539/1512 1522/1598/1512 1523/1601/1512
f 1434/1543/1513 1433/1540/1513 1496/1599/1513 1497/1602/1513
f 1487/1544/1514 1486/1541/1514 1549/1600/1514 1550/1603/1514
f 1461/1545/1515 1460/1542/1515 1523/1601/1515 1524/1604/1515
f 1435/1546/1516 1434/1543/1516 1497/1602/1516 1498/1605/1516
f 1488/1547/1517 1487/1544/1517 1550/1603/1517 1551/1606/1517
f 1462/1548/1518 1461/1545/1518 1524/1604/1518 1525/1607/1518
f 1436/1549/1519 1435/1546/1519 1498/1605/1519 1499/1608/1519
f 1489/1550/1520 1488/1547/1520 1551/1606/1520 1552/1609/1520
f 1463/1551/1521 1462/1548/1521 1525/1607/1521 1526/1610/1521
f 1437/1552/1522 1436/1549/1522 1499/1608/1522 1500/1611/1522
f 1490/1553/1523 1489/1550/1523 1552/1609/1523 1553/1612/1523
f 1464/1554/1524 1463/1551/1524 1526/1610/1524 1527/1613/1524
f 1438/1555/1525 1437/1552/1525 1500/1611/1525 1501/1614/1525
f 1491/1556/1526 1490/1553/1526 1553/1612/1526 1554/1615/1526
f 1465/1557/1527 1464/1554/1527 1527/1613/1527 1528/1616/1527
f 1439/1558/1528 1438/1555/1528 1501/1614/1528 1502/1617/1528
f 1492/1495/1529 1491/1556/1529 1554/1615/1529 1555/1618/1529
f 1466/1496/1530 1465/1557/1530 1528/1616/1530 1529/1619/1530
f 1440/1498/1531 1439/1558/1531 1502/1617/1531 1503/1620/1531
f 43/1621/1532 1492/1495/1532 1555/1618/1532
f 1467/1497/1533 1466/1496/1533 1529/1619/1533 1530/1622/1533
f 1441/1499/1534 1440/1498/1534 1503/1620/1534 1504/1623/1534
f 1468/1500/1535 1467/1497/1535 1530/1622/1535 1531/1559/1535
f 1442/1501/1536 1441/1499/1536 1504/1623/1536 1505/1561/1536
f 1534/1565/1537 1533/1563/1537 1596/1624/1537 1597/1625/1537
f 1508/1566/1538 1507/1564/1538 1570/1626/1538 1571/1627/1538
f 1535/1567/1539 1534/1565/1539 1597/1625/1539 1598/1628/1539
f 1509/1568/1540 1508/1566/1540 1571/1627/1540 1572/1629/1540
f 1536/1569/1541 1535/1567/1541 1598/1628/1541 1599/1630/1541
f 1510/1570/1542 1509/1568/1542 1572/1629/1542 1573/1631/1542
f 1537/1571/1543 1536/1569/1543 1599/1630/1543 1600/1632/1543
f 1511/1572/1544 1510/1570/1544 1573/1631/1544 1574/1633/1544
f 1538/1573/1545 1537/1571/1545 1600/1632/1545 1601/1634/1545
f 1512/1574/1546 1511/1572/1546 1574/1633/1546 1575/1635/1546
f 1539/1575/1547 1538/1573/1547 1601/1634/1547 1602/1636/1547
f 1513/1576/1548 1512/1574/1548 1575/1635/1548 1576/1637/1548
f 1540/1577/1549 1539/1575/1549 1602/1636/1549 1603/1638/1549
f 1514/1578/1550 1513/1576/1550 1576/1637/1550 1577/1639/1550
f 1541/1579/1551 1540/1577/1551 1603/1638/1551 1604/1640/1551
f 1515/1580/1552 1514/1578/1552 1577/1639/1552 1578/1641/1552
f 1542/1581/1553 1541/1579/1553 1604/1640/1553 1605/1642/1553
f 1516/1582/1554 1515/1580/1554 1578/1641/1554 1579/1643/1554
f 1543/1583/1555 1542/1581/1555 1605/1642/1555 1606/1644/1555
f 1517/1584/1556 1516/1582/1556 1579/1643/1556 1580/1645/1556
f 1544/1585/1557 1543/1583/1557 1606/1644/1557 1607/1646/1557
f 1518/1586/1558 1517/1584/1558 1580/1645/1558 1581/1647/1558
f 1545/1587/1559 1544/1585/1559 1607/1646/1559 1608/1648/1559
f 1519/1588/1560 1518/1586/1560 1581/1647/1560 1582/1649/1560
f 1493/1590/1561 1/1650/1561 1556/1651/1561
f 1546/1591/1562 1545/1587/1562 1608/1648/1562 1609/1652/1562
f 1520/1592/1563 1519/1588/1563 1582/1649/1563 1583/1653/1563
f 1494/1593/1564 1493/1590/1564 1556/1651/1564 1557/1654/1564
f 1547/1594/1565 1546/1591/1565 1609/1652/1565 1610/1655/1565
f 1521/1595/1566 1520/1592/1566 1583/1653/1566 1584/1656/1566
f 1495/1596/1567 1494/1593/1567 1557/1654/1567 1558/1657/1567
f 1548/1597/1568 1547/1594/1568 1610/1655/1568 1611/1658/1568
f 1522/1598/1569 1521/1595/1569 1584/1656/1569 1585/1659/1569
f 1496/1599/1570 1495/1596/1570 1558/1657/1570 1559/1660/1570
f 1549/1600/1571 1548/1597/1571 1611/1658/1571 1612/1661/1571
f 1523/1601/1572 1522/1598/1572 1585/1659/1572 1586/1662/1572
f 1497/1602/1573 1496/1599/1573 1559/1660/1573 1560/1663/1573
f 1550/1603/1574 1549/1600/1574 1612/1661/1574 1613/1664/1574
f 1524/1604/1575 1523/1601/1575 1586/1662/1575 1587/1665/1575
f 1498/1605/1576 1497/1602/1576 1560/1663/1576 1561/1666/1576
f 1551/1606/1577 1550/1603/1577 1613/1664/1577 1614/1667/1577
f 1525/1607/1578 1524/1604/1578 1587/1665/1578 1588/1668/1578
f 1499/1608/1579 1498/1605/1579 1561/1666/1579 1562/1669/1579
f 1552/1609/1580 1551/1606/1580 1614/1667/1580 1615/1670/1580
f 1526/1610/1581 1525/1607/1581 1588/1668/1581 1589/1671/1581
f 1500/1611/1582 1499/1608/1582 1562/1669/1582 1563/1672/1582
f 1553/1612/1583 1552/1609/1583 1615/1670/1583 1616/1673/1583
f 1527/1613/1584 1526/1610/1584 1589/1671/1584 1590/1674/1584
f 1501/1614/1585 1500/1611/1585 1563/1672/1585 1564/1675/1585
f 1554/1615/1586 1553/1612/1586 1616/1673/1586 1617/1676/1586
f 1528/1616/1587 1527/1613/1587 1590/1674/1587 1591/1677/1587
f 1502/1617/1588 1501/1614/1588 1564/1675/1588 1565/1678/1588
f 1555/1618/1589 1554/1615/1589 1617/1676/1589 1618/1679/1589
f 1529/1619/1590 1528/1616/1590 1591/1677/1590 1592/1680/1590
f 1503/1620/1591 1502/1617/1591 1565/1678/1591 1566/1681/1591
f 43/1682/1592 1555/1618/1592 1618/1679/1592
f 1530/1622/1593 1529/1619/1593 1592/1680/1593 1593/1683/1593
f 1504/1623/1594 1503/1620/1594 1566/1681/1594 1567/1684/1594
f 1531/1559/1595 1530/1622/1595 1593/1683/1595 1594/1685/1595
f 1505/1561/1596 1504/1623/1596 1567/1684/1596 1568/1686/1596
f 1532/1560/1597 1531/1559/1597 1594/1685/1597 1595/1687/1597
f 1506/1562/1598 1505/1561/1598 1568/1686/1598 1569/1688/1598
f 1533/1563/1599 1532/1560/1599 1595/1687/1599 1596/1624/1599
f 1507/1564/1600 1506/1562/1600 1569/1688/1600 1570/1626/1600
f 1599/1630/1601 1598/1628/1601 1661/1689/1601 1662/1690/1601
f 1573/1631/1602 1572/1629/1602 1635/1691/1602 1636/1692/1602
f 1600/1632/1603 1599/1630/1603 1662/1690/1603 1663/1693/1603
f 1574/1633/1604 1573/1631/1604 1636/1692/1604 1637/1694/1604
f 1601/1634/1605 1600/1632/1605 1663/1693/1605 1664/1695/1605
f 1575/1635/1606 1574/1633/1606 1637/1694/1606 1638/1696/1606
f 1602/1636/1607 1601/1634/1607 1664/1695/1607 1665/1697/1607
f 1576/1637/1608 1575/1635/1608 1638/1696/1608 1639/1698/1608
f 1603/1638/1609 1602/1636/1609 1665/1697/1609 1666/1699/1609
f 1577/1639/1610 1576/1637/1610 1639/1698/1610 1640/1700/1610
f 1604/1640/1611 1603/1638/1611 1666/1699/1611 1667/1701/1611
f 1578/1641/1612 1577/1639/1612 1640/1700/1612 1641/1702/1612
f 1605/1642/1613 1604/1640/1613 1667/1701/1613 1668/1703/1613
f 1579/1643/1614 1578/1641/1614 1641/1702/1614 1642/1704/1614
f 1606/1644/1615 1605/1642/1615 1668/1703/1615 1669/1705/1615
f 1580/1645/1616 1579/1643/1616 1642/1704/1616 1643/1706/1616
f 1607/1646/1617 1606/1644/1617 1669/1705/1617 1670/1707/1617
f 1581/1647/1618 1580/1645/1618 1643/1706/1618 1644/1708/1618
f 1608/1648/1619 1607/1646/1619 1670/1707/1619 1671/1709/1619
f 1582/1649/1620 1581/1647/1620 1644/1708/1620 1645/1710/1620
f 1556/1651/1621 1/1711/1621 1619/1712/1621
f 1609/1652/1622 1608/1648/1622 1671/1709/1622 1672/1713/1622
f 1583/1653/1623 1582/1649/1623 1645/1710/1623 1646/1714/1623
f 1557/1654/1624 1556/1651/1624 1619/1712/1624 1620/1715/1624
f 1610/1655/1625 1609/1652/1625 1672/1713/1625 1673/1716/1625
f 1584/1656/1626 1583/1653/1626 1646/1714/1626 1647/1717/1626
f 1558/1657/1627 1557/1654/1627 1620/1715/1627 1621/1718/1627
f 1611/1658/1628 1610/1655/1628 1673/1716/1628 1674/1719/1628
f 1585/1659/1629 1584/1656/1629 1647/1717/1629 1648/1720/1629
f 1559/1660/1630 1558/1657/1630 1621/1718/1630 1622/1721/1630
f 1612/1661/1631 1611/1658/1631 1674/1719/1631 1675/1722/1631
f 1586/1662/1632 1585/1659/1632 1648/1720/1632 1649/1723/1632
f 1560/1663/1633 1559/1660/1633 1622/1721/1633 1623/1724/1633
f 1613/1664/1634 1612/1661/1634 1675/1722/1634 1676/1725/1634
f 1587/1665/1635 1586/1662/1635 1649/1723/1635 1650/1726/1635
f 1561/1666/1636 1560/1663/1636 1623/1724/1636 1624/1727/1636
f 1614/1667/1637 1613/1664/1637 1676/1725/1637 1677/1728/1637
f 1588/1668/1638 1587/1665/1638 1650/1726/1638 1651/1729/1638
f 1562/1669/1639 1561/1666/1639 1624/1727/1639 1625/1730/1639
f 1615/1670/1640 1614/1667/1640 1677/1728/1640 1678/1731/1640
f 1589/1671/1641 1588/1668/1641 1651/1729/1641 1652/1732/1641
f 1563/1672/1642 1562/1669/1642 1625/1730/1642 1626/1733/1642
f 1616/1673/1643 1615/1670/1643 1678/1731/1643 1679/1734/1643
f 1590/1674/1644 1589/1671/1644 1652/1732/1644 1653/1735/1644
f 1564/1675/1645 1563/1672/1645 1626/1733/1645 1627/1736/1645
f 1617/1676/1646 1616/1673/1646 1679/1734/1646 1680/1737/1646
f 1591/1677/1647 1590/1674/1647 1653/1735/1647 1654/1738/1647
f 1565/1678/1648 1564/1675/1648 1627/1736/1648 1628/1739/1648
f 1618/1679/1649 1617/1676/1649 1680/1737/1649 1681/1740/1649
f 1592/1680/1650 1591/1677/1650 1654/1738/1650 1655/1741/1650
f 1566/1681/1651 1565/1678/1651 1628/1739/1651 1629/1742/1651
f 43/1743/1652 1618/1679/1652 1681/1740/1652
f 1593/1683/1653 1592/1680/1653 1655/1741/1653 1656/1744/1653
f 1567/1684/1654 1566/1681/1654 1629/1742/1654 1630/1745/1654
f 1594/1685/1655 1593/1683/1655 1656/1744/1655 1657/1746/1655
f 1568/1686/1656 1567/1684/1656 1630/1745/1656 1631/1747/1656
f 1595/1687/1657 1594/1685/1657 1657/1746/1657 1658/1748/1657
f 1569/1688/1658 1568/1686/1658 1631/1747/1658 1632/1749/1658
f 1596/1624/1659 1595/1687/1659 1658/1748/1659 1659/1750/1659
f 1570/1626/1660 1569/1688/1660 1632/1749/1660 1633/1751/1660
f 1597/1625/1661 1596/1624/1661 1659/1750/1661 1660/1752/1661
f 1571/1627/1662 1570/1626/1662 1633/1751/1662 1634/1753/1662
f 1598/1628/1663 1597/1625/1663 1660/1752/1663 1661/1689/1663
f 1572/1629/1664 1571/1627/1664 1634/1753/1664 1635/1691/1664
f 1660/1752/1665 1659/1750/1665 1722/1754/1665 1723/1755/1665
f 1634/1753/1666 1633/1751/1666 1696/1756/1666 1697/1757/1666
f 1661/1689/1667 1660/1752/1667 1723/1755/1667 1724/1758/1667
f 1635/1691/1668 1634/1753/1668 1697/1757/1668 1698/1759/1668
f 1662/1690/1669 1661/1689/1669 1724/1758/1669 1725/1760/1669
f 1636/1692/1670 1635/1691/1670 1698/1759/1670 1699/1761/1670
f 1663/1693/1671 1662/1690/1671 1725/1760/1671 1726/1762/1671
f 1637/1694/1672 1636/1692/1672 1699/1761/1672 1700/1763/1672
f 1664/1695/1673 1663/1693/1673 1726/1762/1673 1727/1764/1673
f 1638/1696/1674 1637/1694/1674 1700/1763/1674 1701/1765/1674
f 1665/1697/1675 1664/1695/1675 1727/1764/1675 1728/1766/1675
f 1639/1698/1676 1638/1696/1676 1701/1765/1676 1702/1767/1676
f 1666/1699/1677 1665/1697/1677 1728/1766/1677 1729/1768/1677
f 1640/1700/1678 1639/1698/1678 1702/1767/1678 1703/1769/1678
f 1667/1701/1679 1666/1699/1679 1729/1768/1679 1730/1770/1679
f 1641/1702/1680 1640/1700/1680 1703/1769/1680 1704/1771/1680
f 1668/1703/1681 1667/1701/1681 1730/1770/1681 1731/1772/1681
f 1642/1704/1682 1641/1702/1682 1704/1771/1682 1705/1773/1682
f 1669/1705/1683 1668/1703/1683 1731/1772/1683 1732/1774/1683
f 1643/1706/1684 1642/1704/1684 1705/1773/1684 1706/1775/1684
f 1670/1707/1685 1669/1705/1685 1732/1774/1685 1733/1776/1685
f 1644/1708/1686 1643/1706/1686 1706/1775/1686 1707/1777/1686
f 1671/1709/1687 1670/1707/1687 1733/1776/1687 1734/1778/1687
f 1645/1710/1688 1644/1708/1688 1707/1777/1688 1708/1779/1688
f 1619/1712/1689 1/1780/1689 1682/1781/1689
f 1672/1713/1690 1671/1709/1690 1734/1778/1690 1735/1782/1690
f 1646/1714/1691 1645/1710/1691 1708/1779/1691 1709/1783/1691
f 1620/1715/1692 1619/1712/1692 1682/1781/1692 1683/1784/1692
f 1673/1716/1693 1672/1713/1693 1735/1782/1693 1736/1785/1693
f 1647/1717/1694 1646/1714/1694 1709/1783/1694 1710/1786/1694
f 1621/1718/1695 1620/1715/1695 1683/1784/1695 1684/1787/1695
f 1674/1719/1696 1673/1716/1696 1736/1785/1696 1737/1788/1696
f 1648/1720/1697 1647/1717/1697 1710/1786/1697 1711/1789/1697
f 1622/1721/1698 1621/1718/1698 1684/1787/1698 1685/1790/1698
f 1675/1722/1699 1674/1719/1699 1737/1788/1699 1738/1791/1699
f 1649/1723/1700 1648/1720/1700 1711/1789/1700 1712/1792/1700
f 1623/1724/1701 1622/1721/1701 1685/1790/1701 1686/1793/1701
f 1676/1725/1702 1675/1722/1702 1738/1791/1702 1739/1794/1702
f 1650/1726/1703 1649/1723/1703 1712/1792/1703 1713/1795/1703
f 1624/1727/1704 1623/1724/1704 1686/1793/1704 1687/1796/1704
f 1677/1728/1705 1676/1725/1705 1739/1794/1705 1740/1797/1705
f 1651/1729/1706 1650/1726/1706 1713/1795/1706 1714/1798/1706
f 1625/1730/1707 1624/1727/1707 1687/1796/1707 1688/1799/1707
f 1678/1731/1708 1677/1728/1708 1740/1797/1708 1741/1800/1708
f 1652/1732/1709 1651/1729/1709 1714/1798/1709 1715/1801/1709
f 1626/1733/1710 1625/1730/1710 1688/1799/1710 1689/1802/1710
f 1679/1734/1711 1678/1731/1711 1741/1800/1711 1742/1803/1711
f 1653/1735/1712 1652/1732/1712 1715/1801/1712 1716/1804/1712
f 1627/1736/1713 1626/1733/1713 1689/1802/1713 1690/1805/1713
f 1680/1737/1714 1679/1734/1714 1742/1803/1714 1743/1806/1714
f 1654/1738/1715 1653/1735/1715 1716/1804/1715 1717/1807/1715
f 1628/1739/1716 1627/1736/1716 1690/1805/1716 1691/1808/1716
f 1681/1740/1717 1680/1737/1717 1743/1806/1717 1744/1809/1717
f 1655/1741/1718 1654/1738/1718 1717/1807/1718 1718/1810/1718
f 1629/1742/1719 1628/1739/1719 1691/1808/1719 1692/1811/1719
f 43/1812/1720 1681/1740/1720 1744/1809/1720
f 1656/1744/1721 1655/1741/1721 1718/1810/1721 1719/1813/1721
f 1630/1745/1722 1629/1742/1722 1692/1811/1722 1693/1814/1722
f 1657/1746/1723 1656/1744/1723 1719/1813/1723 1720/1815/1723
f 1631/1747/1724 1630/1745/1724 1693/1814/1724 1694/1816/1724
f 1658/1748/1725 1657/1746/1725 1720/1815/1725 1721/1817/1725
f 1632/1749/1726 1631/1747/1726 1694/1816/1726 1695/1818/1726
f 1659/1750/1727 1658/1748/1727 1721/1817/1727 1722/1754/1727
f 1633/1751/1728 1632/1749/1728 1695/1818/1728 1696/1756/1728
f 1725/1760/1729 1724/1758/1729 1787/1819/1729 1788/1820/1729
f 1699/1761/1730 1698/1759/1730 1761/1821/1730 1762/1822/1730
f 1726/1762/1731 1725/1760/1731 1788/1820/1731 1789/1823/1731
f 1700/1763/1732 1699/1761/1732 1762/1822/1732 1763/1824/1732
f 1727/1764/1733 1726/1762/1733 1789/1823/1733 1790/1825/1733
f 1701/1765/1734 1700/1763/1734 1763/1824/1734 1764/1826/1734
f 1728/1766/1735 1727/1764/1735 1790/1825/1735 1791/1827/1735
f 1702/1767/1736 1701/1765/1736 1764/1826/1736 1765/1828/1736
f 1729/1768/1737 1728/1766/1737 1791/1827/1737 1792/1829/1737
f 1703/1769/1738 1702/1767/1738 1765/1828/1738 1766/1830/1738
f 1730/1770/1739 1729/1768/1739 1792/1829/1739 1793/1831/1739
f 1704/1771/1740 1703/1769/1740 1766/1830/1740 1767/1832/1740
f 1731/1772/1741 1730/1770/1741 1793/1831/1741 1794/1833/1741
f 1705/1773/1742 1704/1771/1742 1767/1832/1742 1768/1834/1742
f 1732/1774/1743 1731/1772/1743 1794/1833/1743 1795/1835/1743
f 1706/1775/1744 1705/1773/1744 1768/1834/1744 1769/1836/1744
f 1733/1776/1745 1732/1774/1745 1795/1835/1745 1796/1837/1745
f 1707/1777/1746 1706/1775/1746 1769/1836/1746 1770/1838/1746
f 1734/1778/1747 1733/1776/1747 1796/1837/1747 1797/1839/1747
f 1708/1779/1748 1707/1777/1748 1770/1838/1748 1771/1840/1748
f 1682/1781/1749 1/1841/1749 1745/1842/1749
f 1735/1782/1750 1734/1778/1750 1797/1839/1750 1798/1843/1750
f 1709/1783/1751 1708/1779/1751 1771/1840/1751 1772/1844/1751
f 1683/1784/1752 1682/1781/1752 1745/1842/1752 1746/1845/1752
f 1736/1785/1753 1735/1782/1753 1798/1843/1753 1799/1846/1753
f 1710/1786/1754 1709/1783/1754 1772/1844/1754 1773/1847/1754
f 1684/1787/1755 1683/1784/1755 1746/1845/1755 1747/1848/1755
f 1737/1788/1756 1736/1785/1756 1799/1846/1756 1800/1849/1756
f 1711/1789/1757 1710/1786/1757 1773/1847/1757 1774/1850/1757
f 1685/1790/1758 1684/1787/1758 1747/1848/1758 1748/1851/1758
f 1738/1791/1759 1737/1788/1759 1800/1849/1759 1801/1852/1759
f 1712/1792/1760 1711/1789/1760 1774/1850/1760 1775/1853/1760
f 1686/1793/1761 1685/1790/1761 1748/1851/1761 1749/1854/1761
f 1739/1794/1762 1738/1791/1762 1801/1852/1762 1802/1855/1762
f 1713/1795/1763 1712/1792/1763 1775/1853/1763 1776/1856/1763
f 1687/1796/1764 1686/1793/1764 1749/1854/1764 1750/1857/1764
f 1740/1797/1765 1739/1794/1765 1802/1855/1765 1803/1858/1765
f 1714/1798/1766 1713/1795/1766 1776/1856/1766 1777/1859/1766
f 1688/1799/1767 1687/1796/1767 1750/1857/1767 1751/1860/1767
f 1741/1800/1768 1740/1797/1768 1803/1858/1768 1804/1861/1768
f 1715/1801/1769 1714/1798/1769 1777/1859/1769 1778/1862/1769
f 1689/1802/1770 1688/1799/1770 1751/1860/1770 1752/1863/1770
f 1742/1803/1771 1741/1800/1771 1804/1861/1771 1805/1864/1771
f 1716/1804/1772 1715/1801/1772 1778/1862/1772 1779/1865/1772
f 1690/1805/1773 1689/1802/1773 1752/1863/1773 1753/1866/1773
f 1743/1806/1774 1742/1803/1774 1805/1864/1774 1806/1867/1774
f 1717/1807/1775 1716/1804/1775 1779/1865/1775 1780/1868/1775
f 1691/1808/1776 1690/1805/1776 1753/1866/1776 1754/1869/1776
f 1744/1809/1777 1743/1806/1777 1806/1867/1777 1807/1870/1777
f 1718/1810/1778 1717/1807/1778 1780/1868/1778 1781/1871/1778
f 1692/1811/1779 1691/1808/1779 1754/1869/1779 1755/1872/1779
f 43/1873/1780 1744/1809/1780 1807/1870/1780
f 1719/1813/1781 1718/1810/1781 1781/1871/1781 1782/1874/1781
f 1693/1814/1782 1692/1811/1782 1755/1872/1782 1756/1875/1782
f 1720/1815/1783 1719/1813/1783 1782/1874/1783 1783/1876/1783
f 1694/1816/1784 1693/1814/1784 1756/1875/1784 1757/1877/1784
f 1721/1817/1785 1720/1815/1785 1783/1876/1785 1784/1878/1785
f 1695/1818/1786 1694/1816/1786 1757/1877/1786 1758/1879/1786
f 1722/1754/1787 1721/1817/1787 1784/1878/1787 1785/1880/1787
f 1696/1756/1788 1695/1818/1788 1758/1879/1788 1759/1881/1788
f 1723/1755/1789 1722/1754/1789 1785/1880/1789 1786/1882/1789
f 1697/1757/1790 1696/1756/1790 1759/1881/1790 1760/1883/1790
f 1724/1758/1791 1723/1755/1791 1786/1882/1791 1787/1819/1791
f 1698/1759/1792 1697/1757/1792 1760/1883/1792 1761/1821/1792
f 1790/1825/1793 1789/1823/1793 1852/1884/1793 1853/1885/1793
f 1764/1826/1794 1763/1824/1794 1826/1886/1794 1827/1887/1794
f 1791/1827/1795 1790/1825/1795 1853/1885/1795 1854/1888/1795
f 1765/1828/1796 1764/1826/1796 1827/1887/1796 1828/1889/1796
f 1792/1829/1797 1791/1827/1797 1854/1888/1797 1855/1890/1797
f 1766/1830/1798 1765/1828/1798 1828/1889/1798 1829/1891/1798
f 1793/1831/1799 1792/1829/1799 1855/1890/1799 1856/1892/1799
f 1767/1832/1800 1766/1830/1800 1829/1891/1800 1830/1893/1800
f 1794/1833/1801 1793/1831/1801 1856/1892/1801 1857/1894/1801
f 1768/1834/1802 1767/1832/1802 1830/1893/1802 1831/1895/1802
f 1795/1835/1803 1794/1833/1803 1857/1894/1803 1858/1896/1803
f 1769/1836/1804 1768/1834/1804 1831/1895/1804 1832/1897/1804
f 1796/1837/1805 1795/1835/1805 1858/1896/1805 1859/1898/1805
f 1770/1838/1806 1769/1836/1806 1832/1897/1806 1833/1899/1806
f 1797/1839/1807 1796/1837/1807 1859/1898/1807 1860/1900/1807
f 1771/1840/1808 1770/1838/1808 1833/1899/1808 1834/1901/1808
f 1745/1842/1809 1/1902/1809 1808/1903/1809
f 1798/1843/1810 1797/1839/1810 1860/1900/1810 1861/1904/1810
f 1772/1844/1811 1771/1840/1811 1834/1901/1811 1835/1905/1811
f 1746/1845/1812 1745/1842/1812 1808/1903/1812 1809/1906/1812
f 1799/1846/1813 1798/1843/1813 1861/1904/1813 1862/1907/1813
f 1773/1847/1814 1772/1844/1814 1835/1905/1814 1836/1908/1814
f 1747/1848/1815 1746/1845/1815 1809/1906/1815 1810/1909/1815
f 1800/1849/1816 1799/1846/1816 1862/1907/1816 1863/1910/1816
f 1774/1850/1817 1773/1847/1817 1836/1908/1817 1837/1911/1817
f 1748/1851/1818 1747/1848/1818 1810/1909/1818 1811/1912/1818
f 1801/1852/1819 1800/1849/1819 1863/1910/1819 1864/1913/1819
f 1775/1853/1820 1774/1850/1820 1837/1911/1820 1838/1914/1820
f 1749/1854/1821 1748/1851/1821 1811/1912/1821 1812/1915/1821
f 1802/1855/1822 1801/1852/1822 1864/1913/1822 1865/1916/1822
f 1776/1856/1823 1775/1853/1823 1838/1914/1823 1839/1917/1823
f 1750/1857/1824 1749/1854/1824 1812/1915/1824 1813/1918/1824
f 1803/1858/1825 1802/1855/1825 1865/1916/1825 1866/1919/1825
f 1777/1859/1826 1776/1856/1826 1839/1917/1826 1840/1920/1826
f 1751/1860/1827 1750/1857/1827 1813/1918/1827 1814/1921/1827
f 1804/1861/1828 1803/1858/1828 1866/1919/1828 1867/1922/1828
f 1778/1862/1829 1777/1859/1829 1840/1920/1829 1841/1923/1829
f 1752/1863/1830 1751/1860/1830 1814/1921/1830 1815/1924/1830
f 1805/1864/1831 1804/1861/1831 1867/1922/1831 1868/1925/1831
f 1779/1865/1832 1778/1862/1832 1841/1923/1832 1842/1926/1832
f 1753/1866/1833 1752/1863/1833 1815/1924/1833 1816/1927/1833
f 1806/1867/1834 1805/1864/1834 1868/1925/1834 1869/1928/1834
f 1780/1868/1835 1779/1865/1835 1842/1926/1835 1843/1929/1835
f 1754/1869/1836 1753/1866/1836 1816/1927/1836 1817/1930/1836
f 1807/1870/1837 1806/1867/1837 1869/1928/1837 1870/1931/1837
f 1781/1871/1838 1780/1868/1838 1843/1929/1838 1844/1932/1838
f 1755/1872/1839 1754/1869/1839 1817/1930/1839 1818/1933/1839
f 43/1934/1840 1807/1870/1840 1870/1931/1840
f 1782/1874/1841 1781/1871/1841 1844/1932/1841 1845/1935/1841
f 1756/1875/1842 1755/1872/1842 1818/1933/1842 1819/1936/1842
f 1783/1876/1843 1782/1874/1843 1845/1935/1843 1846/1937/1843
f 1757/1877/1844 1756/1875/1844 1819/1936/1844 1820/1938/1844
f 1784/1878/1845 1783/1876/1845 1846/1937/1845 1847/1939/1845
f 1758/1879/1846 1757/1877/1846 1820/1938/1846 1821/1940/1846
f 1785/1880/1847 1784/1878/1847 1847/1939/1847 1848/1941/1847
f 1759/1881/1848 1758/1879/1848 1821/1940/1848 1822/1942/1848
f 1786/1882/1849 1785/1880/1849 1848/1941/1849 1849/1943/1849
f 1760/1883/1850 1759/1881/1850 1822/1942/1850 1823/1944/1850
f 1787/1819/1851 1786/1882/1851 1849/1943/1851 1850/1945/1851
f 1761/1821/1852 1760/1883/1852 1823/1944/1852 1824/1946/1852
f 1788/1820/1853 1787/1819/1853 1850/1945/1853 1851/1947/1853
f 1762/1822/1854 1761/1821/1854 1824/1946/1854 1825/1948/1854
f 1789/1823/1855 1788/1820/1855 1851/1947/1855 1852/1884/1855
f 1763/1824/1856 1762/1822/1856 1825/1948/1856 1826/1886/1856
f 1855/1890/1857 1854/1888/1857 1917/1949/1857 1918/1950/1857
f 1829/1891/1858 1828/1889/1858 1891/1951/1858 1892/1952/1858
f 1856/1892/1859 1855/1890/1859 1918/1950/1859 1919/1953/1859
f 1830/1893/1860 1829/1891/1860 1892/1952/1860 1893/1954/1860
f 1857/1894/1861 1856/1892/1861 1919/1953/1861 1920/1955/1861
f 1831/1895/1862 1830/1893/1862 1893/1954/1862 1894/1956/1862
f 1858/1896/1863 1857/1894/1863 1920/1955/1863 1921/1957/1863
f 1832/1897/1864 1831/1895/1864 1894/1956/1864 1895/1958/1864
f 1859/1898/1865 1858/1896/1865 1921/1957/1865 1922/1959/1865
f 1833/1899/1866 1832/1897/1866 1895/1958/1866 1896/1960/1866
f 1860/1900/1867 1859/1898/1867 1922/1959/1867 1923/1961/1867
f 1834/1901/1868 1833/1899/1868 1896/1960/1868 1897/1962/1868
f 1808/1903/1869 1/1963/1869 1871/1964/1869
f 1861/1904/1870 1860/1900/1870 1923/1961/1870 1924/1965/1870
f 1835/1905/1871 1834/1901/1871 1897/1962/1871 1898/1966/1871
f 1809/1906/1872 1808/1903/1872 1871/1964/1872 1872/1967/1872
f 1862/1907/1873 1861/1904/1873 1924/1965/1873 1925/1968/1873
f 1836/1908/1874 1835/1905/1874 1898/1966/1874 1899/1969/1874
f 1810/1909/1875 1809/1906/1875 1872/1967/1875 1873/1970/1875
f 1863/1910/1876 1862/1907/1876 1925/1968/1876 1926/1971/1876
f 1837/1911/1877 1836/1908/1877 1899/1969/1877 1900/1972/1877
f 1811/1912/1878 1810/1909/1878 1873/1970/1878 1874/1973/1878
f 1864/1913/1879 1863/1910/1879 1926/1971/1879 1927/1974/1879
f 1838/1914/1880 1837/1911/1880 1900/1972/1880 1901/1975/1880
f 1812/1915/1881 1811/1912/1881 1874/1973/1881 1875/1976/1881
f 1865/1916/1882 1864/1913/1882 1927/1974/1882 1928/1977/1882
f 1839/1917/1883 1838/1914/1883 1901/1975/1883 1902/1978/1883
f 1813/1918/1884 1812/1915/1884 1875/1976/1884 1876/1979/1884
f 1866/1919/1885 1865/1916/1885 1928/1977/1885 1929/1980/1885
f 1840/1920/1886 1839/1917/1886 1902/1978/1886 1903/1981/1886
f 1814/1921/1887 1813/1918/1887 1876/1979/1887 1877/1982/1887
f 1867/1922/1888 1866/1919/1888 1929/1980/1888 1930/1983/1888
f 1841/1923/1889 1840/1920/1889 1903/1981/1889 1904/1984/1889
f 1815/1924/1890 1814/1921/1890 1877/1982/1890 1878/1985/1890
f 1868/1925/1891 1867/1922/1891 1930/1983/1891 1931/1986/1891
f 1842/1926/1892 1841/1923/1892 1904/1984/1892 1905/1987/1892
f 1816/1927/1893 1815/1924/1893 1878/1985/1893 1879/1988/1893
f 1869/1928/1894 1868/1925/1894 1931/1986/1894 1932/1989/1894
f 1843/1929/1895 1842/1926/1895 1905/1987/1895 1906/1990/1895
f 1817/1930/1896 1816/1927/1896 1879/1988/1896 1880/1991/1896
f 1870/1931/1897 1869/1928/1897 1932/1989/1897 1933/1992/1897
f 1844/1932/1898 1843/1929/1898 1906/1990/1898 1907/1993/1898
f 1818/1933/1899 1817/1930/1899 1880/1991/1899 1881/1994/1899
f 43/1995/1900 1870/1931/1900 1933/1992/1900
f 1845/1935/1901 1844/1932/1901 1907/1993/1901 1908/1996/1901
f 1819/1936/1902 1818/1933/1902 1881/1994/1902 1882/1997/1902
f 1846/1937/1903 1845/1935/1903 1908/1996/1903 1909/1998/1903
f 1820/1938/1904 1819/1936/1904 1882/1997/1904 1883/1999/1904
f 1847/1939/1905 1846/1937/1905 1909/1998/1905 1910/2000/1905
f 1821/1940/1906 1820/1938/1906 1883/1999/1906 1884/2001/1906
f 1848/1941/1907 1847/1939/1907 1910/2000/1907 1911/2002/1907
f 1822/1942/1908 1821/1940/1908 1884/2001/1908 1885/2003/1908
f 1849/1943/1909 1848/1941/1909 1911/2002/1909 1912/2004/1909
f 1823/1944/1910 1822/1942/1910 1885/2003/1910 1886/2005/1910
f 1850/1945/1911 1849/1943/1911 1912/2004/1911 1913/2006/1911
f 1824/1946/1912 1823/1944/1912 1886/2005/1912 1887/2007/1912
f 1851/1947/1913 1850/1945/1913 1913/2006/1913 1914/2008/1913
f 1825/1948/1914 1824/1946/1914 1887/2007/1914 1888/2009/1914
f 1852/1884/1915 1851/1947/1915 1914/2008/1915 1915/2010/1915
f 1826/1886/1916 1825/1948/1916 1888/2009/1916 1889/2011/1916
f 1853/1885/1917 1852/1884/1917 1915/2010/1917 1916/2012/1917
f 1827/1887/1918 1826/1886/1918 1889/2011/1918 1890/2013/1918
f 1854/1888/1919 1853/1885/1919 1916/2012/1919 1917/1949/1919
f 1828/1889/1920 1827/1887/1920 1890/2013/1920 1891/1951/1920
f 1920/1955/1921 1919/1953/1921 1982/2014/1921 1983/2015/1921
f 1894/1956/1922 1893/1954/1922 1956/2016/1922 1957/2017/1922
f 1921/1957/1923 1920/1955/1923 1983/2015/1923 1984/2018/1923
f 1895/1958/1924 1894/1956/1924 1957/2017/1924 1958/2019/1924
f 1922/1959/1925 1921/1957/1925 1984/2018/1925 1985/2020/1925
f 1896/1960/1926 1895/1958/1926 1958/2019/1926 1959/2021/1926
f 1923/1961/1927 1922/1959/1927 1985/2020/1927 1986/2022/1927
f 1897/1962/1928 1896/1960/1928 1959/2021/1928 1960/2023/1928
f 1871/1964/1929 1/2024/1929 1934/2025/1929
f 1924/1965/1930 1923/1961/1930 1986/2022/1930 1987/2026/1930
f 1898/1966/1931 1897/1962/1931 1960/2023/1931 1961/2027/1931
f 1872/1967/1932 1871/1964/1932 1934/2025/1932 1935/2028/1932
f 1925/1968/1933 1924/1965/1933 1987/2026/1933 1988/2029/1933
f 1899/1969/1934 1898/1966/1934 1961/2027/1934 1962/2030/1934
f 1873/1970/1935 1872/1967/1935 1935/2028/1935 1936/2031/1935
f 1926/1971/1936 1925/1968/1936 1988/2029/1936 1989/2032/1936
f 1900/1972/1937 1899/1969/1937 1962/2030/1937 1963/2033/1937
f 1874/1973/1938 1873/1970/1938 1936/2031/1938 1937/2034/1938
f 1927/1974/1939 1926/1971/1939 1989/2032/1939 1990/2035/1939
f 1901/1975/1940 1900/1972/1940 1963/2033/1940 1964/2036/1940
f 1875/1976/1941 1874/1973/1941 1937/2034/1941 1938/2037/1941
f 1928/1977/1942 1927/1974/1942 1990/2035/1942 1991/2038/1942
f 1902/1978/1943 1901/1975/1943 1964/2036/1943 1965/2039/1943
f 1876/1979/1944 1875/1976/1944 1938/2037/1944 1939/2040/1944
f 1929/1980/1945 1928/1977/1945 1991/2038/1945 1992/2041/1945
f 1903/1981/1946 1902/1978/1946 1965/2039/1946 1966/2042/1946
f 1877/1982/1947 1876/1979/1947 1939/2040/1947 1940/2043/1947
f 1930/1983/1948 1929/1980/1948 1992/2041/1948 1993/2044/1948
f 1904/1984/1949 1903/1981/1949 1966/2042/1949 1967/2045/1949
f 1878/1985/1950 1877/1982/1950 1940/2043/1950 1941/2046/1950
f 1931/1986/1951 1930/1983/1951 1993/2044/1951 1994/2047/1951
f 1905/1987/1952 1904/1984/1952 1967/2045/1952 1968/2048/1952
f 1879/1988/1953 1878/1985/1953 1941/2046/1953 1942/2049/1953
f 1932/1989/1954 1931/1986/1954 1994/2047/1954 1995/2050/1954
f 1906/1990/1955 1905/1987/1955 1968/2048/1955 1969/2051/1955
f 1880/1991/1956 1879/1988/1956 1942/2049/1956 1943/2052/1956
f 1933/1992/1957 1932/1989/1957 1995/2050/1957 1996/2053/1957
f 1907/1993/1958 1906/1990/1958 1969/2051/1958 1970/2054/1958
f 1881/1994/1959 1880/1991/1959 1943/2052/1959 1944/2055/1959
f 43/2056/1960 1933/1992/1960 1996/2053/1960
f 1908/1996/1961 1907/1993/1961 1970/2054/1961 1971/2057/1961
f 1882/1997/1962 1881/1994/1962 1944/2055/1962 1945/2058/1962
f 1909/1998/1963 1908/1996/1963 1971/2057/1963 1972/2059/1963
f 1883/1999/1964 1882/1997/1964 1945/2058/1964 1946/2060/1964
f 1910/2000/1965 1909/1998/1965 1972/2059/1965 1973/2061/1965
f 1884/2001/1966 1883/1999/1966 1946/2060/1966 1947/2062/1966
f 1911/2002/1967 1910/2000/1967 1973/2061/1967 1974/2063/1967
f 1885/2003/1968 1884/2001/1968 1947/2062/1968 1948/2064/1968
f 1912/2004/1969 1911/2002/1969 1974/2063/1969 1975/2065/1969
f 1886/2005/1970 1885/2003/1970 1948/2064/1970 1949/2066/1970
f 1913/2006/1971 1912/2004/1971 1975/2065/1971 1976/2067/1971
f 1887/2007/1972 1886/2005/1972 1949/2066/1972 1950/2068/1972
f 1914/2008/1973 1913/2006/1973 1976/2067/1973 1977/2069/1973
f 1888/2009/1974 1887/2007/1974 1950/2068/1974 1951/2070/1974
f 1915/2010/1975 1914/2008/1975 1977/2069/1975 1978/2071/1975
f 1889/2011/1976 1888/2009/1976 1951/2070/1976 1952/2072/1976
f 1916/2012/1977 1915/2010/1977 1978/2071/1977 1979/2073/1977
f 1890/2013/1978 1889/2011/1978 1952/2072/1978 1953/2074/1978
f 1917/1949/1979 1916/2012/1979 1979/2073/1979 1980/2075/1979
f 1891/1951/1980 1890/2013/1980 1953/2074/1980 1954/2076/1980
f 1918/1950/1981 1917/1949/1981 1980/2075/1981 1981/2077/1981
f 1892/1952/1982 1891/1951/1982 1954/2076/1982 1955/2078/1982
f 1919/1953/1983 1918/1950/1983 1981/2077/1983 1982/2014/1983
f 1893/1954/1984 1892/1952/1984 1955/2078/1984 1956/2016/1984
f 1985/2020/1985 1984/2018/1985 2047/2079/1985 2048/2080/1985
f 1959/2021/1986 1958/2019/1986 2021/2081/1986 2022/2082/1986
f 1986/2022/1987 1985/2020/1987 2048/2080/1987 2049/2083/1987
f 1960/2023/1988 1959/2021/1988 2022/2082/1988 2023/2084/1988
f 1934/2025/1989 1/2085/1989 1997/2086/1989
f 1987/2026/1990 1986/2022/1990 2049/2083/1990 2050/2087/1990
f 1961/2027/1991 1960/2023/1991 2023/2084/1991 2024/2088/1991
f 1935/2028/1992 1934/2025/1992 1997/2086/1992 1998/2089/1992
f 1988/2029/1993 1987/2026/1993 2050/2087/1993 2051/2090/1993
f 1962/2030/1994 1961/2027/1994 2024/2088/1994 2025/2091/1994
f 1936/2031/1995 1935/2028/1995 1998/2089/1995 1999/2092/1995
f 1989/2032/1996 1988/2029/1996 2051/2090/1996 2052/2093/1996
f 1963/2033/1997 1962/2030/1997 2025/2091/1997 2026/2094/1997
f 1937/2034/1998 1936/2031/1998 1999/2092/1998 2000/2095/1998
f 1990/2035/1999 1989/2032/1999 2052/2093/1999 2053/2096/1999
f 1964/2036/2000 1963/2033/2000 2026/2094/2000 2027/2097/2000
f 1938/2037/2001 1937/2034/2001 2000/2095/2001 2001/2098/2001
f 1991/2038/2002 1990/2035/2002 2053/2096/2002 2054/2099/2002
f 1965/2039/2003 1964/2036/2003 2027/2097/2003 2028/2100/2003
f 1939/2040/2004 1938/2037/2004 2001/2098/2004 2002/2101/2004
f 1992/2041/2005 1991/2038/2005 2054/2099/2005 2055/2102/2005
f 1966/2042/2006 1965/2039/2006 2028/2100/2006 2029/2103/2006
f 1940/2043/2007 1939/2040/2007 2002/2101/2007 2003/2104/2007
f 1993/2044/2008 1992/2041/2008 2055/2102/2008 2056/2105/2008
f 1967/2045/2009 1966/2042/2009 2029/2103/2009 2030/2106/2009
f 1941/2046/2010 1940/2043/2010 2003/2104/2010 2004/2107/2010
f 1994/2047/2011 1993/2044/2011 2056/2105/2011 2057/2108/2011
f 1968/2048/2012 1967/2045/2012 2030/2106/2012 2031/2109/2012
f 1942/2049/2013 1941/2046/2013 2004/2107/2013 2005/2110/2013
f 1995/2050/2014 1994/2047/2014 2057/2108/2014 2058/2111/2014
f 1969/2051/2015 1968/2048/2015 2031/2109/2015 2032/2112/2015
f 1943/2052/2016 1942/2049/2016 2005/2110/2016 2006/2113/2016
f 1996/2053/2017 1995/2050/2017 2058/2111/2017 2059/2114/2017
f 1970/2054/2018 1969/2051/2018 2032/2112/2018 2033/2115/2018
f 1944/2055/2019 1943/2052/2019 2006/2113/2019 2007/2116/2019
f 43/2117/2020 1996/2053/2020 2059/2114/2020
f 1971/2057/2021 1970/2054/2021 2033/2115/2021 2034/2118/2021
f 1945/2058/2022 1944/2055/2022 2007/2116/2022 2008/2119/2022
f 1972/2059/2023 1971/2057/2023 2034/2118/2023 2035/2120/2023
f 1946/2060/2024 1945/2058/2024 2008/2119/2024 2009/2121/2024
f 1973/2061/2025 1972/2059/2025 2035/2120/2025 2036/2122/2025
f 1947/2062/2026 1946/2060/2026 2009/2121/2026 2010/2123/2026
f 1974/2063/2027 1973/2061/2027 2036/2122/2027 2037/2124/2027
f 1948/2064/2028 1947/2062/2028 2010/2123/2028 2011/2125/2028
f 1975/2065/2029 1974/2063/2029 2037/2124/2029 2038/2126/2029
f 1949/2066/2030 1948/2064/2030 2011/2125/2030 2012/2127/2030
f 1976/2067/2031 1975/2065/2031 2038/2126/2031 2039/2128/2031
f 1950/2068/2032 1949/2066/2032 2012/2127/2032 2013/2129/2032
f 1977/2069/2033 1976/2067/2033 2039/2128/2033 2040/2130/2033
f 1951/2070/2034 1950/2068/2034 2013/2129/2034 2014/2131/2034
f 1978/2071/2035 1977/2069/2035 2040/2130/2035 2041/2132/2035
f 1952/2072/2036 1951/2070/2036 2014/2131/2036 2015/2133/2036
f 1979/2073/2037 1978/2071/2037 2041/2132/2037 2042/2134/2037
f 1953/2074/2038 1952/2072/2038 2015/2133/2038 2016/2135/2038
f 1980/2075/2039 1979/2073/2039 2042/2134/2039 2043/2136/2039
f 1954/2076/2040 1953/2074/2040 2016/2135/2040 2017/2137/2040
f 1981/2077/2041 1980/2075/2041 2043/2136/2041 2044/2138/2041
f 1955/2078/2042 1954/2076/2042 2017/2137/2042 2018/2139/2042
f 1982/2014/2043 1981/2077/2043 2044/2138/2043 2045/2140/2043
f 1956/2016/2044 1955/2078/2044 2018/2139/2044 2019/2141/2044
f 1983/2015/2045 1982/2014/2045 2045/2140/2045 2046/2142/2045
f 1957/2017/2046 1956/2016/2046 2019/2141/2046 2020/2143/2046
f 1984/2018/2047 1983/2015/2047 2046/2142/2047 2047/2079/2047
f 1958/2019/2048 1957/2017/2048 2020/2143/2048 2021/2081/2048
f 2050/2087/2049 2049/2083/2049 2112/2144/2049 2113/2145/2049
f 2024/2088/2050 2023/2084/2050 2086/2146/2050 2087/2147/2050
f 1998/2089/2051 1997/2086/2051 2060/2148/2051 2061/2149/2051
f 2051/2090/2052 2050/2087/2052 2113/2145/2052 2114/2150/2052
f 2025/2091/2053 2024/2088/2053 2087/2147/2053 2088/2151/2053
f 1999/2092/2054 1998/2089/2054 2061/2149/2054 2062/2152/2054
f 2052/2093/2055 2051/2090/2055 2114/2150/2055 2115/2153/2055
f 2026/2094/2056 2025/2091/2056 2088/2151/2056 2089/2154/2056
f 2000/2095/2057 1999/2092/2057 2062/2152/2057 2063/2155/2057
f 2053/2096/2058 2052/2093/2058 2115/2153/2058 2116/2156/2058
f 2027/2097/2059 2026/2094/2059 2089/2154/2059 2090/2157/2059
f 2001/2098/2060 2000/2095/2060 2063/2155/2060 2064/2158/2060
f 2054/2099/2061 2053/2096/2061 2116/2156/2061 2117/2159/2061
f 2028/2100/2062 2027/2097/2062 2090/2157/2062 2091/2160/2062
f 2002/2101/2063 2001/2098/2063 2064/2158/2063 2065/2161/2063
f 2055/2102/2064 2054/2099/2064 2117/2159/2064 2118/2162/2064
f 2029/2103/2065 2028/2100/2065 2091/2160/2065 2092/2163/2065
f 2003/2104/2066 2002/2101/2066 2065/2161/2066 2066/2164/2066
f 2056/2105/2067 2055/2102/2067 2118/2162/2067 2119/2165/2067
f 2030/2106/2068 2029/2103/2068 2092/2163/2068 2093/2166/2068
f 2004/2107/2069 2003/2104/2069 2066/2164/2069 2067/2167/2069
f 2057/2108/2070 2056/2105/2070 2119/2165/2070 2120/2168/2070
f 2031/2109/2071 2030/2106/2071 2093/2166/2071 2094/2169/2071
f 2005/2110/2072 2004/2107/2072 2067/2167/2072 2068/2170/2072
f 2058/2111/2073 2057/2108/2073 2120/2168/2073 2121/2171/2073
f 2032/2112/2074 2031/2109/2074 2094/2169/2074 2095/2172/2074
f 2006/2113/2075 2005/2110/2075 2068/2170/2075 2069/2173/2075
f 2059/2114/2076 2058/2111/2076 2121/2171/2076 2122/2174/2076
f 2033/2115/2077 2032/2112/2077 2095/2172/2077 2096/2175/2077
f 2007/2116/2078 2006/2113/2078 2069/2173/2078 2070/2176/2078
f 43/2177/2079 2059/2114/2079 2122/2174/2079
f 2034/2118/2080 2033/2115/2080 2096/2175/2080 2097/2178/2080
f 2008/2119/2081 2007/2116/2081 2070/2176/2081 2071/2179/2081
f 2035/2120/2082 2034/2118/2082 2097/2178/2082 2098/2180/2082
f 2009/2121/2083 2008/2119/2083 2071/2179/2083 2072/2181/2083
f 2036/2122/2084 2035/2120/2084 2098/2180/2084 2099/2182/2084
f 2010/2123/2085 2009/2121/2085 2072/2181/2085 2073/2183/2085
f 2037/2124/2086 2036/2122/2086 2099/2182/2086 2100/2184/2086
f 2011/2125/2087 2010/2123/2087 2073/2183/2087 2074/2185/2087
f 2038/2126/2088 2037/2124/2088 2100/2184/2088 2101/2186/2088
f 2012/2127/2089 2011/2125/2089 2074/2185/2089 2075/2187/2089
f 2039/2128/2090 2038/2126/2090 2101/2186/2090 2102/2188/2090
f 2013/2129/2091 2012/2127/2091 2075/2187/2091 2076/2189/2091
f 2040/2130/2092 2039/2128/2092 2102/2188/2092 2103/2190/2092
f 2014/2131/2093 2013/2129/2093 2076/2189/2093 2077/2191/2093
f 2041/2132/2094 2040/2130/2094 2103/2190/2094 2104/2192/2094
f 2015/2133/2095 2014/2131/2095 2077/2191/2095 2078/2193/2095
f 2042/2134/2096 2041/2132/2096 2104/2192/2096 2105/2194/2096
f 2016/2135/2097 2015/2133/2097 2078/2193/2097 2079/2195/2097
f 2043/2136/2098 2042/2134/2098 2105/2194/2098 2106/2196/2098
f 2017/2137/2099 2016/2135/2099 2079/2195/2099 2080/2197/2099
f 2044/2138/2100 2043/2136/2100 2106/2196/2100 2107/2198/2100
f 2018/2139/2101 2017/2137/2101 2080/2197/2101 2081/2199/2101
f 2045/2140/2102 2044/2138/2102 2107/2198/2102 2108/2200/2102
f 2019/2141/2103 2018/2139/2103 2081/2199/2103 2082/2201/2103
f 2046/2142/2104 2045/2140/2104 2108/2200/2104 2109/2202/2104
f 2020/2143/2105 2019/2141/2105 2082/2201/2105 2083/2203/2105
f 2047/2079/2106 2046/2142/2106 2109/2202/2106 2110/2204/2106
f 2021/2081/2107 2020/2143/2107 2083/2203/2107 2084/2205/2107
f 2048/2080/2108 2047/2079/2108 2110/2204/2108 2111/2206/2108
f 2022/2082/2109 2021/2081/2109 2084/2205/2109 2085/2207/2109
f 2049/2083/2110 2048/2080/2110 2111/2206/2110 2112/2144/2110
f 2023/2084/2111 2022/2082/2111 2085/2207/2111 2086/2146/2111
f 1997/2086/2112 1/2208/2112 2060/2148/2112
f 2115/2153/2113 2114/2150/2113 2177/2209/2113 2178/2210/2113
f 2089/2154/2114 2088/2151/2114 2151/2211/2114 2152/2212/2114
f 2063/2155/2115 2062/2152/2115 2125/2213/2115 2126/2214/2115
f 2116/2156/2116 2115/2153/2116 2178/2210/2116 2179/2215/2116
f 2090/2157/2117 2089/2154/2117 2152/2212/2117 2153/2216/2117
f 2064/2158/2118 2063/2155/2118 2126/2214/2118 2127/2217/2118
f 2117/2159/2119 2116/2156/2119 2179/2215/2119 2180/2218/2119
f 2091/2160/2120 2090/2157/2120 2153/2216/2120 2154/2219/2120
f 2065/2161/2121 2064/2158/2121 2127/2217/2121 2128/2220/2121
f 2118/2162/2122 2117/2159/2122 2180/2218/2122 2181/2221/2122
f 2092/2163/2123 2091/2160/2123 2154/2219/2123 2155/2222/2123
f 2066/2164/2124 2065/2161/2124 2128/2220/2124 2129/2223/2124
f 2119/2165/2125 2118/2162/2125 2181/2221/2125 2182/2224/2125
f 2093/2166/2126 2092/2163/2126 2155/2222/2126 2156/2225/2126
f 2067/2167/2127 2066/2164/2127 2129/2223/2127 2130/2226/2127
f 2120/2168/2128 2119/2165/2128 2182/2224/2128 2183/2227/2128
f 2094/2169/2129 2093/2166/2129 2156/2225/2129 2157/2228/2129
f 2068/2170/2130 2067/2167/2130 2130/2226/2130 2131/2229/2130
f 2121/2171/2131 2120/2168/2131 2183/2227/2131 2184/2230/2131
f 2095/2172/2132 2094/2169/2132 2157/2228/2132 2158/2231/2132
f 2069/2173/2133 2068/2170/2133 2131/2229/2133 2132/2232/2133
f 2122/2174/2134 2121/2171/2134 2184/2230/2134 2185/2233/2134
f 2096/2175/2135 2095/2172/2135 2158/2231/2135 2159/2234/2135
f 2070/2176/2136 2069/2173/2136 2132/2232/2136 2133/2235/2136
f 43/2236/2137 2122/2174/2137 2185/2233/2137
f 2097/2178/2138 2096/2175/2138 2159/2234/2138 2160/2237/2138
f 2071/2179/2139 2070/2176/2139 2133/2235/2139 2134/2238/2139
f 2098/2180/2140 2097/2178/2140 2160/2237/2140 2161/2239/2140
f 2072/2181/2141 2071/2179/2141 2134/2238/2141 2135/2240/2141
f 2099/2182/2142 2098/2180/2142 2161/2239/2142 2162/2241/2142
f 2073/2183/2143 2072/2181/2143 2135/2240/2143 2136/2242/2143
f 2100/2184/2144 2099/2182/2144 2162/2241/2144 2163/2243/2144
f 2074/2185/2145 2073/2183/2145 2136/2242/2145 2137/2244/2145
f 2101/2186/2146 2100/2184/2146 2163/2243/2146 2164/2245/2146
f 2075/2187/2147 2074/2185/2147 2137/2244/2147 2138/2246/2147
f 2102/2188/2148 2101/2186/2148 2164/2245/2148 2165/2247/2148
f 2076/2189/2149 2075/2187/2149 2138/2246/2149 2139/2248/2149
f 2103/2190/2150 2102/2188/2150 2165/2247/2150 2166/2249/2150
f 2077/2191/2151 2076/2189/2151 2139/2248/2151 2140/2250/2151
f 2104/2192/2152 2103/2190/2152 2166/2249/2152 2167/2251/2152
f 2078/2193/2153 2077/2191/2153 2140/2250/2153 2141/2252/2153
f 2105/2194/2154 2104/2192/2154 2167/2251/2154 2168/2253/2154
f 2079/2195/2155 2078/2193/2155 2141/2252/2155 2142/2254/2155
f 2106/2196/2156 2105/2194/2156 2168/2253/2156 2169/2255/2156
f 2080/2197/2157 2079/2195/2157 2142/2254/2157 2143/2256/2157
f 2107/2198/2158 2106/2196/2158 2169/2255/2158 2170/2257/2158
f 2081/2199/2159 2080/2197/2159 2143/2256/2159 2144/2258/2159
f 2108/2200/2160 2107/2198/2160 2170/2257/2160 2171/2259/2160
f 2082/2201/2161 2081/2199/2161 2144/2258/2161 2145/2260/2161
f 2109/2202/2162 2108/2200/2162 2171/2259/2162 2172/2261/2162
f 2083/2203/2163 2082/2201/2163 2145/2260/2163 2146/2262/2163
f 2110/2204/2164 2109/2202/2164 2172/2261/2164 2173/2263/2164
f 2084/2205/2165 2083/2203/2165 2146/2262/2165 2147/2264/2165
f 2111/2206/2166 2110/2204/2166 2173/2263/2166 2174/2265/2166
f 2085/2207/2167 2084/2205/2167 2147/2264/2167 2148/2266/2167
f 2112/2144/2168 2111/2206/2168 2174/2265/2168 2175/2267/2168
f 2086/2146/2169 2085/2207/2169 2148/2266/2169 2149/2268/2169
f 2060/2148/2170 1/2269/2170 2123/2270/2170
f 2113/2145/2171 2112/2144/2171 2175/2267/2171 2176/2271/2171
f 2087/2147/2172 2086/2146/2172 2149/2268/2172 2150/2272/2172
f 2061/2149/2173 2060/2148/2173 2123/2270/2173 2124/2273/2173
f 2114/2150/2174 2113/2145/2174 2176/2271/2174 2177/2209/2174
f 2088/2151/2175 2087/2147/2175 2150/2272/2175 2151/2211/2175
f 2062/2152/2176 2061/2149/2176 2124/2273/2176 2125/2213/2176
f 2180/2218/2177 2179/2215/2177 2242/2274/2177 2243/2275/2177
f 2154/2219/2178 2153/2216/2178 2216/2276/2178 2217/2277/2178
f 2128/2220/2179 2127/2217/2179 2190/2278/2179 2191/2279/2179
f 2181/2221/2180 2180/2218/2180 2243/2275/2180 2244/2280/2180
f 2155/2222/2181 2154/2219/2181 2217/2277/2181 2218/2281/2181
f 2129/2223/2182 2128/2220/2182 2191/2279/2182 2192/2282/2182
f 2182/2224/2183 2181/2221/2183 2244/2280/2183 2245/2283/2183
f 2156/2225/2184 2155/2222/2184 2218/2281/2184 2219/2284/2184
f 2130/2226/2185 2129/2223/2185 2192/2282/2185 2193/2285/2185
f 2183/2227/2186 2182/2224/2186 2245/2283/2186 2246/2286/2186
f 2157/2228/2187 2156/2225/2187 2219/2284/2187 2220/2287/2187
f 2131/2229/2188 2130/2226/2188 2193/2285/2188 2194/2288/2188
f 2184/2230/2189 2183/2227/2189 2246/2286/2189 2247/2289/2189
f 2158/2231/2190 2157/2228/2190 2220/2287/2190 2221/2290/2190
f 2132/2232/2191 2131/2229/2191 2194/2288/2191 2195/2291/2191
f 2185/2233/2192 2184/2230/2192 2247/2289/2192 2248/2292/2192
f 2159/2234/2193 2158/2231/2193 2221/2290/2193 2222/2293/2193
f 2133/2235/2194 2132/2232/2194 2195/2291/2194 2196/2294/2194
f 43/2295/2195 2185/2233/2195 2248/2292/2195
f 2160/2237/2196 2159/2234/2196 2222/2293/2196 2223/2296/2196
f 2134/2238/2197 2133/2235/2197 2196/2294/2197 2197/2297/2197
f 2161/2239/2198 2160/2237/2198 2223/2296/2198 2224/2298/2198
f 2135/2240/2199 2134/2238/2199 2197/2297/2199 2198/2299/2199
f 2162/2241/2200 2161/2239/2200 2224/2298/2200 2225/2300/2200
f 2136/2242/2201 2135/2240/2201 2198/2299/2201 2199/2301/2201
f 2163/2243/2202 2162/2241/2202 2225/2300/2202 2226/2302/2202
f 2137/2244/2203 2136/2242/2203 2199/2301/2203 2200/2303/2203
f 2164/2245/2204 2163/2243/2204 2226/2302/2204 2227/2304/2204
f 2138/2246/2205 2137/2244/2205 2200/2303/2205 2201/2305/2205
f 2165/2247/2206 2164/2245/2206 2227/2304/2206 2228/2306/2206
f 2139/2248/2207 2138/2246/2207 2201/2305/2207 2202/2307/2207
f 2166/2249/2208 2165/2247/2208 2228/2306/2208 2229/2308/2208
f 2140/2250/2209 2139/2248/2209 2202/2307/2209 2203/2309/2209
f 2167/2251/2210 2166/2249/2210 2229/2308/2210 2230/2310/2210
f 2141/2252/2211 2140/2250/2211 2203/2309/2211 2204/2311/2211
f 2168/2253/2212 2167/2251/2212 2230/2310/2212 2231/2312/2212
f 2142/2254/2213 2141/2252/2213 2204/2311/2213 2205/2313/2213
f 2169/2255/2214 2168/2253/2214 2231/2312/2214 2232/2314/2214
f 2143/2256/2215 2142/2254/2215 2205/2313/2215 2206/2315/2215
f 2170/2257/2216 2169/2255/2216 2232/2314/2216 2233/2316/2216
f 2144/2258/2217 2143/2256/2217 2206/2315/2217 2207/2317/2217
f 2171/2259/2218 2170/2257/2218 2233/2316/2218 2234/2318/2218
f 2145/2260/2219 2144/2258/2219 2207/2317/2219 2208/2319/2219
f 2172/2261/2220 2171/2259/2220 2234/2318/2220 2235/2320/2220
f 2146/2262/2221 2145/2260/2221 2208/2319/2221 2209/2321/2221
f 2173/2263/2222 2172/2261/2222 2235/2320/2222 2236/2322/2222
f 2147/2264/2223 2146/2262/2223 2209/2321/2223 2210/2323/2223
f 2174/2265/2224 2173/2263/2224 2236/2322/2224 2237/2324/2224
f 2148/2266/2225 2147/2264/2225 2210/2323/2225 2211/2325/2225
f 2175/2267/2226 2174/2265/2226 2237/2324/2226 2238/2326/2226
f 2149/2268/2227 2148/2266/2227 2211/2325/2227 2212/2327/2227
f 2123/2270/2228 1/2328/2228 2186/2329/2228
f 2176/2271/2229 2175/2267/2229 2238/2326/2229 2239/2330/2229
f 2150/2272/2230 2149/2268/2230 2212/2327/2230 2213/2331/2230
f 2124/2273/2231 2123/2270/2231 2186/2329/2231 2187/2332/2231
f 2177/2209/2232 2176/2271/2232 2239/2330/2232 2240/2333/2232
f 2151/2211/2233 2150/2272/2233 2213/2331/2233 2214/2334/2233
f 2125/2213/2234 2124/2273/2234 2187/2332/2234 2188/2335/2234
f 2178/2210/2235 2177/2209/2235 2240/2333/2235 2241/2336/2235
f 2152/2212/2236 2151/2211/2236 2214/2334/2236 2215/2337/2236
f 2126/2214/2237 2125/2213/2237 2188/2335/2237 2189/2338/2237
f 2179/2215/2238 2178/2210/2238 2241/2336/2238 2242/2274/2238
f 2153/2216/2239 2152/2212/2239 2215/2337/2239 2216/2276/2239
f 2127/2217/2240 2126/2214/2240 2189/2338/2240 2190/2278/2240
f 2245/2283/2241 2244/2280/2241 2307/2339/2241 2308/2340/2241
f 2219/2284/2242 2218/2281/2242 2281/2341/2242 2282/2342/2242
f 2193/2285/2243 2192/2282/2243 2255/2343/2243 2256/2344/2243
f 2246/2286/2244 2245/2283/2244 2308/2340/2244 2309/2345/2244
f 2220/2287/2245 2219/2284/2245 2282/2342/2245 2283/2346/2245
f 2194/2288/2246 2193/2285/2246 2256/2344/2246 2257/2347/2246
f 2247/2289/2247 2246/2286/2247 2309/2345/2247 2310/2348/2247
f 2221/2290/2248 2220/2287/2248 2283/2346/2248 2284/2349/2248
f 2195/2291/2249 2194/2288/2249 2257/2347/2249 2258/2350/2249
f 2248/2292/2250 2247/2289/2250 2310/2348/2250 2311/2351/2250
f 2222/2293/2251 2221/2290/2251 2284/2349/2251 2285/2352/2251
f 2196/2294/2252 2195/2291/2252 2258/2350/2252 2259/2353/2252
f 43/2354/2253 2248/2292/2253 2311/2351/2253
f 2223/2296/2254 2222/2293/2254 2285/2352/2254 2286/2355/2254
f 2197/2297/2255 2196/2294/2255 2259/2353/2255 2260/2356/2255
f 2224/2298/2256 2223/2296/2256 2286/2355/2256 2287/2357/2256
f 2198/2299/2257 2197/2297/2257 2260/2356/2257 2261/2358/2257
f 2225/2300/2258 2224/2298/2258 2287/2357/2258 2288/2359/2258
f 2199/2301/2259 2198/2299/2259 2261/2358/2259 2262/2360/2259
f 2226/2302/2260 2225/2300/2260 2288/2359/2260 2289/2361/2260
f 2200/2303/2261 2199/2301/2261 2262/2360/2261 2263/2362/2261
f 2227/2304/2262 2226/2302/2262 2289/2361/2262 2290/2363/2262
f 2201/2305/2263 2200/2303/2263 2263/2362/2263 2264/2364/2263
f 2228/2306/2264 2227/2304/2264 2290/2363/2264 2291/2365/2264
f 2202/2307/2265 2201/2305/2265 2264/2364/2265 2265/2366/2265
f 2229/2308/2266 2228/2306/2266 2291/2365/2266 2292/2367/2266
f 2203/2309/2267 2202/2307/2267 2265/2366/2267 2266/2368/2267
f 2230/2310/2268 2229/2308/2268 2292/2367/2268 2293/2369/2268
f 2204/2311/2269 2203/2309/2269 2266/2368/2269 2267/2370/2269
f 2231/2312/2270 2230/2310/2270 2293/2369/2270 2294/2371/2270
f 2205/2313/2271 2204/2311/2271 2267/2370/2271 2268/2372/2271
f 2232/2314/2272 2231/2312/2272 2294/2371/2272 2295/2373/2272
f 2206/2315/2273 2205/2313/2273 2268/2372/2273 2269/2374/2273
f 2233/2316/2274 2232/2314/2274 2295/2373/2274 2296/2375/2274
f 2207/2317/2275 2206/2315/2275 2269/2374/2275 2270/2376/2275
f 2234/2318/2276 2233/2316/2276 2296/2375/2276 2297/2377/2276
f 2208/2319/2277 2207/2317/2277 2270/2376/2277 2271/2378/2277
f 2235/2320/2278 2234/2318/2278 2297/2377/2278 2298/2379/2278
f 2209/2321/2279 2208/2319/2279 2271/2378/2279 2272/2380/2279
f 2236/2322/2280 2235/2320/2280 2298/2379/2280 2299/2381/2280
f 2210/2323/2281 2209/2321/2281 2272/2380/2281 2273/2382/2281
f 2237/2324/2282 2236/2322/2282 2299/2381/2282 2300/2383/2282
f 2211/2325/2283 2210/2323/2283 2273/2382/2283 2274/2384/2283
f 2238/2326/2284 2237/2324/2284 2300/2383/2284 2301/2385/2284
f 2212/2327/2285 2211/2325/2285 2274/2384/2285 2275/2386/2285
f 2186/2329/2286 1/2387/2286 2249/2388/2286
f 2239/2330/2287 2238/2326/2287 2301/2385/2287 2302/2389/2287
f 2213/2331/2288 2212/2327/2288 2275/2386/2288 2276/2390/2288
f 2187/2332/2289 2186/2329/2289 2249/2388/2289 2250/2391/2289
f 2240/2333/2290 2239/2330/2290 2302/2389/2290 2303/2392/2290
f 2214/2334/2291 2213/2331/2291 2276/2390/2291 2277/2393/2291
f 2188/2335/2292 2187/2332/2292 2250/2391/2292 2251/2394/2292
f 2241/2336/2293 2240/2333/2293 2303/2392/2293 2304/2395/2293
f 2215/2337/2294 2214/2334/2294 2277/2393/2294 2278/2396/2294
f 2189/2338/2295 2188/2335/2295 2251/2394/2295 2252/2397/2295
f 2242/2274/2296 2241/2336/2296 2304/2395/2296 2305/2398/2296
f 2216/2276/2297 2215/2337/2297 2278/2396/2297 2279/2399/2297
f 2190/2278/2298 2189/2338/2298 2252/2397/2298 2253/2400/2298
f 2243/2275/2299 2242/2274/2299 2305/2398/2299 2306/2401/2299
f 2217/2277/2300 2216/2276/2300 2279/2399/2300 2280/2402/2300
f 2191/2279/2301 2190/2278/2301 2253/2400/2301 2254/2403/2301
f 2244/2280/2302 2243/2275/2302 2306/2401/2302 2307/2339/2302
f 2218/2281/2303 2217/2277/2303 2280/2402/2303 2281/2341/2303
f 2192/2282/2304 2191/2279/2304 2254/2403/2304 2255/2343/2304
f 2310/2348/2305 2309/2345/2305 2372/2404/2305 2373/2405/2305
f 2284/2349/2306 2283/2346/2306 2346/2406/2306 2347/2407/2306
f 2258/2350/2307 2257/2347/2307 2320/2408/2307 2321/2409/2307
f 2311/2351/2308 2310/2348/2308 2373/2405/2308 2374/2410/2308
f 2285/2352/2309 2284/2349/2309 2347/2407/2309 2348/2411/2309
f 2259/2353/2310 2258/2350/2310 2321/2409/2310 2322/2412/2310
f 43/2413/2311 2311/2351/2311 2374/2410/2311
f 2286/2355/2312 2285/2352/2312 2348/2411/2312 2349/2414/2312
f 2260/2356/2313 2259/2353/2313 2322/2412/2313 2323/2415/2313
f 2287/2357/2314 2286/2355/2314 2349/2414/2314 2350/2416/2314
f 2261/2358/2315 2260/2356/2315 2323/2415/2315 2324/2417/2315
f 2288/2359/2316 2287/2357/2316 2350/2416/2316 2351/2418/2316
f 2262/2360/2317 2261/2358/2317 2324/2417/2317 2325/2419/2317
f 2289/2361/2318 2288/2359/2318 2351/2418/2318 2352/2420/2318
f 2263/2362/2319 2262/2360/2319 2325/2419/2319 2326/2421/2319
f 2290/2363/2320 2289/2361/2320 2352/2420/2320 2353/2422/2320
f 2264/2364/2321 2263/2362/2321 2326/2421/2321 2327/2423/2321
f 2291/2365/2322 2290/2363/2322 2353/2422/2322 2354/2424/2322
f 2265/2366/2323 2264/2364/2323 2327/2423/2323 2328/2425/2323
f 2292/2367/2324 2291/2365/2324 2354/2424/2324 2355/2426/2324
f 2266/2368/2325 2265/2366/2325 2328/2425/2325 2329/2427/2325
f 2293/2369/2326 2292/2367/2326 2355/2426/2326 2356/2428/2326
f 2267/2370/2327 2266/2368/2327 2329/2427/2327 2330/2429/2327
f 2294/2371/2328 2293/2369/2328 2356/2428/2328 2357/2430/2328
f 2268/2372/2329 2267/2370/2329 2330/2429/2329 2331/2431/2329
f 2295/2373/2330 2294/2371/2330 2357/2430/2330 2358/2432/2330
f 2269/2374/2331 2268/2372/2331 2331/2431/2331 2332/2433/2331
f 2296/2375/2332 2295/2373/2332 2358/2432/2332 2359/2434/2332
f 2270/2376/2333 2269/2374/2333 2332/2433/2333 2333/2435/2333
f 2297/2377/2334 2296/2375/2334 2359/2434/2334 2360/2436/2334
f 2271/2378/2335 2270/2376/2335 2333/2435/2335 2334/2437/2335
f 2298/2379/2336 2297/2377/2336 2360/2436/2336 2361/2438/2336
f 2272/2380/2337 2271/2378/2337 2334/2437/2337 2335/2439/2337
f 2299/2381/2338 2298/2379/2338 2361/2438/2338 2362/2440/2338
f 2273/2382/2339 2272/2380/2339 2335/2439/2339 2336/2441/2339
f 2300/2383/2340 2299/2381/2340 2362/2440/2340 2363/2442/2340
f 2274/2384/2341 2273/2382/2341 2336/2441/2341 2337/2443/2341
f 2301/2385/2342 2300/2383/2342 2363/2442/2342 2364/2444/2342
f 2275/2386/2343 2274/2384/2343 2337/2443/2343 2338/2445/2343
f 2249/2388/2344 1/2446/2344 2312/2447/2344
f 2302/2389/2345 2301/2385/2345 2364/2444/2345 2365/2448/2345
f 2276/2390/2346 2275/2386/2346 2338/2445/2346 2339/2449/2346
f 2250/2391/2347 2249/2388/2347 2312/2447/2347 2313/2450/2347
f 2303/2392/2348 2302/2389/2348 2365/2448/2348 2366/2451/2348
f 2277/2393/2349 2276/2390/2349 2339/2449/2349 2340/2452/2349
f 2251/2394/2350 2250/2391/2350 2313/2450/2350 2314/2453/2350
f 2304/2395/2351 2303/2392/2351 2366/2451/2351 2367/2454/2351
f 2278/2396/2352 2277/2393/2352 2340/2452/2352 2341/2455/2352
f 2252/2397/2353 2251/2394/2353 2314/2453/2353 2315/2456/2353
f 2305/2398/2354 2304/2395/2354 2367/2454/2354 2368/2457/2354
f 2279/2399/2355 2278/2396/2355 2341/2455/2355 2342/2458/2355
f 2253/2400/2356 2252/2397/2356 2315/2456/2356 2316/2459/2356
f 2306/2401/2357 2305/2398/2357 2368/2457/2357 2369/2460/2357
f 2280/2402/2358 2279/2399/2358 2342/2458/2358 2343/2461/2358
f 2254/2403/2359 2253/2400/2359 2316/2459/2359 2317/2462/2359
f 2307/2339/2360 2306/2401/2360 2369/2460/2360 2370/2463/2360
f 2281/2341/2361 2280/2402/2361 2343/2461/2361 2344/2464/2361
f 2255/2343/2362 2254/2403/2362 2317/2462/2362 2318/2465/2362
f 2308/2340/2363 2307/2339/2363 2370/2463/2363 2371/2466/2363
f 2282/2342/2364 2281/2341/2364 2344/2464/2364 2345/2467/2364
f 2256/2344/2365 2255/2343/2365 2318/2465/2365 2319/2468/2365
f 2309/2345/2366 2308/2340/2366 2371/2466/2366 2372/2404/2366
f 2283/2346/2367 2282/2342/2367 2345/2467/2367 2346/2406/2367
f 2257/2347/2368 2256/2344/2368 2319/2468/2368 2320/2408/2368
f 43/2469/2369 2374/2410/2369 2437/2470/2369
f 2349/2414/2370 2348/2411/2370 2411/2471/2370 2412/2472/2370
f 2323/2415/2371 2322/2412/2371 2385/2473/2371 2386/2474/2371
f 2350/2416/2372 2349/2414/2372 2412/2472/2372 2413/2475/2372
f 2324/2417/2373 2323/2415/2373 2386/2474/2373 2387/2476/2373
f 2351/2418/2374 2350/2416/2374 2413/2475/2374 2414/2477/2374
f 2325/2419/2375 2324/2417/2375 2387/2476/2375 2388/2478/2375
f 2352/2420/2376 2351/2418/2376 2414/2477/2376 2415/2479/2376
f 2326/2421/2377 2325/2419/2377 2388/2478/2377 2389/2480/2377
f 2353/2422/2378 2352/2420/2378 2415/2479/2378 2416/2481/2378
f 2327/2423/2379 2326/2421/2379 2389/2480/2379 2390/2482/2379
f 2354/2424/2380 2353/2422/2380 2416/2481/2380 2417/2483/2380
f 2328/2425/2381 2327/2423/2381 2390/2482/2381 2391/2484/2381
f 2355/2426/2382 2354/2424/2382 2417/2483/2382 2418/2485/2382
f 2329/2427/2383 2328/2425/2383 2391/2484/2383 2392/2486/2383
f 2356/2428/2384 2355/2426/2384 2418/2485/2384 2419/2487/2384
f 2330/2429/2385 2329/2427/2385 2392/2486/2385 2393/2488/2385
f 2357/2430/2386 2356/2428/2386 2419/2487/2386 2420/2489/2386
f 2331/2431/2387 2330/2429/2387 2393/2488/2387 2394/2490/2387
f 2358/2432/2388 2357/2430/2388 2420/2489/2388 2421/2491/2388
f 2332/2433/2389 2331/2431/2389 2394/2490/2389 2395/2492/2389
f 2359/2434/2390 2358/2432/2390 2421/2491/2390 2422/2493/2390
f 2333/2435/2391 2332/2433/2391 2395/2492/2391 2396/2494/2391
f 2360/2436/2392 2359/2434/2392 2422/2493/2392 2423/2495/2392
f 2334/2437/2393 2333/2435/2393 2396/2494/2393 2397/2496/2393
f 2361/2438/2394 2360/2436/2394 2423/2495/2394 2424/2497/2394
f 2335/2439/2395 2334/2437/2395 2397/2496/2395 2398/2498/2395
f 2362/2440/2396 2361/2438/2396 2424/2497/2396 2425/2499/2396
f 2336/2441/2397 2335/2439/2397 2398/2498/2397 2399/2500/2397
f 2363/2442/2398 2362/2440/2398 2425/2499/2398 2426/2501/2398
f 2337/2443/2399 2336/2441/2399 2399/2500/2399 2400/2502/2399
f 2364/2444/2400 2363/2442/2400 2426/2501/2400 2427/2503/2400
f 2338/2445/2401 2337/2443/2401 2400/2502/2401 2401/2504/2401
f 2312/2447/2402 1/2505/2402 2375/2506/2402
f 2365/2448/2403 2364/2444/2403 2427/2503/2403 2428/2507/2403
f 2339/2449/2404 2338/2445/2404 2401/2504/2404 2402/2508/2404
f 2313/2450/2405 2312/2447/2405 2375/2506/2405 2376/2509/2405
f 2366/2451/2406 2365/2448/2406 2428/2507/2406 2429/2510/2406
f 2340/2452/2407 2339/2449/2407 2402/2508/2407 2403/2511/2407
f 2314/2453/2408 2313/2450/2408 2376/2509/2408 2377/2512/2408
f 2367/2454/2409 2366/2451/2409 2429/2510/2409 2430/2513/2409
f 2341/2455/2410 2340/2452/2410 2403/2511/2410 2404/2514/2410
f 2315/2456/2411 2314/2453/2411 2377/2512/2411 2378/2515/2411
f 2368/2457/2412 2367/2454/2412 2430/2513/2412 2431/2516/2412
f 2342/2458/2413 2341/2455/2413 2404/2514/2413 2405/2517/2413
f 2316/2459/2414 2315/2456/2414 2378/2515/2414 2379/2518/2414
f 2369/2460/2415 2368/2457/2415 2431/2516/2415 2432/2519/2415
f 2343/2461/2416 2342/2458/2416 2405/2517/2416 2406/2520/2416
f 2317/2462/2417 2316/2459/2417 2379/2518/2417 2380/2521/2417
f 2370/2463/2418 2369/2460/2418 2432/2519/2418 2433/2522/2418
f 2344/2464/2419 2343/2461/2419 2406/2520/2419 2407/2523/2419
f 2318/2465/2420 2317/2462/2420 2380/2521/2420 2381/2524/2420
f 2371/2466/2421 2370/2463/2421 2433/2522/2421 2434/2525/2421
f 2345/2467/2422 2344/2464/2422 2407/2523/2422 2408/2526/2422
f 2319/2468/2423 2318/2465/2423 2381/2524/2423 2382/2527/2423
f 2372/2404/2424 2371/2466/2424 2434/2525/2424 2435/2528/2424
f 2346/2406/2425 2345/2467/2425 2408/2526/2425 2409/2529/2425
f 2320/2408/2426 2319/2468/2426 2382/2527/2426 2383/2530/2426
f 2373/2405/2427 2372/2404/2427 2435/2528/2427 2436/2531/2427
f 2347/2407/2428 2346/2406/2428 2409/2529/2428 2410/2532/2428
f 2321/2409/2429 2320/2408/2429 2383/2530/2429 2384/2533/2429
f 2374/2410/2430 2373/2405/2430 2436/2531/2430 2437/2470/2430
f 2348/2411/2431 2347/2407/2431 2410/2532/2431 2411/2471/2431
f 2322/2412/2432 2321/2409/2432 2384/2533/2432 2385/2473/2432
f 2414/2477/2433 2413/2475/2433 2476/2534/2433 2477/2535/2433
f 2388/2478/2434 2387/2476/2434 2450/2536/2434 2451/2537/2434
f 2415/2479/2435 2414/2477/2435 2477/2535/2435 2478/2538/2435
f 2389/2480/2436 2388/2478/2436 2451/2537/2436 2452/2539/2436
f 2416/2481/2437 2415/2479/2437 2478/2538/2437 2479/2540/2437
f 2390/2482/2438 2389/2480/2438 2452/2539/2438 2453/2541/2438
f 2417/2483/2439 2416/2481/2439 2479/2540/2439 2480/2542/2439
f 2391/2484/2440 2390/2482/2440 2453/2541/2440 2454/2543/2440
f 2418/2485/2441 2417/2483/2441 2480/2542/2441 2481/2544/2441
f 2392/2486/2442 2391/2484/2442 2454/2543/2442 2455/2545/2442
f 2419/2487/2443 2418/2485/2443 2481/2544/2443 2482/2546/2443
f 2393/2488/2444 2392/2486/2444 2455/2545/2444 2456/2547/2444
f 2420/2489/2445 2419/2487/2445 2482/2546/2445 2483/2548/2445
f 2394/2490/2446 2393/2488/2446 2456/2547/2446 2457/2549/2446
f 2421/2491/2447 2420/2489/2447 2483/2548/2447 2484/2550/2447
f 2395/2492/2448 2394/2490/2448 2457/2549/2448 2458/2551/2448
f 2422/2493/2449 2421/2491/2449 2484/2550/2449 2485/2552/2449
f 2396/2494/2450 2395/2492/2450 2458/2551/2450 2459/2553/2450
f 2423/2495/2451 2422/2493/2451 2485/2552/2451 2486/2554/2451
f 2397/2496/2452 2396/2494/2452 2459/2553/2452 2460/2555/2452
f 2424/2497/2453 2423/2495/2453 2486/2554/2453 2487/2556/2453
f 2398/2498/2454 2397/2496/2454 2460/2555/2454 2461/2557/2454
f 2425/2499/2455 2424/2497/2455 2487/2556/2455 2488/2558/2455
f 2399/2500/2456 2398/2498/2456 2461/2557/2456 2462/2559/2456
f 2426/2501/2457 2425/2499/2457 2488/2558/2457 2489/2560/2457
f 2400/2502/2458 2399/2500/2458 2462/2559/2458 2463/2561/2458
f 2427/2503/2459 2426/2501/2459 2489/2560/2459 2490/2562/2459
f 2401/2504/2460 2400/2502/2460 2463/2561/2460 2464/2563/2460
f 2375/2506/2461 1/2564/2461 2438/2565/2461
f 2428/2507/2462 2427/2503/2462 2490/2562/2462 2491/2566/2462
f 2402/2508/2463 2401/2504/2463 2464/2563/2463 2465/2567/2463
f 2376/2509/2464 2375/2506/2464 2438/2565/2464 2439/2568/2464
f 2429/2510/2465 2428/2507/2465 2491/2566/2465 2492/2569/2465
f 2403/2511/2466 2402/2508/2466 2465/2567/2466 2466/2570/2466
f 2377/2512/2467 2376/2509/2467 2439/2568/2467 2440/2571/2467
f 2430/2513/2468 2429/2510/2468 2492/2569/2468 2493/2572/2468
f 2404/2514/2469 2403/2511/2469 2466/2570/2469 2467/2573/2469
f 2378/2515/2470 2377/2512/2470 2440/2571/2470 2441/2574/2470
f 2431/2516/2471 2430/2513/2471 2493/2572/2471 2494/2575/2471
f 2405/2517/2472 2404/2514/2472 2467/2573/2472 2468/2576/2472
f 2379/2518/2473 2378/2515/2473 2441/2574/2473 2442/2577/2473
f 2432/2519/2474 2431/2516/2474 2494/2575/2474 2495/2578/2474
f 2406/2520/2475 2405/2517/2475 2468/2576/2475 2469/2579/2475
f 2380/2521/2476 2379/2518/2476 2442/2577/2476 2443/2580/2476
f 2433/2522/2477 2432/2519/2477 2495/2578/2477 2496/2581/2477
f 2407/2523/2478 2406/2520/2478 2469/2579/2478 2470/2582/2478
f 2381/2524/2479 2380/2521/2479 2443/2580/2479 2444/2583/2479
f 2434/2525/2480 2433/2522/2480 2496/2581/2480 2497/2584/2480
f 2408/2526/2481 2407/2523/2481 2470/2582/2481 2471/2585/2481
f 2382/2527/2482 2381/2524/2482 2444/2583/2482 2445/2586/2482
f 2435/2528/2483 2434/2525/2483 2497/2584/2483 2498/2587/2483
f 2409/2529/2484 2408/2526/2484 2471/2585/2484 2472/2588/2484
f 2383/2530/2485 2382/2527/2485 2445/2586/2485 2446/2589/2485
f 2436/2531/2486 2435/2528/2486 2498/2587/2486 2499/2590/2486
f 2410/2532/2487 2409/2529/2487 2472/2588/2487 2473/2591/2487
f 2384/2533/2488 2383/2530/2488 2446/2589/2488 2447/2592/2488
f 2437/2470/2489 2436/2531/2489 2499/2590/2489 2500/2593/2489
f 2411/2471/2490 2410/2532/2490 2473/2591/2490 2474/2594/2490
f 2385/2473/2491 2384/2533/2491 2447/2592/2491 2448/2595/2491
f 43/2596/2492 2437/2470/2492 2500/2593/2492
f 2412/2472/2493 2411/2471/2493 2474/2594/2493 2475/2597/2493
f 2386/2474/2494 2385/2473/2494 2448/2595/2494 2449/2598/2494
f 2413/2475/2495 2412/2472/2495 2475/2597/2495 2476/2534/2495
f 2387/2476/2496 2386/2474/2496 2449/2598/2496 2450/2536/2496
f 43/2599/2497 2500/2593/2497 2563/2600/2497
f 2475/2597/2498 2474/2594/2498 2537/2601/2498 2538/2602/2498
f 2449/2598/2499 2448/2595/2499 2511/2603/2499 2512/2604/2499
f 2476/2534/2500 2475/2597/2500 2538/2602/2500 2539/2605/2500
f 2450/2536/2501 2449/2598/2501 2512/2604/2501 2513/2606/2501
f 2477/2535/2502 2476/2534/2502 2539/2605/2502 2540/2607/2502
f 2451/2537/2503 2450/2536/2503 2513/2606/2503 2514/2608/2503
f 2478/2538/2504 2477/2535/2504 2540/2607/2504 2541/2609/2504
f 2452/2539/2505 2451/2537/2505 2514/2608/2505 2515/2610/2505
f 2479/2540/2506 2478/2538/2506 2541/2609/2506 2542/2611/2506
f 2453/2541/2507 2452/2539/2507 2515/2610/2507 2516/2612/2507
f 2480/2542/2508 2479/2540/2508 2542/2611/2508 2543/2613/2508
f 2454/2543/2509 2453/2541/2509 2516/2612/2509 2517/2614/2509
f 2481/2544/2510 2480/2542/2510 2543/2613/2510 2544/2615/2510
f 2455/2545/2511 2454/2543/2511 2517/2614/2511 2518/2616/2511
f 2482/2546/2512 2481/2544/2512 2544/2615/2512 2545/2617/2512
f 2456/2547/2513 2455/2545/2513 2518/2616/2513 2519/2618/2513
f 2483/2548/2514 2482/2546/2514 2545/2617/2514 2546/2619/2514
f 2457/2549/2515 2456/2547/2515 2519/2618/2515 2520/2620/2515
f 2484/2550/2516 2483/2548/2516 2546/2619/2516 2547/2621/2516
f 2458/2551/2517 2457/2549/2517 2520/2620/2517 2521/2622/2517
f 2485/2552/2518 2484/2550/2518 2547/2621/2518 2548/2623/2518
f 2459/2553/2519 2458/2551/2519 2521/2622/2519 2522/2624/2519
f 2486/2554/2520 2485/2552/2520 2548/2623/2520 2549/2625/2520
f 2460/2555/2521 2459/2553/2521 2522/2624/2521 2523/2626/2521
f 2487/2556/2522 2486/2554/2522 2549/2625/2522 2550/2627/2522
f 2461/2557/2523 2460/2555/2523 2523/2626/2523 2524/2628/2523
f 2488/2558/2524 2487/2556/2524 2550/2627/2524 2551/2629/2524
f 2462/2559/2525 2461/2557/2525 2524/2628/2525 2525/2630/2525
f 2489/2560/2526 2488/2558/2526 2551/2629/2526 2552/2631/2526
f 2463/2561/2527 2462/2559/2527 2525/2630/2527 2526/2632/2527
f 2490/2562/2528 2489/2560/2528 2552/2631/2528 2553/2633/2528
f 2464/2563/2529 2463/2561/2529 2526/2632/2529 2527/2634/2529
f 2438/2565/2530 1/2635/2530 2501/2636/2530
f 2491/2566/2531 2490/2562/2531 2553/2633/2531 2554/2637/2531
f 2465/2567/2532 2464/2563/2532 2527/2634/2532 2528/2638/2532
f 2439/2568/2533 2438/2565/2533 2501/2636/2533 2502/2639/2533
f 2492/2569/2534 2491/2566/2534 2554/2637/2534 2555/2640/2534
f 2466/2570/2535 2465/2567/2535 2528/2638/2535 2529/2641/2535
f 2440/2571/2536 2439/2568/2536 2502/2639/2536 2503/2642/2536
f 2493/2572/2537 2492/2569/2537 2555/2640/2537 2556/2643/2537
f 2467/2573/2538 2466/2570/2538 2529/2641/2538 2530/2644/2538
f 2441/2574/2539 2440/2571/2539 2503/2642/2539 2504/2645/2539
f 2494/2575/2540 2493/2572/2540 2556/2643/2540 2557/2646/2540
f 2468/2576/2541 2467/2573/2541 2530/2644/2541 2531/2647/2541
f 2442/2577/2542 2441/2574/2542 2504/2645/2542 2505/2648/2542
f 2495/2578/2543 2494/2575/2543 2557/2646/2543 2558/2649/2543
f 2469/2579/2544 2468/2576/2544 2531/2647/2544 2532/2650/2544
f 2443/2580/2545 2442/2577/2545 2505/2648/2545 2506/2651/2545
f 2496/2581/2546 2495/2578/2546 2558/2649/2546 2559/2652/2546
f 2470/2582/2547 2469/2579/2547 2532/2650/2547 2533/2653/2547
f 2444/2583/2548 2443/2580/2548 2506/2651/2548 2507/2654/2548
f 2497/2584/2549 2496/2581/2549 2559/2652/2549 2560/2655/2549
f 2471/2585/2550 2470/2582/2550 2533/2653/2550 2534/2656/2550
f 2445/2586/2551 2444/2583/2551 2507/2654/2551 2508/2657/2551
f 2498/2587/2552 2497/2584/2552 2560/2655/2552 2561/2658/2552
f 2472/2588/2553 2471/2585/2553 2534/2656/2553 2535/2659/2553
f 2446/2589/2554 2445/2586/2554 2508/2657/2554 2509/2660/2554
f 2499/2590/2555 2498/2587/2555 2561/2658/2555 2562/2661/2555
f 2473/2591/2556 2472/2588/2556 2535/2659/2556 2536/2662/2556
f 2447/2592/2557 2446/2589/2557 2509/2660/2557 2510/2663/2557
f 2500/2593/2558 2499/2590/2558 2562/2661/2558 2563/2600/2558
f 2474/2594/2559 2473/2591/2559 2536/2662/2559 2537/2601/2559
f 2448/2595/2560 2447/2592/2560 2510/2663/2560 2511/2603/2560
f 2540/2607/2561 2539/2605/2561 2602/2664/2561 2603/2665/2561
f 2514/2608/2562 2513/2606/2562 2576/2666/2562 2577/2667/2562
f 2541/2609/2563 2540/2607/2563 2603/2665/2563 2604/2668/2563
f 2515/2610/2564 2514/2608/2564 2577/2667/2564 2578/2669/2564
f 2542/2611/2565 2541/2609/2565 2604/2668/2565 2605/2670/2565
f 2516/2612/2566 2515/2610/2566 2578/2669/2566 2579/2671/2566
f 2543/2613/2567 2542/2611/2567 2605/2670/2567 2606/2672/2567
f 2517/2614/2568 2516/2612/2568 2579/2671/2568 2580/2673/2568
f 2544/2615/2569 2543/2613/2569 2606/2672/2569 2607/2674/2569
f 2518/2616/2570 2517/2614/2570 2580/2673/2570 2581/2675/2570
f 2545/2617/2571 2544/2615/2571 2607/2674/2571 2608/2676/2571
f 2519/2618/2572 2518/2616/2572 2581/2675/2572 2582/2677/2572
f 2546/2619/2573 2545/2617/2573 2608/2676/2573 2609/2678/2573
f 2520/2620/2574 2519/2618/2574 2582/2677/2574 2583/2679/2574
f 2547/2621/2575 2546/2619/2575 2609/2678/2575 2610/2680/2575
f 2521/2622/2576 2520/2620/2576 2583/2679/2576 2584/2681/2576
f 2548/2623/2577 2547/2621/2577 2610/2680/2577 2611/2682/2577
f 2522/2624/2578 2521/2622/2578 2584/2681/2578 2585/2683/2578
f 2549/2625/2579 2548/2623/2579 2611/2682/2579 2612/2684/2579
f 2523/2626/2580 2522/2624/2580 2585/2683/2580 2586/2685/2580
f 2550/2627/2581 2549/2625/2581 2612/2684/2581 2613/2686/2581
f 2524/2628/2582 2523/2626/2582 2586/2685/2582 2587/2687/2582
f 2551/2629/2583 2550/2627/2583 2613/2686/2583 2614/2688/2583
f 2525/2630/2584 2524/2628/2584 2587/2687/2584 2588/2689/2584
f 2552/2631/2585 2551/2629/2585 2614/2688/2585 2615/2690/2585
f 2526/2632/2586 2525/2630/2586 2588/2689/2586 2589/2691/2586
f 2553/2633/2587 2552/2631/2587 2615/2690/2587 2616/2692/2587
f 2527/2634/2588 2526/2632/2588 2589/2691/2588 2590/2693/2588
f 2501/2636/2589 1/2694/2589 2564/2695/2589
f 2554/2637/2590 2553/2633/2590 2616/2692/2590 2617/2696/2590
f 2528/2638/2591 2527/2634/2591 2590/2693/2591 2591/2697/2591
f 2502/2639/2592 2501/2636/2592 2564/2695/2592 2565/2698/2592
f 2555/2640/2593 2554/2637/2593 2617/2696/2593 2618/2699/2593
f 2529/2641/2594 2528/2638/2594 2591/2697/2594 2592/2700/2594
f 2503/2642/2595 2502/2639/2595 2565/2698/2595 2566/2701/2595
f 2556/2643/2596 2555/2640/2596 2618/2699/2596 2619/2702/2596
f 2530/2644/2597 2529/2641/2597 2592/2700/2597 2593/2703/2597
f 2504/2645/2598 2503/2642/2598 2566/2701/2598 2567/2704/2598
f 2557/2646/2599 2556/2643/2599 2619/2702/2599 2620/2705/2599
f 2531/2647/2600 2530/2644/2600 2593/2703/2600 2594/2706/2600
f 2505/2648/2601 2504/2645/2601 2567/2704/2601 2568/2707/2601
f 2558/2649/2602 2557/2646/2602 2620/2705/2602 2621/2708/2602
f 2532/2650/2603 2531/2647/2603 2594/2706/2603 2595/2709/2603
f 2506/2651/2604 2505/2648/2604 2568/2707/2604 2569/2710/2604
f 2559/2652/2605 2558/2649/2605 2621/2708/2605 2622/2711/2605
f 2533/2653/2606 2532/2650/2606 2595/2709/2606 2596/2712/2606
f 2507/2654/2607 2506/2651/2607 2569/2710/2607 2570/2713/2607
f 2560/2655/2608 2559/2652/2608 2622/2711/2608 2623/2714/2608
f 2534/2656/2609 2533/2653/2609 2596/2712/2609 2597/2715/2609
f 2508/2657/2610 2507/2654/2610 2570/2713/2610 2571/2716/2610
f 2561/2658/2611 2560/2655/2611 2623/2714/2611 2624/2717/2611
f 2535/2659/2612 2534/2656/2612 2597/2715/2612 2598/2718/2612
f 2509/2660/2613 2508/2657/2613 2571/2716/2613 2572/2719/2613
f 2562/2661/2614 2561/2658/2614 2624/2717/2614 2625/2720/2614
f 2536/2662/2615 2535/2659/2615 2598/2718/2615 2599/2721/2615
f 2510/2663/2616 2509/2660/2616 2572/2719/2616 2573/2722/2616
f 2563/2600/2617 2562/2661/2617 2625/2720/2617 2626/2723/2617
f 2537/2601/2618 2536/2662/2618 2599/2721/2618 2600/2724/2618
f 2511/2603/2619 2510/2663/2619 2573/2722/2619 2574/2725/2619
f 43/2726/2620 2563/2600/2620 2626/2723/2620
f 2538/2602/2621 2537/2601/2621 2600/2724/2621 2601/2727/2621
f 2512/2604/2622 2511/2603/2622 2574/2725/2622 2575/2728/2622
f 2539/2605/2623 2538/2602/2623 2601/2727/2623 2602/2664/2623
f 2513/2606/2624 2512/2604/2624 2575/2728/2624 2576/2666/2624
f 2605/2670/2625 2604/2668/2625 2667/2729/2625 2668/2730/2625
f 2579/2671/2626 2578/2669/2626 2641/2731/2626 2642/2732/2626
f 2606/2672/2627 2605/2670/2627 2668/2730/2627 2669/2733/2627
f 2580/2673/2628 2579/2671/2628 2642/2732/2628 2643/2734/2628
f 2607/2674/2629 2606/2672/2629 2669/2733/2629 2670/2735/2629
f 2581/2675/2630 2580/2673/2630 2643/2734/2630 2644/2736/2630
f 2608/2676/2631 2607/2674/2631 2670/2735/2631 2671/2737/2631
f 2582/2677/2632 2581/2675/2632 2644/2736/2632 2645/2738/2632
f 2609/2678/2633 2608/2676/2633 2671/2737/2633 2672/2739/2633
f 2583/2679/2634 2582/2677/2634 2645/2738/2634 2646/2740/2634
f 2610/2680/2635 2609/2678/2635 2672/2739/2635 2673/2741/2635
f 2584/2681/2636 2583/2679/2636 2646/2740/2636 2647/2742/2636
f 2611/2682/2637 2610/2680/2637 2673/2741/2637 2674/2743/2637
f 2585/2683/2638 2584/2681/2638 2647/2742/2638 2648/2744/2638
f 2612/2684/2639 2611/2682/2639 2674/2743/2639 2675/2745/2639
f 2586/2685/2640 2585/2683/2640 2648/2744/2640 2649/2746/2640
f 2613/2686/2641 2612/2684/2641 2675/2745/2641 2676/2747/2641
f 2587/2687/2642 2586/2685/2642 2649/2746/2642 2650/2748/2642
f 2614/2688/2643 2613/2686/2643 2676/2747/2643 2677/2749/2643
f 2588/2689/2644 2587/2687/2644 2650/2748/2644 2651/2750/2644
f 2615/2690/2645 2614/2688/2645 2677/2749/2645 2678/2751/2645
f 2589/2691/2646 2588/2689/2646 2651/2750/2646 2652/2752/2646
f 2616/2692/2647 2615/2690/2647 2678/2751/2647 2679/2753/2647
f 2590/2693/2648 2589/2691/2648 2652/2752/2648 2653/2754/2648
f 2564/2695/2649 1/2755/2649 2627/2756/2649
f 2617/2696/2650 2616/2692/2650 2679/2753/2650 2680/2757/2650
f 2591/2697/2651 2590/2693/2651 2653/2754/2651 2654/2758/2651
f 2565/2698/2652 2564/2695/2652 2627/2756/2652 2628/2759/2652
f 2618/2699/2653 2617/2696/2653 2680/2757/2653 2681/2760/2653
f 2592/2700/2654 2591/2697/2654 2654/2758/2654 2655/2761/2654
f 2566/2701/2655 2565/2698/2655 2628/2759/2655 2629/2762/2655
f 2619/2702/2656 2618/2699/2656 2681/2760/2656 2682/2763/2656
f 2593/2703/2657 2592/2700/2657 2655/2761/2657 2656/2764/2657
f 2567/2704/2658 2566/2701/2658 2629/2762/2658 2630/2765/2658
f 2620/2705/2659 2619/2702/2659 2682/2763/2659 2683/2766/2659
f 2594/2706/2660 2593/2703/2660 2656/2764/2660 2657/2767/2660
f 2568/2707/2661 2567/2704/2661 2630/2765/2661 2631/2768/2661
f 2621/2708/2662 2620/2705/2662 2683/2766/2662 2684/2769/2662
f 2595/2709/2663 2594/2706/2663 2657/2767/2663 2658/2770/2663
f 2569/2710/2664 2568/2707/2664 2631/2768/2664 2632/2771/2664
f 2622/2711/2665 2621/2708/2665 2684/2769/2665 2685/2772/2665
f 2596/2712/2666 2595/2709/2666 2658/2770/2666 2659/2773/2666
f 2570/2713/2667 2569/2710/2667 2632/2771/2667 2633/2774/2667
f 2623/2714/2668 2622/2711/2668 2685/2772/2668 2686/2775/2668
f 2597/2715/2669 2596/2712/2669 2659/2773/2669 2660/2776/2669
f 2571/2716/2670 2570/2713/2670 2633/2774/2670 2634/2777/2670
f 2624/2717/2671 2623/2714/2671 2686/2775/2671 2687/2778/2671
f 2598/2718/2672 2597/2715/2672 2660/2776/2672 2661/2779/2672
f 2572/2719/2673 2571/2716/2673 2634/2777/2673 2635/2780/2673
f 2625/2720/2674 2624/2717/2674 2687/2778/2674 2688/2781/2674
f 2599/2721/2675 2598/2718/2675 2661/2779/2675 2662/2782/2675
f 2573/2722/2676 2572/2719/2676 2635/2780/2676 2636/2783/2676
f 2626/2723/2677 2625/2720/2677 2688/2781/2677 2689/2784/2677
f 2600/2724/2678 2599/2721/2678 2662/2782/2678 2663/2785/2678
f 2574/2725/2679 2573/2722/2679 2636/2783/2679 2637/2786/2679
f 43/2787/2680 2626/2723/2680 2689/2784/2680
f 2601/2727/2681 2600/2724/2681 2663/2785/2681 2664/2788/2681
f 2575/2728/2682 2574/2725/2682 2637/2786/2682 2638/2789/2682
f 2602/2664/2683 2601/2727/2683 2664/2788/2683 2665/2790/2683
f 2576/2666/2684 2575/2728/2684 2638/2789/2684 2639/2791/2684
f 2603/2665/2685 2602/2664/2685 2665/2790/2685 2666/2792/2685
f 2577/2667/2686 2576/2666/2686 2639/2791/2686 2640/2793/2686
f 2604/2668/2687 2603/2665/2687 2666/2792/2687 2667/2729/2687
f 2578/2669/2688 2577/2667/2688 2640/2793/2688 2641/2731/2688
f 2670/2735/2689 2669/2733/2689 2732/2794/2689 2733/2795/2689
f 2644/2736/2690 2643/2734/2690 2706/2796/2690 2707/2797/2690
f 2671/2737/2691 2670/2735/2691 2733/2795/2691 2734/2798/2691
f 2645/2738/2692 2644/2736/2692 2707/2797/2692 2708/2799/2692
f 2672/2739/2693 2671/2737/2693 2734/2798/2693 2735/2800/2693
f 2646/2740/2694 2645/2738/2694 2708/2799/2694 2709/2801/2694
f 2673/2741/2695 2672/2739/2695 2735/2800/2695 2736/2802/2695
f 2647/2742/2696 2646/2740/2696 2709/2801/2696 2710/2803/2696
f 2674/2743/2697 2673/2741/2697 2736/2802/2697 2737/2804/2697
f 2648/2744/2698 2647/2742/2698 2710/2803/2698 2711/2805/2698
f 2675/2745/2699 2674/2743/2699 2737/2804/2699 2738/2806/2699
f 2649/2746/2700 2648/2744/2700 2711/2805/2700 2712/2807/2700
f 2676/2747/2701 2675/2745/2701 2738/2806/2701 2739/2808/2701
f 2650/2748/2702 2649/2746/2702 2712/2807/2702 2713/2809/2702
f 2677/2749/2703 2676/2747/2703 2739/2808/2703 2740/2810/2703
f 2651/2750/2704 2650/2748/2704 2713/2809/2704 2714/2811/2704
f 2678/2751/2705 2677/2749/2705 2740/2810/2705 2741/2812/2705
f 2652/2752/2706 2651/2750/2706 2714/2811/2706 2715/2813/2706
f 2679/2753/2707 2678/2751/2707 2741/2812/2707 2742/2814/2707
f 2653/2754/2708 2652/2752/2708 2715/2813/2708 2716/2815/2708
f 2627/2756/2709 1/2816/2709 2690/2817/2709
f 2680/2757/2710 2679/2753/2710 2742/2814/2710 2743/2818/2710
f 2654/2758/2711 2653/2754/2711 2716/2815/2711 2717/2819/2711
f 2628/2759/2712 2627/2756/2712 2690/2817/2712 2691/2820/2712
f 2681/2760/2713 2680/2757/2713 2743/2818/2713 2744/2821/2713
f 2655/2761/2714 2654/2758/2714 2717/2819/2714 2718/2822/2714
f 2629/2762/2715 2628/2759/2715 2691/2820/2715 2692/2823/2715
f 2682/2763/2716 2681/2760/2716 2744/2821/2716 2745/2824/2716
f 2656/2764/2717 2655/2761/2717 2718/2822/2717 2719/2825/2717
f 2630/2765/2718 2629/2762/2718 2692/2823/2718 2693/2826/2718
f 2683/2766/2719 2682/2763/2719 2745/2824/2719 2746/2827/2719
f 2657/2767/2720 2656/2764/2720 2719/2825/2720 2720/2828/2720
f 2631/2768/2721 2630/2765/2721 2693/2826/2721 2694/2829/2721
f 2684/2769/2722 2683/2766/2722 2746/2827/2722 2747/2830/2722
f 2658/2770/2723 2657/2767/2723 2720/2828/2723 2721/2831/2723
f 2632/2771/2724 2631/2768/2724 2694/2829/2724 2695/2832/2724
f 2685/2772/2725 2684/2769/2725 2747/2830/2725 2748/2833/2725
f 2659/2773/2726 2658/2770/2726 2721/2831/2726 2722/2834/2726
f 2633/2774/2727 2632/2771/2727 2695/2832/2727 2696/2835/2727
f 2686/2775/2728 2685/2772/2728 2748/2833/2728 2749/2836/2728
f 2660/2776/2729 2659/2773/2729 2722/2834/2729 2723/2837/2729
f 2634/2777/2730 2633/2774/2730 2696/2835/2730 2697/2838/2730
f 2687/2778/2731 2686/2775/2731 2749/2836/2731 2750/2839/2731
f 2661/2779/2732 2660/2776/2732 2723/2837/2732 2724/2840/2732
f 2635/2780/2733 2634/2777/2733 2697/2838/2733 2698/2841/2733
f 2688/2781/2734 2687/2778/2734 2750/2839/2734 2751/2842/2734
f 2662/2782/2735 2661/2779/2735 2724/2840/2735 2725/2843/2735
f 2636/2783/2736 2635/2780/2736 2698/2841/2736 2699/2844/2736
f 2689/2784/2737 2688/2781/2737 2751/2842/2737 2752/2845/2737
f 2663/2785/2738 2662/2782/2738 2725/2843/2738 2726/2846/2738
f 2637/2786/2739 2636/2783/2739 2699/2844/2739 2700/2847/2739
f 43/2848/2740 2689/2784/2740 2752/2845/2740
f 2664/2788/2741 2663/2785/2741 2726/2846/2741 2727/2849/2741
f 2638/2789/2742 2637/2786/2742 2700/2847/2742 2701/2850/2742
f 2665/2790/2743 2664/2788/2743 2727/2849/2743 2728/2851/2743
f 2639/2791/2744 2638/2789/2744 2701/2850/2744 2702/2852/2744
f 2666/2792/2745 2665/2790/2745 2728/2851/2745 2729/2853/2745
f 2640/2793/2746 2639/2791/2746 2702/2852/2746 2703/2854/2746
f 2667/2729/2747 2666/2792/2747 2729/2853/2747 2730/2855/2747
f 2641/2731/2748 2640/2793/2748 2703/2854/2748 2704/2856/2748
f 2668/2730/2749 2667/2729/2749 2730/2855/2749 2731/2857/2749
f 2642/2732/2750 2641/2731/2750 2704/2856/2750 2705/2858/2750
f 2669/2733/2751 2668/2730/2751 2731/2857/2751 2732/2794/2751
f 2643/2734/2752 2642/2732/2752 2705/2858/2752 2706/2796/2752
f 2735/2800/2753 2734/2798/2753 2797/2859/2753 2798/2860/2753
f 2709/2801/2754 2708/2799/2754 2771/2861/2754 2772/2862/2754
f 2736/2802/2755 2735/2800/2755 2798/2860/2755 2799/2863/2755
f 2710/2803/2756 2709/2801/2756 2772/2862/2756 2773/2864/2756
f 2737/2804/2757 2736/2802/2757 2799/2863/2757 2800/2865/2757
f 2711/2805/2758 2710/2803/2758 2773/2864/2758 2774/2866/2758
f 2738/2806/2759 2737/2804/2759 2800/2865/2759 2801/2867/2759
f 2712/2807/2760 2711/2805/2760 2774/2866/2760 2775/2868/2760
f 2739/2808/2761 2738/2806/2761 2801/2867/2761 2802/2869/2761
f 2713/2809/2762 2712/2807/2762 2775/2868/2762 2776/2870/2762
f 2740/2810/2763 2739/2808/2763 2802/2869/2763 2803/2871/2763
f 2714/2811/2764 2713/2809/2764 2776/2870/2764 2777/2872/2764
f 2741/2812/2765 2740/2810/2765 2803/2871/2765 2804/2873/2765
f 2715/2813/2766 2714/2811/2766 2777/2872/2766 2778/2874/2766
f 2742/2814/2767 2741/2812/2767 2804/2873/2767 2805/2875/2767
f 2716/2815/2768 2715/2813/2768 2778/2874/2768 2779/2876/2768
f 2690/2817/2769 1/2877/2769 2753/2878/2769
f 2743/2818/2770 2742/2814/2770 2805/2875/2770 2806/2879/2770
f 2717/2819/2771 2716/2815/2771 2779/2876/2771 2780/2880/2771
f 2691/2820/2772 2690/2817/2772 2753/2878/2772 2754/2881/2772
f 2744/2821/2773 2743/2818/2773 2806/2879/2773 2807/2882/2773
f 2718/2822/2774 2717/2819/2774 2780/2880/2774 2781/2883/2774
f 2692/2823/2775 2691/2820/2775 2754/2881/2775 2755/2884/2775
f 2745/2824/2776 2744/2821/2776 2807/2882/2776 2808/2885/2776
f 2719/2825/2777 2718/2822/2777 2781/2883/2777 2782/2886/2777
f 2693/2826/2778 2692/2823/2778 2755/2884/2778 2756/2887/2778
f 2746/2827/2779 2745/2824/2779 2808/2885/2779 2809/2888/2779
f 2720/2828/2780 2719/2825/2780 2782/2886/2780 2783/2889/2780
f 2694/2829/2781 2693/2826/2781 2756/2887/2781 2757/2890/2781
f 2747/2830/2782 2746/2827/2782 2809/2888/2782 2810/2891/2782
f 2721/2831/2783 2720/2828/2783 2783/2889/2783 2784/2892/2783
f 2695/2832/2784 2694/2829/2784 2757/2890/2784 2758/2893/2784
f 2748/2833/2785 2747/2830/2785 2810/2891/2785 2811/2894/2785
f 2722/2834/2786 2721/2831/2786 2784/2892/2786 2785/2895/2786
f 2696/2835/2787 2695/2832/2787 2758/2893/2787 2759/2896/2787
f 2749/2836/2788 2748/2833/2788 2811/2894/2788 2812/2897/2788
f 2723/2837/2789 2722/2834/2789 2785/2895/2789 2786/2898/2789
f 2697/2838/2790 2696/2835/2790 2759/2896/2790 2760/2899/2790
f 2750/2839/2791 2749/2836/2791 2812/2897/2791 2813/2900/2791
f 2724/2840/2792 2723/2837/2792 2786/2898/2792 2787/2901/2792
f 2698/2841/2793 2697/2838/2793 2760/2899/2793 2761/2902/2793
f 2751/2842/2794 2750/2839/2794 2813/2900/2794 2814/2903/2794
f 2725/2843/2795 2724/2840/2795 2787/2901/2795 2788/2904/2795
f 2699/2844/2796 2698/2841/2796 2761/2902/2796 2762/2905/2796
f 2752/2845/2797 2751/2842/2797 2814/2903/2797 2815/2906/2797
f 2726/2846/2798 2725/2843/2798 2788/2904/2798 2789/2907/2798
f 2700/2847/2799 2699/2844/2799 2762/2905/2799 2763/2908/2799
f 43/2909/2800 2752/2845/2800 2815/2906/2800
f 2727/2849/2801 2726/2846/2801 2789/2907/2801 2790/2910/2801
f 2701/2850/2802 2700/2847/2802 2763/2908/2802 2764/2911/2802
f 2728/2851/2803 2727/2849/2803 2790/2910/2803 2791/2912/2803
f 2702/2852/2804 2701/2850/2804 2764/2911/2804 2765/2913/2804
f 2729/2853/2805 2728/2851/2805 2791/2912/2805 2792/2914/2805
f 2703/2854/2806 2702/2852/2806 2765/2913/2806 2766/2915/2806
f 2730/2855/2807 2729/2853/2807 2792/2914/2807 2793/2916/2807
f 2704/2856/2808 2703/2854/2808 2766/2915/2808 2767/2917/2808
f 2731/2857/2809 2730/2855/2809 2793/2916/2809 2794/2918/2809
f 2705/2858/2810 2704/2856/2810 2767/2917/2810 2768/2919/2810
f 2732/2794/2811 2731/2857/2811 2794/2918/2811 2795/2920/2811
f 2706/2796/2812 2705/2858/2812 2768/2919/2812 2769/2921/2812
f 2733/2795/2813 2732/2794/2813 2795/2920/2813 2796/2922/2813
f 2707/2797/2814 2706/2796/2814 2769/2921/2814 2770/2923/2814
f 2734/2798/2815 2733/2795/2815 2796/2922/2815 2797/2859/2815
f 2708/2799/2816 2707/2797/2816 2770/2923/2816 2771/2861/2816
f 2800/2865/2817 2799/2863/2817 2862/2924/2817 2863/2925/2817
f 2774/2866/2818 2773/2864/2818 2836/2926/2818 2837/2927/2818
f 2801/2867/2819 2800/2865/2819 2863/2925/2819 2864/2928/2819
f 2775/2868/2820 2774/2866/2820 2837/2927/2820 2838/2929/2820
f 2802/2869/2821 2801/2867/2821 2864/2928/2821 2865/2930/2821
f 2776/2870/2822 2775/2868/2822 2838/2929/2822 2839/2931/2822
f 2803/2871/2823 2802/2869/2823 2865/2930/2823 2866/2932/2823
f 2777/2872/2824 2776/2870/2824 2839/2931/2824 2840/2933/2824
f 2804/2873/2825 2803/2871/2825 2866/2932/2825 2867/2934/2825
f 2778/2874/2826 2777/2872/2826 2840/2933/2826 2841/2935/2826
f 2805/2875/2827 2804/2873/2827 2867/2934/2827 2868/2936/2827
f 2779/2876/2828 2778/2874/2828 2841/2935/2828 2842/2937/2828
f 2753/2878/2829 1/2938/2829 2816/2939/2829
f 2806/2879/2830 2805/2875/2830 2868/2936/2830 2869/2940/2830
f 2780/2880/2831 2779/2876/2831 2842/2937/2831 2843/2941/2831
f 2754/2881/2832 2753/2878/2832 2816/2939/2832 2817/2942/2832
f 2807/2882/2833 2806/2879/2833 2869/2940/2833 2870/2943/2833
f 2781/2883/2834 2780/2880/2834 2843/2941/2834 2844/2944/2834
f 2755/2884/2835 2754/2881/2835 2817/2942/2835 2818/2945/2835
f 2808/2885/2836 2807/2882/2836 2870/2943/2836 2871/2946/2836
f 2782/2886/2837 2781/2883/2837 2844/2944/2837 2845/2947/2837
f 2756/2887/2838 2755/2884/2838 2818/2945/2838 2819/2948/2838
f 2809/2888/2839 2808/2885/2839 2871/2946/2839 2872/2949/2839
f 2783/2889/2840 2782/2886/2840 2845/2947/2840 2846/2950/2840
f 2757/2890/2841 2756/2887/2841 2819/2948/2841 2820/2951/2841
f 2810/2891/2842 2809/2888/2842 2872/2949/2842 2873/2952/2842
f 2784/2892/2843 2783/2889/2843 2846/2950/2843 2847/2953/2843
f 2758/2893/2844 2757/2890/2844 2820/2951/2844 2821/2954/2844
f 2811/2894/2845 2810/2891/2845 2873/2952/2845 2874/2955/2845
f 2785/2895/2846 2784/2892/2846 2847/2953/2846 2848/2956/2846
f 2759/2896/2847 2758/2893/2847 2821/2954/2847 2822/2957/2847
f 2812/2897/2848 2811/2894/2848 2874/2955/2848 2875/2958/2848
f 2786/2898/2849 2785/2895/2849 2848/2956/2849 2849/2959/2849
f 2760/2899/2850 2759/2896/2850 2822/2957/2850 2823/2960/2850
f 2813/2900/2851 2812/2897/2851 2875/2958/2851 2876/2961/2851
f 2787/2901/2852 2786/2898/2852 2849/2959/2852 2850/2962/2852
f 2761/2902/2853 2760/2899/2853 2823/2960/2853 2824/2963/2853
f 2814/2903/2854 2813/2900/2854 2876/2961/2854 2877/2964/2854
f 2788/2904/2855 2787/2901/2855 2850/2962/2855 2851/2965/2855
f 2762/2905/2856 2761/2902/2856 2824/2963/2856 2825/2966/2856
f 2815/2906/2857 2814/2903/2857 2877/2964/2857 2878/2967/2857
f 2789/2907/2858 2788/2904/2858 2851/2965/2858 2852/2968/2858
f 2763/2908/2859 2762/2905/2859 2825/2966/2859 2826/2969/2859
f 43/2970/2860 2815/2906/2860 2878/2967/2860
f 2790/2910/2861 2789/2907/2861 2852/2968/2861 2853/2971/2861
f 2764/2911/2862 2763/2908/2862 2826/2969/2862 2827/2972/2862
f 2791/2912/2863 2790/2910/2863 2853/2971/2863 2854/2973/2863
f 2765/2913/2864 2764/2911/2864 2827/2972/2864 2828/2974/2864
f 2792/2914/2865 2791/2912/2865 2854/2973/2865 2855/2975/2865
f 2766/2915/2866 2765/2913/2866 2828/2974/2866 2829/2976/2866
f 2793/2916/2867 2792/2914/2867 2855/2975/2867 2856/2977/2867
f 2767/2917/2868 2766/2915/2868 2829/2976/2868 2830/2978/2868
f 2794/2918/2869 2793/2916/2869 2856/2977/2869 2857/2979/2869
f 2768/2919/2870 2767/2917/2870 2830/2978/2870 2831/2980/2870
f 2795/2920/2871 2794/2918/2871 2857/2979/2871 2858/2981/2871
f 2769/2921/2872 2768/2919/2872 2831/2980/2872 2832/2982/2872
f 2796/2922/2873 2795/2920/2873 2858/2981/2873 2859/2983/2873
f 2770/2923/2874 2769/2921/2874 2832/2982/2874 2833/2984/2874
f 2797/2859/2875 2796/2922/2875 2859/2983/2875 2860/2985/2875
f 2771/2861/2876 2770/2923/2876 2833/2984/2876 2834/2986/2876
f 2798/2860/2877 2797/2859/2877 2860/2985/2877 2861/2987/2877
f 2772/2862/2878 2771/2861/2878 2834/2986/2878 2835/2988/2878
f 2799/2863/2879 2798/2860/2879 2861/2987/2879 2862/2924/2879
f 2773/2864/2880 2772/2862/2880 2835/2988/2880 2836/2926/2880
f 2865/2930/2881 2864/2928/2881 2927/2989/2881 2928/2990/2881
f 2839/2931/2882 2838/2929/2882 2901/2991/2882 2902/2992/2882
f 2866/2932/2883 2865/2930/2883 2928/2990/2883 2929/2993/2883
f 2840/2933/2884 2839/2931/2884 2902/2992/2884 2903/2994/2884
f 2867/2934/2885 2866/2932/2885 2929/2993/2885 2930/2995/2885
f 2841/2935/2886 2840/2933/2886 2903/2994/2886 2904/2996/2886
f 2868/2936/2887 2867/2934/2887 2930/2995/2887 2931/2997/2887
f 2842/2937/2888 2841/2935/2888 2904/2996/2888 2905/2998/2888
f 2816/2939/2889 1/2999/2889 2879/3000/2889
f 2869/2940/2890 2868/2936/2890 2931/2997/2890 2932/3001/2890
f 2843/2941/2891 2842/2937/2891 2905/2998/2891 2906/3002/2891
f 2817/2942/2892 2816/2939/2892 2879/3000/2892 2880/3003/2892
f 2870/2943/2893 2869/2940/2893 2932/3001/2893 2933/3004/2893
f 2844/2944/2894 2843/2941/2894 2906/3002/2894 2907/3005/2894
f 2818/2945/2895 2817/2942/2895 2880/3003/2895 2881/3006/2895
f 2871/2946/2896 2870/2943/2896 2933/3004/2896 2934/3007/2896
f 2845/2947/2897 2844/2944/2897 2907/3005/2897 2908/3008/2897
f 2819/2948/2898 2818/2945/2898 2881/3006/2898 2882/3009/2898
f 2872/2949/2899 2871/2946/2899 2934/3007/2899 2935/3010/2899
f 2846/2950/2900 2845/2947/2900 2908/3008/2900 2909/3011/2900
f 2820/2951/2901 2819/2948/2901 2882/3009/2901 2883/3012/2901
f 2873/2952/2902 2872/2949/2902 2935/3010/2902 2936/3013/2902
f 2847/2953/2903 2846/2950/2903 2909/3011/2903 2910/3014/2903
f 2821/2954/2904 2820/2951/2904 2883/3012/2904 2884/3015/2904
f 2874/2955/2905 2873/2952/2905 2936/3013/2905 2937/3016/2905
f 2848/2956/2906 2847/2953/2906 2910/3014/2906 2911/3017/2906
f 2822/2957/2907 2821/2954/2907 2884/3015/2907 2885/3018/2907
f 2875/2958/2908 2874/2955/2908 2937/3016/2908 2938/3019/2908
f 2849/2959/2909 2848/2956/2909 2911/3017/2909 2912/3020/2909
f 2823/2960/2910 2822/2957/2910 2885/3018/2910 2886/3021/2910
f 2876/2961/2911 2875/2958/2911 2938/3019/2911 2939/3022/2911
f 2850/2962/2912 2849/2959/2912 2912/3020/2912 2913/3023/2912
f 2824/2963/2913 2823/2960/2913 2886/3021/2913 2887/3024/2913
f 2877/2964/2914 2876/2961/2914 2939/3022/2914 2940/3025/2914
f 2851/2965/2915 2850/2962/2915 2913/3023/2915 2914/3026/2915
f 2825/2966/2916 2824/2963/2916 2887/3024/2916 2888/3027/2916
f 2878/2967/2917 2877/2964/2917 2940/3025/2917 2941/3028/2917
f 2852/2968/2918 2851/2965/2918 2914/3026/2918 2915/3029/2918
f 2826/2969/2919 2825/2966/2919 2888/3027/2919 2889/3030/2919
f 43/3031/2920 2878/2967/2920 2941/3028/2920
f 2853/2971/2921 2852/2968/2921 2915/3029/2921 2916/3032/2921
f 2827/2972/2922 2826/2969/2922 2889/3030/2922 2890/3033/2922
f 2854/2973/2923 2853/2971/2923 2916/3032/2923 2917/3034/2923
f 2828/2974/2924 2827/2972/2924 2890/3033/2924 2891/3035/2924
f 2855/2975/2925 2854/2973/2925 2917/3034/2925 2918/3036/2925
f 2829/2976/2926 2828/2974/2926 2891/3035/2926 2892/3037/2926
f 2856/2977/2927 2855/2975/2927 2918/3036/2927 2919/3038/2927
f 2830/2978/2928 2829/2976/2928 2892/3037/2928 2893/3039/2928
f 2857/2979/2929 2856/2977/2929 2919/3038/2929 2920/3040/2929
f 2831/2980/2930 2830/2978/2930 2893/3039/2930 2894/3041/2930
f 2858/2981/2931 2857/2979/2931 2920/3040/2931 2921/3042/2931
f 2832/2982/2932 2831/2980/2932 2894/3041/2932 2895/3043/2932
f 2859/2983/2933 2858/2981/2933 2921/3042/2933 2922/3044/2933
f 2833/2984/2934 2832/2982/2934 2895/3043/2934 2896/3045/2934
f 2860/2985/2935 2859/2983/2935 2922/3044/2935 2923/3046/2935
f 2834/2986/2936 2833/2984/2936 2896/3045/2936 2897/3047/2936
f 2861/2987/2937 2860/2985/2937 2923/3046/2937 2924/3048/2937
f 2835/2988/2938 2834/2986/2938 2897/3047/2938 2898/3049/2938
f 2862/2924/2939 2861/2987/2939 2924/3048/2939 2925/3050/2939
f 2836/2926/2940 2835/2988/2940 2898/3049/2940 2899/3051/2940
f 2863/2925/2941 2862/2924/2941 2925/3050/2941 2926/3052/2941
f 2837/2927/2942 2836/2926/2942 2899/3051/2942 2900/3053/2942
f 2864/2928/2943 2863/2925/2943 2926/3052/2943 2927/2989/2943
f 2838/2929/2944 2837/2927/2944 2900/3053/2944 2901/2991/2944
f 2930/2995/2945 2929/2993/2945 2992/3054/2945 2993/3055/2945
f 2904/2996/2946 2903/2994/2946 2966/3056/2946 2967/3057/2946
f 2931/2997/2947 2930/2995/2947 2993/3055/2947 2994/3058/2947
f 2905/2998/2948 2904/2996/2948 2967/3057/2948 2968/3059/2948
f 2879/3000/2949 1/3060/2949 2942/3061/2949
f 2932/3001/2950 2931/2997/2950 2994/3058/2950 2995/3062/2950
f 2906/3002/2951 2905/2998/2951 2968/3059/2951 2969/3063/2951
f 2880/3003/2952 2879/3000/2952 2942/3061/2952 2943/3064/2952
f 2933/3004/2953 2932/3001/2953 2995/3062/2953 2996/3065/2953
f 2907/3005/2954 2906/3002/2954 2969/3063/2954 2970/3066/2954
f 2881/3006/2955 2880/3003/2955 2943/3064/2955 2944/3067/2955
f 2934/3007/2956 2933/3004/2956 2996/3065/2956 2997/3068/2956
f 2908/3008/2957 2907/3005/2957 2970/3066/2957 2971/3069/2957
f 2882/3009/2958 2881/3006/2958 2944/3067/2958 2945/3070/2958
f 2935/3010/2959 2934/3007/2959 2997/3068/2959 2998/3071/2959
f 2909/3011/2960 2908/3008/2960 2971/3069/2960 2972/3072/2960
f 2883/3012/2961 2882/3009/2961 2945/3070/2961 2946/3073/2961
f 2936/3013/2962 2935/3010/2962 2998/3071/2962 2999/3074/2962
f 2910/3014/2963 2909/3011/2963 2972/3072/2963 2973/3075/2963
f 2884/3015/2964 2883/3012/2964 2946/3073/2964 2947/3076/2964
f 2937/3016/2965 2936/3013/2965 2999/3074/2965 3000/3077/2965
f 2911/3017/2966 2910/3014/2966 2973/3075/2966 2974/3078/2966
f 2885/3018/2967 2884/3015/2967 2947/3076/2967 2948/3079/2967
f 2938/3019/2968 2937/3016/2968 3000/3077/2968 3001/3080/2968
f 2912/3020/2969 2911/3017/2969 2974/3078/2969 2975/3081/2969
f 2886/3021/2970 2885/3018/2970 2948/3079/2970 2949/3082/2970
f 2939/3022/2971 2938/3019/2971 3001/3080/2971 3002/3083/2971
f 2913/3023/2972 2912/3020/2972 2975/3081/2972 2976/3084/2972
f 2887/3024/2973 2886/3021/2973 2949/3082/2973 2950/3085/2973
f 2940/3025/2974 2939/3022/2974 3002/3083/2974 3003/3086/2974
f 2914/3026/2975 2913/3023/2975 2976/3084/2975 2977/3087/2975
f 2888/3027/2976 2887/3024/2976 2950/3085/2976 2951/3088/2976
f 2941/3028/2977 2940/3025/2977 3003/3086/2977 3004/3089/2977
f 2915/3029/2978 2914/3026/2978 2977/3087/2978 2978/3090/2978
f 2889/3030/2979 2888/3027/2979 2951/3088/2979 2952/3091/2979
f 43/3092/2980 2941/3028/2980 3004/3089/2980
f 2916/3032/2981 2915/3029/2981 2978/3090/2981 2979/3093/2981
f 2890/3033/2982 2889/3030/2982 2952/3091/2982 2953/3094/2982
f 2917/3034/2983 2916/3032/2983 2979/3093/2983 2980/3095/2983
f 2891/3035/2984 2890/3033/2984 2953/3094/2984 2954/3096/2984
f 2918/3036/2985 2917/3034/2985 2980/3095/2985 2981/3097/2985
f 2892/3037/2986 2891/3035/2986 2954/3096/2986 2955/3098/2986
f 2919/3038/2987 2918/3036/2987 2981/3097/2987 2982/3099/2987
f 2893/3039/2988 2892/3037/2988 2955/3098/2988 2956/3100/2988
f 2920/3040/2989 2919/3038/2989 2982/3099/2989 2983/3101/2989
f 2894/3041/2990 2893/3039/2990 2956/3100/2990 2957/3102/2990
f 2921/3042/2991 2920/3040/2991 2983/3101/2991 2984/3103/2991
f 2895/3043/2992 2894/3041/2992 2957/3102/2992 2958/3104/2992
f 2922/3044/2993 2921/3042/2993 2984/3103/2993 2985/3105/2993
f 2896/3045/2994 2895/3043/2994 2958/3104/2994 2959/3106/2994
f 2923/3046/2995 2922/3044/2995 2985/3105/2995 2986/3107/2995
f 2897/3047/2996 2896/3045/2996 2959/3106/2996 2960/3108/2996
f 2924/3048/2997 2923/3046/2997 2986/3107/2997 2987/3109/2997
f 2898/3049/2998 2897/3047/2998 2960/3108/2998 2961/3110/2998
f 2925/3050/2999 2924/3048/2999 2987/3109/2999 2988/3111/2999
f 2899/3051/3000 2898/3049/3000 2961/3110/3000 2962/3112/3000
f 2926/3052/3001 2925/3050/3001 2988/3111/3001 2989/3113/3001
f 2900/3053/3002 2899/3051/3002 2962/3112/3002 2963/3114/3002
f 2927/2989/3003 2926/3052/3003 2989/3113/3003 2990/3115/3003
f 2901/2991/3004 2900/3053/3004 2963/3114/3004 2964/3116/3004
f 2928/2990/3005 2927/2989/3005 2990/3115/3005 2991/3117/3005
f 2902/2992/3006 2901/2991/3006 2964/3116/3006 2965/3118/3006
f 2929/2993/3007 2928/2990/3007 2991/3117/3007 2992/3054/3007
f 2903/2994/3008 2902/2992/3008 2965/3118/3008 2966/3056/3008
f 2942/3061/3009 1/3119/3009 3005/3120/3009
f 2995/3062/3010 2994/3058/3010 3057/3121/3010 3058/3122/3010
f 2969/3063/3011 2968/3059/3011 3031/3123/3011 3032/3124/3011
f 2943/3064/3012 2942/3061/3012 3005/3120/3012 3006/3125/3012
f 2996/3065/3013 2995/3062/3013 3058/3122/3013 3059/3126/3013
f 2970/3066/3014 2969/3063/3014 3032/3124/3014 3033/3127/3014
f 2944/3067/3015 2943/3064/3015 3006/3125/3015 3007/3128/3015
f 2997/3068/3016 2996/3065/3016 3059/3126/3016 3060/3129/3016
f 2971/3069/3017 2970/3066/3017 3033/3127/3017 3034/3130/3017
f 2945/3070/3018 2944/3067/3018 3007/3128/3018 3008/3131/3018
f 2998/3071/3019 2997/3068/3019 3060/3129/3019 3061/3132/3019
f 2972/3072/3020 2971/3069/3020 3034/3130/3020 3035/3133/3020
f 2946/3073/3021 2945/3070/3021 3008/3131/3021 3009/3134/3021
f 2999/3074/3022 2998/3071/3022 3061/3132/3022 3062/3135/3022
f 2973/3075/3023 2972/3072/3023 3035/3133/3023 3036/3136/3023
f 2947/3076/3024 2946/3073/3024 3009/3134/3024 3010/3137/3024
f 3000/3077/3025 2999/3074/3025 3062/3135/3025 3063/3138/3025
f 2974/3078/3026 2973/3075/3026 3036/3136/3026 3037/3139/3026
f 2948/3079/3027 2947/3076/3027 3010/3137/3027 3011/3140/3027
f 3001/3080/3028 3000/3077/3028 3063/3138/3028 3064/3141/3028
f 2975/3081/3029 2974/3078/3029 3037/3139/3029 3038/3142/3029
f 2949/3082/3030 2948/3079/3030 3011/3140/3030 3012/3143/3030
f 3002/3083/3031 3001/3080/3031 3064/3141/3031 3065/3144/3031
f 2976/3084/3032 2975/3081/3032 3038/3142/3032 3039/3145/3032
f 2950/3085/3033 2949/3082/3033 3012/3143/3033 3013/3146/3033
f 3003/3086/3034 3002/3083/3034 3065/3144/3034 3066/3147/3034
f 2977/3087/3035 2976/3084/3035 3039/3145/3035 3040/3148/3035
f 2951/3088/3036 2950/3085/3036 3013/3146/3036 3014/3149/3036
f 3004/3089/3037 3003/3086/3037 3066/3147/3037 3067/3150/3037
f 2978/3090/3038 2977/3087/3038 3040/3148/3038 3041/3151/3038
f 2952/3091/3039 2951/3088/3039 3014/3149/3039 3015/3152/3039
f 43/3153/3040 3004/3089/3040 3067/3150/3040
f 2979/3093/3041 2978/3090/3041 3041/3151/3041 3042/3154/3041
f 2953/3094/3042 2952/3091/3042 3015/3152/3042 3016/3155/3042
f 2980/3095/3043 2979/3093/3043 3042/3154/3043 3043/3156/3043
f 2954/3096/3044 2953/3094/3044 3016/3155/3044 3017/3157/3044
f 2981/3097/3045 2980/3095/3045 3043/3156/3045 3044/3158/3045
f 2955/3098/3046 2954/3096/3046 3017/3157/3046 3018/3159/3046
f 2982/3099/3047 2981/3097/3047 3044/3158/3047 3045/3160/3047
f 2956/3100/3048 2955/3098/3048 3018/3159/3048 3019/3161/3048
f 2983/3101/3049 2982/3099/3049 3045/3160/3049 3046/3162/3049
f 2957/3102/3050 2956/3100/3050 3019/3161/3050 3020/3163/3050
f 2984/3103/3051 2983/3101/3051 3046/3162/3051 3047/3164/3051
f 2958/3104/3052 2957/3102/3052 3020/3163/3052 3021/3165/3052
f 2985/3105/3053 2984/3103/3053 3047/3164/3053 3048/3166/3053
f 2959/3106/3054 2958/3104/3054 3021/3165/3054 3022/3167/3054
f 2986/3107/3055 2985/3105/3055 3048/3166/3055 3049/3168/3055
f 2960/3108/3056 2959/3106/3056 3022/3167/3056 3023/3169/3056
f 2987/3109/3057 2986/3107/3057 3049/3168/3057 3050/3170/3057
f 2961/3110/3058 2960/3108/3058 3023/3169/3058 3024/3171/3058
f 2988/3111/3059 2987/3109/3059 3050/3170/3059 3051/3172/3059
f 2962/3112/3060 2961/3110/3060 3024/3171/3060 3025/3173/3060
f 2989/3113/3061 2988/3111/3061 3051/3172/3061 3052/3174/3061
f 2963/3114/3062 2962/3112/3062 3025/3173/3062 3026/3175/3062
f 2990/3115/3063 2989/3113/3063 3052/3174/3063 3053/3176/3063
f 2964/3116/3064 2963/3114/3064 3026/3175/3064 3027/3177/3064
f 2991/3117/3065 2990/3115/3065 3053/3176/3065 3054/3178/3065
f 2965/3118/3066 2964/3116/3066 3027/3177/3066 3028/3179/3066
f 2992/3054/3067 2991/3117/3067 3054/3178/3067 3055/3180/3067
f 2966/3056/3068 2965/3118/3068 3028/3179/3068 3029/3181/3068
f 2993/3055/3069 2992/3054/3069 3055/3180/3069 3056/3182/3069
f 2967/3057/3070 2966/3056/3070 3029/3181/3070 3030/3183/3070
f 2994/3058/3071 2993/3055/3071 3056/3182/3071 3057/3121/3071
f 2968/3059/3072 2967/3057/3072 3030/3183/3072 3031/3123/3072
f 3007/3184/3073 3006/3185/3073 3069/3186/3073 3070/3187/3073
f 3060/3188/3074 3059/3189/3074 3122/3190/3074 3123/3191/3074
f 3034/3192/3075 3033/3193/3075 3096/3194/3075 3097/3195/3075
f 3008/3196/3076 3007/3184/3076 3070/3187/3076 3071/3197/3076
f 3061/3198/3077 3060/3188/3077 3123/3191/3077 3124/3199/3077
f 3035/3200/3078 3034/3192/3078 3097/3195/3078 3098/3201/3078
f 3009/3202/3079 3008/3196/3079 3071/3197/3079 3072/3203/3079
f 3062/3204/3080 3061/3198/3080 3124/3199/3080 3125/3205/3080
f 3036/3206/3081 3035/3200/3081 3098/3201/3081 3099/3207/3081
f 3010/3208/3082 3009/3202/3082 3072/3203/3082 3073/3209/3082
f 3063/3210/3083 3062/3204/3083 3125/3205/3083 3126/3211/3083
f 3037/3212/3084 3036/3206/3084 3099/3207/3084 3100/3213/3084
f 3011/3214/3085 3010/3208/3085 3073/3209/3085 3074/3215/3085
f 3064/3216/3086 3063/3210/3086 3126/3211/3086 3127/3217/3086
f 3038/3218/3087 3037/3212/3087 3100/3213/3087 3101/3219/3087
f 3012/3220/3088 3011/3214/3088 3074/3215/3088 3075/3221/3088
f 3065/3222/3089 3064/3216/3089 3127/3217/3089 3128/3223/3089
f 3039/3224/3090 3038/3218/3090 3101/3219/3090 3102/3225/3090
f 3013/3226/3091 3012/3220/3091 3075/3221/3091 3076/3227/3091
f 3066/3228/3092 3065/3222/3092 3128/3223/3092 3129/3229/3092
f 3040/3230/3093 3039/3224/3093 3102/3225/3093 3103/3231/3093
f 3014/3232/3094 3013/3226/3094 3076/3227/3094 3077/3233/3094
f 3067/3234/3095 3066/3228/3095 3129/3229/3095 3130/3235/3095
f 3041/3236/3096 3040/3230/3096 3103/3231/3096 3104/3237/3096
f 3015/3238/3097 3014/3232/3097 3077/3233/3097 3078/3239/3097
f 43/3240/3098 3067/3234/3098 3130/3235/3098
f 3042/3241/3099 3041/3236/3099 3104/3237/3099 3105/3242/3099
f 3016/3243/3100 3015/3238/3100 3078/3239/3100 3079/3244/3100
f 3043/3245/3101 3042/3241/3101 3105/3242/3101 3106/3246/3101
f 3017/3247/3102 3016/3243/3102 3079/3244/3102 3080/3248/3102
f 3044/3249/3103 3043/3245/3103 3106/3246/3103 3107/3250/3103
f 3018/3251/3104 3017/3247/3104 3080/3248/3104 3081/3252/3104
f 3045/3253/3105 3044/3249/3105 3107/3250/3105 3108/3254/3105
f 3019/3255/3106 3018/3251/3106 3081/3252/3106 3082/3256/3106
f 3046/3257/3107 3045/3253/3107 3108/3254/3107 3109/3258/3107
f 3020/3259/3108 3019/3255/3108 3082/3256/3108 3083/3260/3108
f 3047/3261/3109 3046/3257/3109 3109/3258/3109 3110/3262/3109
f 3021/3263/3110 3020/3259/3110 3083/3260/3110 3084/3264/3110
f 3048/3265/3111 3047/3261/3111 3110/3262/3111 3111/3266/3111
f 3022/3267/3112 3021/3263/3112 3084/3264/3112 3085/3268/3112
f 3049/3269/3113 3048/3265/3113 3111/3266/3113 3112/3270/3113
f 3023/3271/3114 3022/3267/3114 3085/3268/3114 3086/3272/3114
f 3050/3273/3115 3049/3269/3115 3112/3270/3115 3113/3274/3115
f 3024/3275/3116 3023/3271/3116 3086/3272/3116 3087/3276/3116
f 3051/3277/3117 3050/3273/3117 3113/3274/3117 3114/3278/3117
f 3025/3279/3118 3024/3275/3118 3087/3276/3118 3088/3280/3118
f 3052/3281/3119 3051/3277/3119 3114/3278/3119 3115/3282/3119
f 3026/3283/3120 3025/3279/3120 3088/3280/3120 3089/3284/3120
f 3053/3285/3121 3052/3281/3121 3115/3282/3121 3116/3286/3121
f 3027/3287/3122 3026/3283/3122 3089/3284/3122 3090/3288/3122
f 3054/3289/3123 3053/3285/3123 3116/3286/3123 3117/3290/3123
f 3028/3291/3124 3027/3287/3124 3090/3288/3124 3091/3292/3124
f 3055/3293/3125 3054/3289/3125 3117/3290/3125 3118/3294/3125
f 3029/3295/3126 3028/3291/3126 3091/3292/3126 3092/3296/3126
f 3056/3297/3127 3055/3293/3127 3118/3294/3127 3119/3298/3127
f 3030/3299/3128 3029/3295/3128 3092/3296/3128 3093/3300/3128
f 3057/3301/3129 3056/3297/3129 3119/3298/3129 3120/3302/3129
f 3031/3303/3130 3030/3299/3130 3093/3300/3130 3094/3304/3130
f 3005/3305/3131 1/3306/3131 3068/3307/3131
f 3058/3308/3132 3057/3301/3132 3120/3302/3132 3121/3309/3132
f 3032/3310/3133 3031/3303/3133 3094/3304/3133 3095/3311/3133
f 3006/3185/3134 3005/3305/3134 3068/3307/3134 3069/3186/3134
f 3059/3189/3135 3058/3308/3135 3121/3309/3135 3122/3190/3135
f 3033/3193/3136 3032/3310/3136 3095/3311/3136 3096/3194/3136
f 3072/3203/3137 3071/3197/3137 3134/3312/3137 3135/3313/3137
f 3125/3205/3138 3124/3199/3138 3187/3314/3138 3188/3315/3138
f 3099/3207/3139 3098/3201/3139 3161/3316/3139 3162/3317/3139
f 3073/3209/3140 3072/3203/3140 3135/3313/3140 3136/3318/3140
f 3126/3211/3141 3125/3205/3141 3188/3315/3141 3189/3319/3141
f 3100/3213/3142 3099/3207/3142 3162/3317/3142 3163/3320/3142
f 3074/3215/3143 3073/3209/3143 3136/3318/3143 3137/3321/3143
f 3127/3217/3144 3126/3211/3144 3189/3319/3144 3190/3322/3144
f 3101/3219/3145 3100/3213/3145 3163/3320/3145 3164/3323/3145
f 3075/3221/3146 3074/3215/3146 3137/3321/3146 3138/3324/3146
f 3128/3223/3147 3127/3217/3147 3190/3322/3147 3191/3325/3147
f 3102/3225/3148 3101/3219/3148 3164/3323/3148 3165/3326/3148
f 3076/3227/3149 3075/3221/3149 3138/3324/3149 3139/3327/3149
f 3129/3229/3150 3128/3223/3150 3191/3325/3150 3192/3328/3150
f 3103/3231/3151 3102/3225/3151 3165/3326/3151 3166/3329/3151
f 3077/3233/3152 3076/3227/3152 3139/3327/3152 3140/3330/3152
f 3130/3235/3153 3129/3229/3153 3192/3328/3153 3193/3331/3153
f 3104/3237/3154 3103/3231/3154 3166/3329/3154 3167/3332/3154
f 3078/3239/3155 3077/3233/3155 3140/3330/3155 3141/3333/3155
f 43/3334/3156 3130/3235/3156 3193/3331/3156
f 3105/3242/3157 3104/3237/3157 3167/3332/3157 3168/3335/3157
f 3079/3244/3158 3078/3239/3158 3141/3333/3158 3142/3336/3158
f 3106/3246/3159 3105/3242/3159 3168/3335/3159 3169/3337/3159
f 3080/3248/3160 3079/3244/3160 3142/3336/3160 3143/3338/3160
f 3107/3250/3161 3106/3246/3161 3169/3337/3161 3170/3339/3161
f 3081/3252/3162 3080/3248/3162 3143/3338/3162 3144/3340/3162
f 3108/3254/3163 3107/3250/3163 3170/3339/3163 3171/3341/3163
f 3082/3256/3164 3081/3252/3164 3144/3340/3164 3145/3342/3164
f 3109/3258/3165 3108/3254/3165 3171/3341/3165 3172/3343/3165
f 3083/3260/3166 3082/3256/3166 3145/3342/3166 3146/3344/3166
f 3110/3262/3167 3109/3258/3167 3172/3343/3167 3173/3345/3167
f 3084/3264/3168 3083/3260/3168 3146/3344/3168 3147/3346/3168
f 3111/3266/3169 3110/3262/3169 3173/3345/3169 3174/3347/3169
f 3085/3268/3170 3084/3264/3170 3147/3346/3170 3148/3348/3170
f 3112/3270/3171 3111/3266/3171 3174/3347/3171 3175/3349/3171
f 3086/3272/3172 3085/3268/3172 3148/3348/3172 3149/3350/3172
f 3113/3274/3173 3112/3270/3173 3175/3349/3173 3176/3351/3173
f 3087/3276/3174 3086/3272/3174 3149/3350/3174 3150/3352/3174
f 3114/3278/3175 3113/3274/3175 3176/3351/3175 3177/3353/3175
f 3088/3280/3176 3087/3276/3176 3150/3352/3176 3151/3354/3176
f 3115/3282/3177 3114/3278/3177 3177/3353/3177 3178/3355/3177
f 3089/3284/3178 3088/3280/3178 3151/3354/3178 3152/3356/3178
f 3116/3286/3179 3115/3282/3179 3178/3355/3179 3179/3357/3179
f 3090/3288/3180 3089/3284/3180 3152/3356/3180 3153/3358/3180
f 3117/3290/3181 3116/3286/3181 3179/3357/3181 3180/3359/3181
f 3091/3292/3182 3090/3288/3182 3153/3358/3182 3154/3360/3182
f 3118/3294/3183 3117/3290/3183 3180/3359/3183 3181/3361/3183
f 3092/3296/3184 3091/3292/3184 3154/3360/3184 3155/3362/3184
f 3119/3298/3185 3118/3294/3185 3181/3361/3185 3182/3363/3185
f 3093/3300/3186 3092/3296/3186 3155/3362/3186 3156/3364/3186
f 3120/3302/3187 3119/3298/3187 3182/3363/3187 3183/3365/3187
f 3094/3304/3188 3093/3300/3188 3156/3364/3188 3157/3366/3188
f 3068/3307/3189 1/3367/3189 3131/3368/3189
f 3121/3309/3190 3120/3302/3190 3183/3365/3190 3184/3369/3190
f 3095/3311/3191 3094/3304/3191 3157/3366/3191 3158/3370/3191
f 3069/3186/3192 3068/3307/3192 3131/3368/3192 3132/3371/3192
f 3122/3190/3193 3121/3309/3193 3184/3369/3193 3185/3372/3193
f 3096/3194/3194 3095/3311/3194 3158/3370/3194 3159/3373/3194
f 3070/3187/3195 3069/3186/3195 3132/3371/3195 3133/3374/3195
f 3123/3191/3196 3122/3190/3196 3185/3372/3196 3186/3375/3196
f 3097/3195/3197 3096/3194/3197 3159/3373/3197 3160/3376/3197
f 3071/3197/3198 3070/3187/3198 3133/3374/3198 3134/3312/3198
f 3124/3199/3199 3123/3191/3199 3186/3375/3199 3187/3314/3199
f 3098/3201/3200 3097/3195/3200 3160/3376/3200 3161/3316/3200
f 3137/3321/3201 3136/3318/3201 3199/3377/3201 3200/3378/3201
f 3190/3322/3202 3189/3319/3202 3252/3379/3202 3253/3380/3202
f 3164/3323/3203 3163/3320/3203 3226/3381/3203 3227/3382/3203
f 3138/3324/3204 3137/3321/3204 3200/3378/3204 3201/3383/3204
f 3191/3325/3205 3190/3322/3205 3253/3380/3205 3254/3384/3205
f 3165/3326/3206 3164/3323/3206 3227/3382/3206 3228/3385/3206
f 3139/3327/3207 3138/3324/3207 3201/3383/3207 3202/3386/3207
f 3192/3328/3208 3191/3325/3208 3254/3384/3208 3255/3387/3208
f 3166/3329/3209 3165/3326/3209 3228/3385/3209 3229/3388/3209
f 3140/3330/3210 3139/3327/3210 3202/3386/3210 3203/3389/3210
f 3193/3331/3211 3192/3328/3211 3255/3387/3211 3256/3390/3211
f 3167/3332/3212 3166/3329/3212 3229/3388/3212 3230/3391/3212
f 3141/3333/3213 3140/3330/3213 3203/3389/3213 3204/3392/3213
f 43/3393/3214 3193/3331/3214 3256/3390/3214
f 3168/3335/3215 3167/3332/3215 3230/3391/3215 3231/3394/3215
f 3142/3336/3216 3141/3333/3216 3204/3392/3216 3205/3395/3216
f 3169/3337/3217 3168/3335/3217 3231/3394/3217 3232/3396/3217
f 3143/3338/3218 3142/3336/3218 3205/3395/3218 3206/3397/3218
f 3170/3339/3219 3169/3337/3219 3232/3396/3219 3233/3398/3219
f 3144/3340/3220 3143/3338/3220 3206/3397/3220 3207/3399/3220
f 3171/3341/3221 3170/3339/3221 3233/3398/3221 3234/3400/3221
f 3145/3342/3222 3144/3340/3222 3207/3399/3222 3208/3401/3222
f 3172/3343/3223 3171/3341/3223 3234/3400/3223 3235/3402/3223
f 3146/3344/3224 3145/3342/3224 3208/3401/3224 3209/3403/3224
f 3173/3345/3225 3172/3343/3225 3235/3402/3225 3236/3404/3225
f 3147/3346/3226 3146/3344/3226 3209/3403/3226 3210/3405/3226
f 3174/3347/3227 3173/3345/3227 3236/3404/3227 3237/3406/3227
f 3148/3348/3228 3147/3346/3228 3210/3405/3228 3211/3407/3228
f 3175/3349/3229 3174/3347/3229 3237/3406/3229 3238/3408/3229
f 3149/3350/3230 3148/3348/3230 3211/3407/3230 3212/3409/3230
f 3176/3351/3231 3175/3349/3231 3238/3408/3231 3239/3410/3231
f 3150/3352/3232 3149/3350/3232 3212/3409/3232 3213/3411/3232
f 3177/3353/3233 3176/3351/3233 3239/3410/3233 3240/3412/3233
f 3151/3354/3234 3150/3352/3234 3213/3411/3234 3214/3413/3234
f 3178/3355/3235 3177/3353/3235 3240/3412/3235 3241/3414/3235
f 3152/3356/3236 3151/3354/3236 3214/3413/3236 3215/3415/3236
f 3179/3357/3237 3178/3355/3237 3241/3414/3237 3242/3416/3237
f 3153/3358/3238 3152/3356/3238 3215/3415/3238 3216/3417/3238
f 3180/3359/3239 3179/3357/3239 3242/3416/3239 3243/3418/3239
f 3154/3360/3240 3153/3358/3240 3216/3417/3240 3217/3419/3240
f 3181/3361/3241 3180/3359/3241 3243/3418/3241 3244/3420/3241
f 3155/3362/3242 3154/3360/3242 3217/3419/3242 3218/3421/3242
f 3182/3363/3243 3181/3361/3243 3244/3420/3243 3245/3422/3243
f 3156/3364/3244 3155/3362/3244 3218/3421/3244 3219/3423/3244
f 3183/3365/3245 3182/3363/3245 3245/3422/3245 3246/3424/3245
f 3157/3366/3246 3156/3364/3246 3219/3423/3246 3220/3425/3246
f 3131/3368/3247 1/3426/3247 3194/3427/3247
f 3184/3369/3248 3183/3365/3248 3246/3424/3248 3247/3428/3248
f 3158/3370/3249 3157/3366/3249 3220/3425/3249 3221/3429/3249
f 3132/3371/3250 3131/3368/3250 3194/3427/3250 3195/3430/3250
f 3185/3372/3251 3184/3369/3251 3247/3428/3251 3248/3431/3251
f 3159/3373/3252 3158/3370/3252 3221/3429/3252 3222/3432/3252
f 3133/3374/3253 3132/3371/3253 3195/3430/3253 3196/3433/3253
f 3186/3375/3254 3185/3372/3254 3248/3431/3254 3249/3434/3254
f 3160/3376/3255 3159/3373/3255 3222/3432/3255 3223/3435/3255
f 3134/3312/3256 3133/3374/3256 3196/3433/3256 3197/3436/3256
f 3187/3314/3257 3186/3375/3257 3249/3434/3257 3250/3437/3257
f 3161/3316/3258 3160/3376/3258 3223/3435/3258 3224/3438/3258
f 3135/3313/3259 3134/3312/3259 3197/3436/3259 3198/3439/3259
f 3188/3315/3260 3187/3314/3260 3250/3437/3260 3251/3440/3260
f 3162/3317/3261 3161/3316/3261 3224/3438/3261 3225/3441/3261
f 3136/3318/3262 3135/3313/3262 3198/3439/3262 3199/3377/3262
f 3189/3319/3263 3188/3315/3263 3251/3440/3263 3252/3379/3263
f 3163/3320/3264 3162/3317/3264 3225/3441/3264 3226/3381/3264
f 3202/3386/3265 3201/3383/3265 3264/3442/3265 3265/3443/3265
f 3247/3428/3266 3246/3424/3266 3309/3444/3266 3310/3445/3266
f 3229/3388/3267 3228/3385/3267 3291/3446/3267 3292/3447/3267
f 3203/3389/3268 3202/3386/3268 3265/3443/3268 3266/3448/3268
f 3248/3431/3269 3247/3428/3269 3310/3445/3269 3311/3449/3269
f 3230/3391/3270 3229/3388/3270 3292/3447/3270 3293/3450/3270
f 3204/3392/3271 3203/3389/3271 3266/3448/3271 3267/3451/3271
f 3249/3434/3272 3248/3431/3272 3311/3449/3272 3312/3452/3272
f 3231/3394/3273 3230/3391/3273 3293/3450/3273 3294/3453/3273
f 3205/3395/3274 3204/3392/3274 3267/3451/3274 3268/3454/3274
f 3250/3437/3275 3249/3434/3275 3312/3452/3275 3313/3455/3275
f 3206/3397/3276 3205/3395/3276 3268/3454/3276 3269/3456/3276
f 3251/3440/3277 3250/3437/3277 3313/3455/3277 3314/3457/3277
f 3207/3399/3278 3206/3397/3278 3269/3456/3278 3270/3458/3278
f 3252/3379/3279 3251/3440/3279 3314/3457/3279 3315/3459/3279
f 3208/3401/3280 3207/3399/3280 3270/3458/3280 3271/3460/3280
f 3253/3380/3281 3252/3379/3281 3315/3459/3281 3316/3461/3281
f 3209/3403/3282 3208/3401/3282 3271/3460/3282 3272/3462/3282
f 3254/3384/3283 3253/3380/3283 3316/3461/3283 3317/3463/3283
f 3210/3405/3284 3209/3403/3284 3272/3462/3284 3273/3464/3284
f 3255/3387/3285 3254/3384/3285 3317/3463/3285 3318/3465/3285
f 3211/3407/3286 3210/3405/3286 3273/3464/3286 3274/3466/3286
f 3256/3390/3287 3255/3387/3287 3318/3465/3287 3319/3467/3287
f 3212/3409/3288 3211/3407/3288 3274/3466/3288 3275/3468/3288
f 43/3469/3289 3256/3390/3289 3319/3467/3289
f 3213/3411/3290 3212/3409/3290 3275/3468/3290 3276/3470/3290
f 3232/3396/3291 3231/3394/3291 3294/3453/3291 3295/3471/3291
f 3214/3413/3292 3213/3411/3292 3276/3470/3292 3277/3472/3292
f 3233/3398/3293 3232/3396/3293 3295/3471/3293 3296/3473/3293
f 3215/3415/3294 3214/3413/3294 3277/3472/3294 3278/3474/3294
f 3234/3400/3295 3233/3398/3295 3296/3473/3295 3297/3475/3295
f 3216/3417/3296 3215/3415/3296 3278/3474/3296 3279/3476/3296
f 3235/3402/3297 3234/3400/3297 3297/3475/3297 3298/3477/3297
f 3217/3419/3298 3216/3417/3298 3279/3476/3298 3280/3478/3298
f 3236/3404/3299 3235/3402/3299 3298/3477/3299 3299/3479/3299
f 3218/3421/3300 3217/3419/3300 3280/3478/3300 3281/3480/3300
f 3237/3406/3301 3236/3404/3301 3299/3479/3301 3300/3481/3301
f 3219/3423/3302 3218/3421/3302 3281/3480/3302 3282/3482/3302
f 3238/3408/3303 3237/3406/3303 3300/3481/3303 3301/3483/3303
f 3220/3425/3304 3219/3423/3304 3282/3482/3304 3283/3484/3304
f 3194/3427/3305 1/3485/3305 3257/3486/3305
f 3239/3410/3306 3238/3408/3306 3301/3483/3306 3302/3487/3306
f 3221/3429/3307 3220/3425/3307 3283/3484/3307 3284/3488/3307
f 3195/3430/3308 3194/3427/3308 3257/3486/3308 3258/3489/3308
f 3240/3412/3309 3239/3410/3309 3302/3487/3309 3303/3490/3309
f 3222/3432/3310 3221/3429/3310 3284/3488/3310 3285/3491/3310
f 3196/3433/3311 3195/3430/3311 3258/3489/3311 3259/3492/3311
f 3241/3414/3312 3240/3412/3312 3303/3490/3312 3304/3493/3312
f 3223/3435/3313 3222/3432/3313 3285/3491/3313 3286/3494/3313
f 3197/3436/3314 3196/3433/3314 3259/3492/3314 3260/3495/3314
f 3242/3416/3315 3241/3414/3315 3304/3493/3315 3305/3496/3315
f 3224/3438/3316 3223/3435/3316 3286/3494/3316 3287/3497/3316
f 3198/3439/3317 3197/3436/3317 3260/3495/3317 3261/3498/3317
f 3243/3418/3318 3242/3416/3318 3305/3496/3318 3306/3499/3318
f 3225/3441/3319 3224/3438/3319 3287/3497/3319 3288/3500/3319
f 3199/3377/3320 3198/3439/3320 3261/3498/3320 3262/3501/3320
f 3244/3420/3321 3243/3418/3321 3306/3499/3321 3307/3502/3321
f 3226/3381/3322 3225/3441/3322 3288/3500/3322 3289/3503/3322
f 3200/3378/3323 3199/3377/3323 3262/3501/3323 3263/3504/3323
f 3245/3422/3324 3244/3420/3324 3307/3502/3324 3308/3505/3324
f 3227/3382/3325 3226/3381/3325 3289/3503/3325 3290/3506/3325
f 3201/3383/3326 3200/3378/3326 3263/3504/3326 3264/3442/3326
f 3246/3424/3327 3245/3422/3327 3308/3505/3327 3309/3444/3327
f 3228/3385/3328 3227/3382/3328 3290/3506/3328 3291/3446/3328
f 3312/3452/3329 3311/3449/3329 3374/3507/3329 3375/3508/3329
f 3286/3494/3330 3285/3491/3330 3348/3509/3330 3349/3510/3330
f 3260/3495/3331 3259/3492/3331 3322/3511/3331 3323/3512/3331
f 3313/3455/3332 3312/3452/3332 3375/3508/3332 3376/3513/3332
f 3287/3497/3333 3286/3494/3333 3349/3510/3333 3350/3514/3333
f 3261/3498/3334 3260/3495/3334 3323/3512/3334 3324/3515/3334
f 3314/3457/3335 3313/3455/3335 3376/3513/3335 3377/3516/3335
f 3288/3500/3336 3287/3497/3336 3350/3514/3336 3351/3517/3336
f 3262/3501/3337 3261/3498/3337 3324/3515/3337 3325/3518/3337
f 3315/3459/3338 3314/3457/3338 3377/3516/3338 3378/3519/3338
f 3289/3503/3339 3288/3500/3339 3351/3517/3339 3352/3520/3339
f 3263/3504/3340 3262/3501/3340 3325/3518/3340 3326/3521/3340
f 3316/3461/3341 3315/3459/3341 3378/3519/3341 3379/3522/3341
f 3290/3506/3342 3289/3503/3342 3352/3520/3342 3353/3523/3342
f 3264/3442/3343 3263/3504/3343 3326/3521/3343 3327/3524/3343
f 3317/3463/3344 3316/3461/3344 3379/3522/3344 3380/3525/3344
f 3291/3446/3345 3290/3506/3345 3353/3523/3345 3354/3526/3345
f 3265/3443/3346 3264/3442/3346 3327/3524/3346 3328/3527/3346
f 3318/3465/3347 3317/3463/3347 3380/3525/3347 3381/3528/3347
f 3292/3447/3348 3291/3446/3348 3354/3526/3348 3355/3529/3348
f 3266/3448/3349 3265/3443/3349 3328/3527/3349 3329/3530/3349
f 3319/3467/3350 3318/3465/3350 3381/3528/3350 3382/3531/3350
f 3293/3450/3351 3292/3447/3351 3355/3529/3351 3356/3532/3351
f 3267/3451/3352 3266/3448/3352 3329/3530/3352 3330/3533/3352
f 43/3534/3353 3319/3467/3353 3382/3531/3353
f 3294/3453/3354 3293/3450/3354 3356/3532/3354 3357/3535/3354
f 3268/3454/3355 3267/3451/3355 3330/3533/3355 3331/3536/3355
f 3295/3471/3356 3294/3453/3356 3357/3535/3356 3358/3537/3356
f 3269/3456/3357 3268/3454/3357 3331/3536/3357 3332/3538/3357
f 3296/3473/3358 3295/3471/3358 3358/3537/3358 3359/3539/3358
f 3270/3458/3359 3269/3456/3359 3332/3538/3359 3333/3540/3359
f 3297/3475/3360 3296/3473/3360 3359/3539/3360 3360/3541/3360
f 3271/3460/3361 3270/3458/3361 3333/3540/3361 3334/3542/3361
f 3298/3477/3362 3297/3475/3362 3360/3541/3362 3361/3543/3362
f 3272/3462/3363 3271/3460/3363 3334/3542/3363 3335/3544/3363
f 3299/3479/3364 3298/3477/3364 3361/3543/3364 3362/3545/3364
f 3273/3464/3365 3272/3462/3365 3335/3544/3365 3336/3546/3365
f 3300/3481/3366 3299/3479/3366 3362/3545/3366 3363/3547/3366
f 3274/3466/3367 3273/3464/3367 3336/3546/3367 3337/3548/3367
f 3301/3483/3368 3300/3481/3368 3363/3547/3368 3364/3549/3368
f 3275/3468/3369 3274/3466/3369 3337/3548/3369 3338/3550/3369
f 3302/3487/3370 3301/3483/3370 3364/3549/3370 3365/3551/3370
f 3276/3470/3371 3275/3468/3371 3338/3550/3371 3339/3552/3371
f 3303/3490/3372 3302/3487/3372 3365/3551/3372 3366/3553/3372
f 3277/3472/3373 3276/3470/3373 3339/3552/3373 3340/3554/3373
f 3304/3493/3374 3303/3490/3374 3366/3553/3374 3367/3555/3374
f 3278/3474/3375 3277/3472/3375 3340/3554/3375 3341/3556/3375
f 3305/3496/3376 3304/3493/3376 3367/3555/3376 3368/3557/3376
f 3279/3476/3377 3278/3474/3377 3341/3556/3377 3342/3558/3377
f 3306/3499/3378 3305/3496/3378 3368/3557/3378 3369/3559/3378
f 3280/3478/3379 3279/3476/3379 3342/3558/3379 3343/3560/3379
f 3307/3502/3380 3306/3499/3380 3369/3559/3380 3370/3561/3380
f 3281/3480/3381 3280/3478/3381 3343/3560/3381 3344/3562/3381
f 3308/3505/3382 3307/3502/3382 3370/3561/3382 3371/3563/3382
f 3282/3482/3383 3281/3480/3383 3344/3562/3383 3345/3564/3383
f 3309/3444/3384 3308/3505/3384 3371/3563/3384 3372/3565/3384
f 3283/3484/3385 3282/3482/3385 3345/3564/3385 3346/3566/3385
f 3257/3486/3386 1/3567/3386 3320/3568/3386
f 3310/3445/3387 3309/3444/3387 3372/3565/3387 3373/3569/3387
f 3284/3488/3388 3283/3484/3388 3346/3566/3388 3347/3570/3388
f 3258/3489/3389 3257/3486/3389 3320/3568/3389 3321/3571/3389
f 3311/3449/3390 3310/3445/3390 3373/3569/3390 3374/3507/3390
f 3285/3491/3391 3284/3488/3391 3347/3570/3391 3348/3509/3391
f 3259/3492/3392 3258/3489/3392 3321/3571/3392 3322/3511/3392
f 3377/3516/3393 3376/3513/3393 3439/3572/3393 3440/3573/3393
f 3351/3517/3394 3350/3514/3394 3413/3574/3394 3414/3575/3394
f 3325/3518/3395 3324/3515/3395 3387/3576/3395 3388/3577/3395
f 3378/3519/3396 3377/3516/3396 3440/3573/3396 3441/3578/3396
f 3352/3520/3397 3351/3517/3397 3414/3575/3397 3415/3579/3397
f 3326/3521/3398 3325/3518/3398 3388/3577/3398 3389/3580/3398
f 3379/3522/3399 3378/3519/3399 3441/3578/3399 3442/3581/3399
f 3353/3523/3400 3352/3520/3400 3415/3579/3400 3416/3582/3400
f 3327/3524/3401 3326/3521/3401 3389/3580/3401 3390/3583/3401
f 3380/3525/3402 3379/3522/3402 3442/3581/3402 3443/3584/3402
f 3354/3526/3403 3353/3523/3403 3416/3582/3403 3417/3585/3403
f 3328/3527/3404 3327/3524/3404 3390/3583/3404 3391/3586/3404
f 3381/3528/3405 3380/3525/3405 3443/3584/3405 3444/3587/3405
f 3355/3529/3406 3354/3526/3406 3417/3585/3406 3418/3588/3406
f 3329/3530/3407 3328/3527/3407 3391/3586/3407 3392/3589/3407
f 3382/3531/3408 3381/3528/3408 3444/3587/3408 3445/3590/3408
f 3356/3532/3409 3355/3529/3409 3418/3588/3409 3419/3591/3409
f 3330/3533/3410 3329/3530/3410 3392/3589/3410 3393/3592/3410
f 43/3593/3411 3382/3531/3411 3445/3590/3411
f 3357/3535/3412 3356/3532/3412 3419/3591/3412 3420/3594/3412
f 3331/3536/3413 3330/3533/3413 3393/3592/3413 3394/3595/3413
f 3358/3537/3414 3357/3535/3414 3420/3594/3414 3421/3596/3414
f 3332/3538/3415 3331/3536/3415 3394/3595/3415 3395/3597/3415
f 3359/3539/3416 3358/3537/3416 3421/3596/3416 3422/3598/3416
f 3333/3540/3417 3332/3538/3417 3395/3597/3417 3396/3599/3417
f 3360/3541/3418 3359/3539/3418 3422/3598/3418 3423/3600/3418
f 3334/3542/3419 3333/3540/3419 3396/3599/3419 3397/3601/3419
f 3361/3543/3420 3360/3541/3420 3423/3600/3420 3424/3602/3420
f 3335/3544/3421 3334/3542/3421 3397/3601/3421 3398/3603/3421
f 3362/3545/3422 3361/3543/3422 3424/3602/3422 3425/3604/3422
f 3336/3546/3423 3335/3544/3423 3398/3603/3423 3399/3605/3423
f 3363/3547/3424 3362/3545/3424 3425/3604/3424 3426/3606/3424
f 3337/3548/3425 3336/3546/3425 3399/3605/3425 3400/3607/3425
f 3364/3549/3426 3363/3547/3426 3426/3606/3426 3427/3608/3426
f 3338/3550/3427 3337/3548/3427 3400/3607/3427 3401/3609/3427
f 3365/3551/3428 3364/3549/3428 3427/3608/3428 3428/3610/3428
f 3339/3552/3429 3338/3550/3429 3401/3609/3429 3402/3611/3429
f 3366/3553/3430 3365/3551/3430 3428/3610/3430 3429/3612/3430
f 3340/3554/3431 3339/3552/3431 3402/3611/3431 3403/3613/3431
f 3367/3555/3432 3366/3553/3432 3429/3612/3432 3430/3614/3432
f 3341/3556/3433 3340/3554/3433 3403/3613/3433 3404/3615/3433
f 3368/3557/3434 3367/3555/3434 3430/3614/3434 3431/3616/3434
f 3342/3558/3435 3341/3556/3435 3404/3615/3435 3405/3617/3435
f 3369/3559/3436 3368/3557/3436 3431/3616/3436 3432/3618/3436
f 3343/3560/3437 3342/3558/3437 3405/3617/3437 3406/3619/3437
f 3370/3561/3438 3369/3559/3438 3432/3618/3438 3433/3620/3438
f 3344/3562/3439 3343/3560/3439 3406/3619/3439 3407/3621/3439
f 3371/3563/3440 3370/3561/3440 3433/3620/3440 3434/3622/3440
f 3345/3564/3441 3344/3562/3441 3407/3621/3441 3408/3623/3441
f 3372/3565/3442 3371/3563/3442 3434/3622/3442 3435/3624/3442
f 3346/3566/3443 3345/3564/3443 3408/3623/3443 3409/3625/3443
f 3320/3568/3444 1/3626/3444 3383/3627/3444
f 3373/3569/3445 3372/3565/3445 3435/3624/3445 3436/3628/3445
f 3347/3570/3446 3346/3566/3446 3409/3625/3446 3410/3629/3446
f 3321/3571/3447 3320/3568/3447 3383/3627/3447 3384/3630/3447
f 3374/3507/3448 3373/3569/3448 3436/3628/3448 3437/3631/3448
f 3348/3509/3449 3347/3570/3449 3410/3629/3449 3411/3632/3449
f 3322/3511/3450 3321/3571/3450 3384/3630/3450 3385/3633/3450
f 3375/3508/3451 3374/3507/3451 3437/3631/3451 3438/3634/3451
f 3349/3510/3452 3348/3509/3452 3411/3632/3452 3412/3635/3452
f 3323/3512/3453 3322/3511/3453 3385/3633/3453 3386/3636/3453
f 3376/3513/3454 3375/3508/3454 3438/3634/3454 3439/3572/3454
f 3350/3514/3455 3349/3510/3455 3412/3635/3455 3413/3574/3455
f 3324/3515/3456 3323/3512/3456 3386/3636/3456 3387/3576/3456
f 3442/3581/3457 3441/3578/3457 3504/3637/3457 3505/3638/3457
f 3416/3582/3458 3415/3579/3458 3478/3639/3458 3479/3640/3458
f 3390/3583/3459 3389/3580/3459 3452/3641/3459 3453/3642/3459
f 3443/3584/3460 3442/3581/3460 3505/3638/3460 3506/3643/3460
f 3417/3585/3461 3416/3582/3461 3479/3640/3461 3480/3644/3461
f 3391/3586/3462 3390/3583/3462 3453/3642/3462 3454/3645/3462
f 3444/3587/3463 3443/3584/3463 3506/3643/3463 3507/3646/3463
f 3418/3588/3464 3417/3585/3464 3480/3644/3464 3481/3647/3464
f 3392/3589/3465 3391/3586/3465 3454/3645/3465 3455/3648/3465
f 3445/3590/3466 3444/3587/3466 3507/3646/3466 3508/3649/3466
f 3419/3591/3467 3418/3588/3467 3481/3647/3467 3482/3650/3467
f 3393/3592/3468 3392/3589/3468 3455/3648/3468 3456/3651/3468
f 43/3652/3469 3445/3590/3469 3508/3649/3469
f 3420/3594/3470 3419/3591/3470 3482/3650/3470 3483/3653/3470
f 3394/3595/3471 3393/3592/3471 3456/3651/3471 3457/3654/3471
f 3421/3596/3472 3420/3594/3472 3483/3653/3472 3484/3655/3472
f 3395/3597/3473 3394/3595/3473 3457/3654/3473 3458/3656/3473
f 3422/3598/3474 3421/3596/3474 3484/3655/3474 3485/3657/3474
f 3396/3599/3475 3395/3597/3475 3458/3656/3475 3459/3658/3475
f 3423/3600/3476 3422/3598/3476 3485/3657/3476 3486/3659/3476
f 3397/3601/3477 3396/3599/3477 3459/3658/3477 3460/3660/3477
f 3424/3602/3478 3423/3600/3478 3486/3659/3478 3487/3661/3478
f 3398/3603/3479 3397/3601/3479 3460/3660/3479 3461/3662/3479
f 3425/3604/3480 3424/3602/3480 3487/3661/3480 3488/3663/3480
f 3399/3605/3481 3398/3603/3481 3461/3662/3481 3462/3664/3481
f 3426/3606/3482 3425/3604/3482 3488/3663/3482 3489/3665/3482
f 3400/3607/3483 3399/3605/3483 3462/3664/3483 3463/3666/3483
f 3427/3608/3484 3426/3606/3484 3489/3665/3484 3490/3667/3484
f 3401/3609/3485 3400/3607/3485 3463/3666/3485 3464/3668/3485
f 3428/3610/3486 3427/3608/3486 3490/3667/3486 3491/3669/3486
f 3402/3611/3487 3401/3609/3487 3464/3668/3487 3465/3670/3487
f 3429/3612/3488 3428/3610/3488 3491/3669/3488 3492/3671/3488
f 3403/3613/3489 3402/3611/3489 3465/3670/3489 3466/3672/3489
f 3430/3614/3490 3429/3612/3490 3492/3671/3490 3493/3673/3490
f 3404/3615/3491 3403/3613/3491 3466/3672/3491 3467/3674/3491
f 3431/3616/3492 3430/3614/3492 3493/3673/3492 3494/3675/3492
f 3405/3617/3493 3404/3615/3493 3467/3674/3493 3468/3676/3493
f 3432/3618/3494 3431/3616/3494 3494/3675/3494 3495/3677/3494
f 3406/3619/3495 3405/3617/3495 3468/3676/3495 3469/3678/3495
f 3433/3620/3496 3432/3618/3496 3495/3677/3496 3496/3679/3496
f 3407/3621/3497 3406/3619/3497 3469/3678/3497 3470/3680/3497
f 3434/3622/3498 3433/3620/3498 3496/3679/3498 3497/3681/3498
f 3408/3623/3499 3407/3621/3499 3470/3680/3499 3471/3682/3499
f 3435/3624/3500 3434/3622/3500 3497/3681/3500 3498/3683/3500
f 3409/3625/3501 3408/3623/3501 3471/3682/3501 3472/3684/3501
f 3383/3627/3502 1/3685/3502 3446/3686/3502
f 3436/3628/3503 3435/3624/3503 3498/3683/3503 3499/3687/3503
f 3410/3629/3504 3409/3625/3504 3472/3684/3504 3473/3688/3504
f 3384/3630/3505 3383/3627/3505 3446/3686/3505 3447/3689/3505
f 3437/3631/3506 3436/3628/3506 3499/3687/3506 3500/3690/3506
f 3411/3632/3507 3410/3629/3507 3473/3688/3507 3474/3691/3507
f 3385/3633/3508 3384/3630/3508 3447/3689/3508 3448/3692/3508
f 3438/3634/3509 3437/3631/3509 3500/3690/3509 3501/3693/3509
f 3412/3635/3510 3411/3632/3510 3474/3691/3510 3475/3694/3510
f 3386/3636/3511 3385/3633/3511 3448/3692/3511 3449/3695/3511
f 3439/3572/3512 3438/3634/3512 3501/3693/3512 3502/3696/3512
f 3413/3574/3513 3412/3635/3513 3475/3694/3513 3476/3697/3513
f 3387/3576/3514 3386/3636/3514 3449/3695/3514 3450/3698/3514
f 3440/3573/3515 3439/3572/3515 3502/3696/3515 3503/3699/3515
f 3414/3575/3516 3413/3574/3516 3476/3697/3516 3477/3700/3516
f 3388/3577/3517 3387/3576/3517 3450/3698/3517 3451/3701/3517
f 3441/3578/3518 3440/3573/3518 3503/3699/3518 3504/3637/3518
f 3415/3579/3519 3414/3575/3519 3477/3700/3519 3478/3639/3519
f 3389/3580/3520 3388/3577/3520 3451/3701/3520 3452/3641/3520
f 3507/3646/3521 3506/3643/3521 3569/3702/3521 3570/3703/3521
f 3481/3647/3522 3480/3644/3522 3543/3704/3522 3544/3705/3522
f 3455/3648/3523 3454/3645/3523 3517/3706/3523 3518/3707/3523
f 3508/3649/3524 3507/3646/3524 3570/3703/3524 3571/3708/3524
f 3482/3650/3525 3481/3647/3525 3544/3705/3525 3545/3709/3525
f 3456/3651/3526 3455/3648/3526 3518/3707/3526 3519/3710/3526
f 43/3711/3527 3508/3649/3527 3571/3708/3527
f 3483/3653/3528 3482/3650/3528 3545/3709/3528 3546/3712/3528
f 3457/3654/3529 3456/3651/3529 3519/3710/3529 3520/3713/3529
f 3484/3655/3530 3483/3653/3530 3546/3712/3530 3547/3714/3530
f 3458/3656/3531 3457/3654/3531 3520/3713/3531 3521/3715/3531
f 3485/3657/3532 3484/3655/3532 3547/3714/3532 3548/3716/3532
f 3459/3658/3533 3458/3656/3533 3521/3715/3533 3522/3717/3533
f 3486/3659/3534 3485/3657/3534 3548/3716/3534 3549/3718/3534
f 3460/3660/3535 3459/3658/3535 3522/3717/3535 3523/3719/3535
f 3487/3661/3536 3486/3659/3536 3549/3718/3536 3550/3720/3536
f 3461/3662/3537 3460/3660/3537 3523/3719/3537 3524/3721/3537
f 3488/3663/3538 3487/3661/3538 3550/3720/3538 3551/3722/3538
f 3462/3664/3539 3461/3662/3539 3524/3721/3539 3525/3723/3539
f 3489/3665/3540 3488/3663/3540 3551/3722/3540 3552/3724/3540
f 3463/3666/3541 3462/3664/3541 3525/3723/3541 3526/3725/3541
f 3490/3667/3542 3489/3665/3542 3552/3724/3542 3553/3726/3542
f 3464/3668/3543 3463/3666/3543 3526/3725/3543 3527/3727/3543
f 3491/3669/3544 3490/3667/3544 3553/3726/3544 3554/3728/3544
f 3465/3670/3545 3464/3668/3545 3527/3727/3545 3528/3729/3545
f 3492/3671/3546 3491/3669/3546 3554/3728/3546 3555/3730/3546
f 3466/3672/3547 3465/3670/3547 3528/3729/3547 3529/3731/3547
f 3493/3673/3548 3492/3671/3548 3555/3730/3548 3556/3732/3548
f 3467/3674/3549 3466/3672/3549 3529/3731/3549 3530/3733/3549
f 3494/3675/3550 3493/3673/3550 3556/3732/3550 3557/3734/3550
f 3468/3676/3551 3467/3674/3551 3530/3733/3551 3531/3735/3551
f 3495/3677/3552 3494/3675/3552 3557/3734/3552 3558/3736/3552
f 3469/3678/3553 3468/3676/3553 3531/3735/3553 3532/3737/3553
f 3496/3679/3554 3495/3677/3554 3558/3736/3554 3559/3738/3554
f 3470/3680/3555 3469/3678/3555 3532/3737/3555 3533/3739/3555
f 3497/3681/3556 3496/3679/3556 3559/3738/3556 3560/3740/3556
f 3471/3682/3557 3470/3680/3557 3533/3739/3557 3534/3741/3557
f 3498/3683/3558 3497/3681/3558 3560/3740/3558 3561/3742/3558
f 3472/3684/3559 3471/3682/3559 3534/3741/3559 3535/3743/3559
f 3446/3686/3560 1/3744/3560 3509/3745/3560
f 3499/3687/3561 3498/3683/3561 3561/3742/3561 3562/3746/3561
f 3473/3688/3562 3472/3684/3562 3535/3743/3562 3536/3747/3562
f 3447/3689/3563 3446/3686/3563 3509/3745/3563 3510/3748/3563
f 3500/3690/3564 3499/3687/3564 3562/3746/3564 3563/3749/3564
f 3474/3691/3565 3473/3688/3565 3536/3747/3565 3537/3750/3565
f 3448/3692/3566 3447/3689/3566 3510/3748/3566 3511/3751/3566
f 3501/3693/3567 3500/3690/3567 3563/3749/3567 3564/3752/3567
f 3475/3694/3568 3474/3691/3568 3537/3750/3568 3538/3753/3568
f 3449/3695/3569 3448/3692/3569 3511/3751/3569 3512/3754/3569
f 3502/3696/3570 3501/3693/3570 3564/3752/3570 3565/3755/3570
f 3476/3697/3571 3475/3694/3571 3538/3753/3571 3539/3756/3571
f 3450/3698/3572 3449/3695/3572 3512/3754/3572 3513/3757/3572
f 3503/3699/3573 3502/3696/3573 3565/3755/3573 3566/3758/3573
f 3477/3700/3574 3476/3697/3574 3539/3756/3574 3540/3759/3574
f 3451/3701/3575 3450/3698/3575 3513/3757/3575 3514/3760/3575
f 3504/3637/3576 3503/3699/3576 3566/3758/3576 3567/3761/3576
f 3478/3639/3577 3477/3700/3577 3540/3759/3577 3541/3762/3577
f 3452/3641/3578 3451/3701/3578 3514/3760/3578 3515/3763/3578
f 3505/3638/3579 3504/3637/3579 3567/3761/3579 3568/3764/3579
f 3479/3640/3580 3478/3639/3580 3541/3762/3580 3542/3765/3580
f 3453/3642/3581 3452/3641/3581 3515/3763/3581 3516/3766/3581
f 3506/3643/3582 3505/3638/3582 3568/3764/3582 3569/3702/3582
f 3480/3644/3583 3479/3640/3583 3542/3765/3583 3543/3704/3583
f 3454/3645/3584 3453/3642/3584 3516/3766/3584 3517/3706/3584
f 43/3767/3585 3571/3708/3585 3634/3768/3585
f 3546/3712/3586 3545/3709/3586 3608/3769/3586 3609/3770/3586
f 3520/3713/3587 3519/3710/3587 3582/3771/3587 3583/3772/3587
f 3547/3714/3588 3546/3712/3588 3609/3770/3588 3610/3773/3588
f 3521/3715/3589 3520/3713/3589 3583/3772/3589 3584/3774/3589
f 3548/3716/3590 3547/3714/3590 3610/3773/3590 3611/3775/3590
f 3522/3717/3591 3521/3715/3591 3584/3774/3591 3585/3776/3591
f 3549/3718/3592 3548/3716/3592 3611/3775/3592 3612/3777/3592
f 3523/3719/3593 3522/3717/3593 3585/3776/3593 3586/3778/3593
f 3550/3720/3594 3549/3718/3594 3612/3777/3594 3613/3779/3594
f 3524/3721/3595 3523/3719/3595 3586/3778/3595 3587/3780/3595
f 3551/3722/3596 3550/3720/3596 3613/3779/3596 3614/3781/3596
f 3525/3723/3597 3524/3721/3597 3587/3780/3597 3588/3782/3597
f 3552/3724/3598 3551/3722/3598 3614/3781/3598 3615/3783/3598
f 3526/3725/3599 3525/3723/3599 3588/3782/3599 3589/3784/3599
f 3553/3726/3600 3552/3724/3600 3615/3783/3600 3616/3785/3600
f 3527/3727/3601 3526/3725/3601 3589/3784/3601 3590/3786/3601
f 3554/3728/3602 3553/3726/3602 3616/3785/3602 3617/3787/3602
f 3528/3729/3603 3527/3727/3603 3590/3786/3603 3591/3788/3603
f 3555/3730/3604 3554/3728/3604 3617/3787/3604 3618/3789/3604
f 3529/3731/3605 3528/3729/3605 3591/3788/3605 3592/3790/3605
f 3556/3732/3606 3555/3730/3606 3618/3789/3606 3619/3791/3606
f 3530/3733/3607 3529/3731/3607 3592/3790/3607 3593/3792/3607
f 3557/3734/3608 3556/3732/3608 3619/3791/3608 3620/3793/3608
f 3531/3735/3609 3530/3733/3609 3593/3792/3609 3594/3794/3609
f 3558/3736/3610 3557/3734/3610 3620/3793/3610 3621/3795/3610
f 3532/3737/3611 3531/3735/3611 3594/3794/3611 3595/3796/3611
f 3559/3738/3612 3558/3736/3612 3621/3795/3612 3622/3797/3612
f 3533/3739/3613 3532/3737/3613 3595/3796/3613 3596/3798/3613
f 3560/3740/3614 3559/3738/3614 3622/3797/3614 3623/3799/3614
f 3534/3741/3615 3533/3739/3615 3596/3798/3615 3597/3800/3615
f 3561/3742/3616 3560/3740/3616 3623/3799/3616 3624/3801/3616
f 3535/3743/3617 3534/3741/3617 3597/3800/3617 3598/3802/3617
f 3509/3745/3618 1/3803/3618 3572/3804/3618
f 3562/3746/3619 3561/3742/3619 3624/3801/3619 3625/3805/3619
f 3536/3747/3620 3535/3743/3620 3598/3802/3620 3599/3806/3620
f 3510/3748/3621 3509/3745/3621 3572/3804/3621 3573/3807/3621
f 3563/3749/3622 3562/3746/3622 3625/3805/3622 3626/3808/3622
f 3537/3750/3623 3536/3747/3623 3599/3806/3623 3600/3809/3623
f 3511/3751/3624 3510/3748/3624 3573/3807/3624 3574/3810/3624
f 3564/3752/3625 3563/3749/3625 3626/3808/3625 3627/3811/3625
f 3538/3753/3626 3537/3750/3626 3600/3809/3626 3601/3812/3626
f 3512/3754/3627 3511/3751/3627 3574/3810/3627 3575/3813/3627
f 3565/3755/3628 3564/3752/3628 3627/3811/3628 3628/3814/3628
f 3539/3756/3629 3538/3753/3629 3601/3812/3629 3602/3815/3629
f 3513/3757/3630 3512/3754/3630 3575/3813/3630 3576/3816/3630
f 3566/3758/3631 3565/3755/3631 3628/3814/3631 3629/3817/3631
f 3540/3759/3632 3539/3756/3632 3602/3815/3632 3603/3818/3632
f 3514/3760/3633 3513/3757/3633 3576/3816/3633 3577/3819/3633
f 3567/3761/3634 3566/3758/3634 3629/3817/3634 3630/3820/3634
f 3541/3762/3635 3540/3759/3635 3603/3818/3635 3604/3821/3635
f 3515/3763/3636 3514/3760/3636 3577/3819/3636 3578/3822/3636
f 3568/3764/3637 3567/3761/3637 3630/3820/3637 3631/3823/3637
f 3542/3765/3638 3541/3762/3638 3604/3821/3638 3605/3824/3638
f 3516/3766/3639 3515/3763/3639 3578/3822/3639 3579/3825/3639
f 3569/3702/3640 3568/3764/3640 3631/3823/3640 3632/3826/3640
f 3543/3704/3641 3542/3765/3641 3605/3824/3641 3606/3827/3641
f 3517/3706/3642 3516/3766/3642 3579/3825/3642 3580/3828/3642
f 3570/3703/3643 3569/3702/3643 3632/3826/3643 3633/3829/3643
f 3544/3705/3644 3543/3704/3644 3606/3827/3644 3607/3830/3644
f 3518/3707/3645 3517/3706/3645 3580/3828/3645 3581/3831/3645
f 3571/3708/3646 3570/3703/3646 3633/3829/3646 3634/3768/3646
f 3545/3709/3647 3544/3705/3647 3607/3830/3647 3608/3769/3647
f 3519/3710/3648 3518/3707/3648 3581/3831/3648 3582/3771/3648
f 3611/3775/3649 3610/3773/3649 3673/3832/3649 3674/3833/3649
f 3585/3776/3650 3584/3774/3650 3647/3834/3650 3648/3835/3650
f 3612/3777/3651 3611/3775/3651 3674/3833/3651 3675/3836/3651
f 3586/3778/3652 3585/3776/3652 3648/3835/3652 3649/3837/3652
f 3613/3779/3653 3612/3777/3653 3675/3836/3653 3676/3838/3653
f 3587/3780/3654 3586/3778/3654 3649/3837/3654 3650/3839/3654
f 3614/3781/3655 3613/3779/3655 3676/3838/3655 3677/3840/3655
f 3588/3782/3656 3587/3780/3656 3650/3839/3656 3651/3841/3656
f 3615/3783/3657 3614/3781/3657 3677/3840/3657 3678/3842/3657
f 3589/3784/3658 3588/3782/3658 3651/3841/3658 3652/3843/3658
f 3616/3785/3659 3615/3783/3659 3678/3842/3659 3679/3844/3659
f 3590/3786/3660 3589/3784/3660 3652/3843/3660 3653/3845/3660
f 3617/3787/3661 3616/3785/3661 3679/3844/3661 3680/3846/3661
f 3591/3788/3662 3590/3786/3662 3653/3845/3662 3654/3847/3662
f 3618/3789/3663 3617/3787/3663 3680/3846/3663 3681/3848/3663
f 3592/3790/3664 3591/3788/3664 3654/3847/3664 3655/3849/3664
f 3619/3791/3665 3618/3789/3665 3681/3848/3665 3682/3850/3665
f 3593/3792/3666 3592/3790/3666 3655/3849/3666 3656/3851/3666
f 3620/3793/3667 3619/3791/3667 3682/3850/3667 3683/3852/3667
f 3594/3794/3668 3593/3792/3668 3656/3851/3668 3657/3853/3668
f 3621/3795/3669 3620/3793/3669 3683/3852/3669 3684/3854/3669
f 3595/3796/3670 3594/3794/3670 3657/3853/3670 3658/3855/3670
f 3622/3797/3671 3621/3795/3671 3684/3854/3671 3685/3856/3671
f 3596/3798/3672 3595/3796/3672 3658/3855/3672 3659/3857/3672
f 3623/3799/3673 3622/3797/3673 3685/3856/3673 3686/3858/3673
f 3597/3800/3674 3596/3798/3674 3659/3857/3674 3660/3859/3674
f 3624/3801/3675 3623/3799/3675 3686/3858/3675 3687/3860/3675
f 3598/3802/3676 3597/3800/3676 3660/3859/3676 3661/3861/3676
f 3572/3804/3677 1/3862/3677 3635/3863/3677
f 3625/3805/3678 3624/3801/3678 3687/3860/3678 3688/3864/3678
f 3599/3806/3679 3598/3802/3679 3661/3861/3679 3662/3865/3679
f 3573/3807/3680 3572/3804/3680 3635/3863/3680 3636/3866/3680
f 3626/3808/3681 3625/3805/3681 3688/3864/3681 3689/3867/3681
f 3600/3809/3682 3599/3806/3682 3662/3865/3682 3663/3868/3682
f 3574/3810/3683 3573/3807/3683 3636/3866/3683 3637/3869/3683
f 3627/3811/3684 3626/3808/3684 3689/3867/3684 3690/3870/3684
f 3601/3812/3685 3600/3809/3685 3663/3868/3685 3664/3871/3685
f 3575/3813/3686 3574/3810/3686 3637/3869/3686 3638/3872/3686
f 3628/3814/3687 3627/3811/3687 3690/3870/3687 3691/3873/3687
f 3602/3815/3688 3601/3812/3688 3664/3871/3688 3665/3874/3688
f 3576/3816/3689 3575/3813/3689 3638/3872/3689 3639/3875/3689
f 3629/3817/3690 3628/3814/3690 3691/3873/3690 3692/3876/3690
f 3603/3818/3691 3602/3815/3691 3665/3874/3691 3666/3877/3691
f 3577/3819/3692 3576/3816/3692 3639/3875/3692 3640/3878/3692
f 3630/3820/3693 3629/3817/3693 3692/3876/3693 3693/3879/3693
f 3604/3821/3694 3603/3818/3694 3666/3877/3694 3667/3880/3694
f 3578/3822/3695 3577/3819/3695 3640/3878/3695 3641/3881/3695
f 3631/3823/3696 3630/3820/3696 3693/3879/3696 3694/3882/3696
f 3605/3824/3697 3604/3821/3697 3667/3880/3697 3668/3883/3697
f 3579/3825/3698 3578/3822/3698 3641/3881/3698 3642/3884/3698
f 3632/3826/3699 3631/3823/3699 3694/3882/3699 3695/3885/3699
f 3606/3827/3700 3605/3824/3700 3668/3883/3700 3669/3886/3700
f 3580/3828/3701 3579/3825/3701 3642/3884/3701 3643/3887/3701
f 3633/3829/3702 3632/3826/3702 3695/3885/3702 3696/3888/3702
f 3607/3830/3703 3606/3827/3703 3669/3886/3703 3670/3889/3703
f 3581/3831/3704 3580/3828/3704 3643/3887/3704 3644/3890/3704
f 3634/3768/3705 3633/3829/3705 3696/3888/3705 3697/3891/3705
f 3608/3769/3706 3607/3830/3706 3670/3889/3706 3671/3892/3706
f 3582/3771/3707 3581/3831/3707 3644/3890/3707 3645/3893/3707
f 43/3894/3708 3634/3768/3708 3697/3891/3708
f 3609/3770/3709 3608/3769/3709 3671/3892/3709 3672/3895/3709
f 3583/3772/3710 3582/3771/3710 3645/3893/3710 3646/3896/3710
f 3610/3773/3711 3609/3770/3711 3672/3895/3711 3673/3832/3711
f 3584/3774/3712 3583/3772/3712 3646/3896/3712 3647/3834/3712
f 3676/3838/3713 3675/3836/3713 3738/3897/3713 3739/3898/3713
f 3650/3839/3714 3649/3837/3714 3712/3899/3714 3713/3900/3714
f 3677/3840/3715 3676/3838/3715 3739/3898/3715 3740/3901/3715
f 3651/3841/3716 3650/3839/3716 3713/3900/3716 3714/3902/3716
f 3678/3842/3717 3677/3840/3717 3740/3901/3717 3741/3903/3717
f 3652/3843/3718 3651/3841/3718 3714/3902/3718 3715/3904/3718
f 3679/3844/3719 3678/3842/3719 3741/3903/3719 3742/3905/3719
f 3653/3845/3720 3652/3843/3720 3715/3904/3720 3716/3906/3720
f 3680/3846/3721 3679/3844/3721 3742/3905/3721 3743/3907/3721
f 3654/3847/3722 3653/3845/3722 3716/3906/3722 3717/3908/3722
f 3681/3848/3723 3680/3846/3723 3743/3907/3723 3744/3909/3723
f 3655/3849/3724 3654/3847/3724 3717/3908/3724 3718/3910/3724
f 3682/3850/3725 3681/3848/3725 3744/3909/3725 3745/3911/3725
f 3656/3851/3726 3655/3849/3726 3718/3910/3726 3719/3912/3726
f 3683/3852/3727 3682/3850/3727 3745/3911/3727 3746/3913/3727
f 3657/3853/3728 3656/3851/3728 3719/3912/3728 3720/3914/3728
f 3684/3854/3729 3683/3852/3729 3746/3913/3729 3747/3915/3729
f 3658/3855/3730 3657/3853/3730 3720/3914/3730 3721/3916/3730
f 3685/3856/3731 3684/3854/3731 3747/3915/3731 3748/3917/3731
f 3659/3857/3732 3658/3855/3732 3721/3916/3732 3722/3918/3732
f 3686/3858/3733 3685/3856/3733 3748/3917/3733 3749/3919/3733
f 3660/3859/3734 3659/3857/3734 3722/3918/3734 3723/3920/3734
f 3687/3860/3735 3686/3858/3735 3749/3919/3735 3750/3921/3735
f 3661/3861/3736 3660/3859/3736 3723/3920/3736 3724/3922/3736
f 3635/3863/3737 1/3923/3737 3698/3924/3737
f 3688/3864/3738 3687/3860/3738 3750/3921/3738 3751/3925/3738
f 3662/3865/3739 3661/3861/3739 3724/3922/3739 3725/3926/3739
f 3636/3866/3740 3635/3863/3740 3698/3924/3740 3699/3927/3740
f 3689/3867/3741 3688/3864/3741 3751/3925/3741 3752/3928/3741
f 3663/3868/3742 3662/3865/3742 3725/3926/3742 3726/3929/3742
f 3637/3869/3743 3636/3866/3743 3699/3927/3743 3700/3930/3743
f 3690/3870/3744 3689/3867/3744 3752/3928/3744 3753/3931/3744
f 3664/3871/3745 3663/3868/3745 3726/3929/3745 3727/3932/3745
f 3638/3872/3746 3637/3869/3746 3700/3930/3746 3701/3933/3746
f 3691/3873/3747 3690/3870/3747 3753/3931/3747 3754/3934/3747
f 3665/3874/3748 3664/3871/3748 3727/3932/3748 3728/3935/3748
f 3639/3875/3749 3638/3872/3749 3701/3933/3749 3702/3936/3749
f 3692/3876/3750 3691/3873/3750 3754/3934/3750 3755/3937/3750
f 3666/3877/3751 3665/3874/3751 3728/3935/3751 3729/3938/3751
f 3640/3878/3752 3639/3875/3752 3702/3936/3752 3703/3939/3752
f 3693/3879/3753 3692/3876/3753 3755/3937/3753 3756/3940/3753
f 3667/3880/3754 3666/3877/3754 3729/3938/3754 3730/3941/3754
f 3641/3881/3755 3640/3878/3755 3703/3939/3755 3704/3942/3755
f 3694/3882/3756 3693/3879/3756 3756/3940/3756 3757/3943/3756
f 3668/3883/3757 3667/3880/3757 3730/3941/3757 3731/3944/3757
f 3642/3884/3758 3641/3881/3758 3704/3942/3758 3705/3945/3758
f 3695/3885/3759 3694/3882/3759 3757/3943/3759 3758/3946/3759
f 3669/3886/3760 3668/3883/3760 3731/3944/3760 3732/3947/3760
f 3643/3887/3761 3642/3884/3761 3705/3945/3761 3706/3948/3761
f 3696/3888/3762 3695/3885/3762 3758/3946/3762 3759/3949/3762
f 3670/3889/3763 3669/3886/3763 3732/3947/3763 3733/3950/3763
f 3644/3890/3764 3643/3887/3764 3706/3948/3764 3707/3951/3764
f 3697/3891/3765 3696/3888/3765 3759/3949/3765 3760/3952/3765
f 3671/3892/3766 3670/3889/3766 3733/3950/3766 3734/3953/3766
f 3645/3893/3767 3644/3890/3767 3707/3951/3767 3708/3954/3767
f 43/3955/3768 3697/3891/3768 3760/3952/3768
f 3672/3895/3769 3671/3892/3769 3734/3953/3769 3735/3956/3769
f 3646/3896/3770 3645/3893/3770 3708/3954/3770 3709/3957/3770
f 3673/3832/3771 3672/3895/3771 3735/3956/3771 3736/3958/3771
f 3647/3834/3772 3646/3896/3772 3709/3957/3772 3710/3959/3772
f 3674/3833/3773 3673/3832/3773 3736/3958/3773 3737/3960/3773
f 3648/3835/3774 3647/3834/3774 3710/3959/3774 3711/3961/3774
f 3675/3836/3775 3674/3833/3775 3737/3960/3775 3738/3897/3775
f 3649/3837/3776 3648/3835/3776 3711/3961/3776 3712/3899/3776
f 3741/3903/3777 3740/3901/3777 3803/3962/3777 3804/3963/3777
f 3715/3904/3778 3714/3902/3778 3777/3964/3778 3778/3965/3778
f 3742/3905/3779 3741/3903/3779 3804/3963/3779 3805/3966/3779
f 3716/3906/3780 3715/3904/3780 3778/3965/3780 3779/3967/3780
f 3743/3907/3781 3742/3905/3781 3805/3966/3781 3806/3968/3781
f 3717/3908/3782 3716/3906/3782 3779/3967/3782 3780/3969/3782
f 3744/3909/3783 3743/3907/3783 3806/3968/3783 3807/3970/3783
f 3718/3910/3784 3717/3908/3784 3780/3969/3784 3781/3971/3784
f 3745/3911/3785 3744/3909/3785 3807/3970/3785 3808/3972/3785
f 3719/3912/3786 3718/3910/3786 3781/3971/3786 3782/3973/3786
f 3746/3913/3787 3745/3911/3787 3808/3972/3787 3809/3974/3787
f 3720/3914/3788 3719/3912/3788 3782/3973/3788 3783/3975/3788
f 3747/3915/3789 3746/3913/3789 3809/3974/3789 3810/3976/3789
f 3721/3916/3790 3720/3914/3790 3783/3975/3790 3784/3977/3790
f 3748/3917/3791 3747/3915/3791 3810/3976/3791 3811/3978/3791
f 3722/3918/3792 3721/3916/3792 3784/3977/3792 3785/3979/3792
f 3749/3919/3793 3748/3917/3793 3811/3978/3793 3812/3980/3793
f 3723/3920/3794 3722/3918/3794 3785/3979/3794 3786/3981/3794
f 3750/3921/3795 3749/3919/3795 3812/3980/3795 3813/3982/3795
f 3724/3922/3796 3723/3920/3796 3786/3981/3796 3787/3983/3796
f 3698/3924/3797 1/3984/3797 3761/3985/3797
f 3751/3925/3798 3750/3921/3798 3813/3982/3798 3814/3986/3798
f 3725/3926/3799 3724/3922/3799 3787/3983/3799 3788/3987/3799
f 3699/3927/3800 3698/3924/3800 3761/3985/3800 3762/3988/3800
f 3752/3928/3801 3751/3925/3801 3814/3986/3801 3815/3989/3801
f 3726/3929/3802 3725/3926/3802 3788/3987/3802 3789/3990/3802
f 3700/3930/3803 3699/3927/3803 3762/3988/3803 3763/3991/3803
f 3753/3931/3804 3752/3928/3804 3815/3989/3804 3816/3992/3804
f 3727/3932/3805 3726/3929/3805 3789/3990/3805 3790/3993/3805
f 3701/3933/3806 3700/3930/3806 3763/3991/3806 3764/3994/3806
f 3754/3934/3807 3753/3931/3807 3816/3992/3807 3817/3995/3807
f 3728/3935/3808 3727/3932/3808 3790/3993/3808 3791/3996/3808
f 3702/3936/3809 3701/3933/3809 3764/3994/3809 3765/3997/3809
f 3755/3937/3810 3754/3934/3810 3817/3995/3810 3818/3998/3810
f 3729/3938/3811 3728/3935/3811 3791/3996/3811 3792/3999/3811
f 3703/3939/3812 3702/3936/3812 3765/3997/3812 3766/4000/3812
f 3756/3940/3813 3755/3937/3813 3818/3998/3813 3819/4001/3813
f 3730/3941/3814 3729/3938/3814 3792/3999/3814 3793/4002/3814
f 3704/3942/3815 3703/3939/3815 3766/4000/3815 3767/4003/3815
f 3757/3943/3816 3756/3940/3816 3819/4001/3816 3820/4004/3816
f 3731/3944/3817 3730/3941/3817 3793/4002/3817 3794/4005/3817
f 3705/3945/3818 3704/3942/3818 3767/4003/3818 3768/4006/3818
f 3758/3946/3819 3757/3943/3819 3820/4004/3819 3821/4007/3819
f 3732/3947/3820 3731/3944/3820 3794/4005/3820 3795/4008/3820
f 3706/3948/3821 3705/3945/3821 3768/4006/3821 3769/4009/3821
f 3759/3949/3822 3758/3946/3822 3821/4007/3822 3822/4010/3822
f 3733/3950/3823 3732/3947/3823 3795/4008/3823 3796/4011/3823
f 3707/3951/3824 3706/3948/3824 3769/4009/3824 3770/4012/3824
f 3760/3952/3825 3759/3949/3825 3822/4010/3825 3823/4013/3825
f 3734/3953/3826 3733/3950/3826 3796/4011/3826 3797/4014/3826
f 3708/3954/3827 3707/3951/3827 3770/4012/3827 3771/4015/3827
f 43/4016/3828 3760/3952/3828 3823/4013/3828
f 3735/3956/3829 3734/3953/3829 3797/4014/3829 3798/4017/3829
f 3709/3957/3830 3708/3954/3830 3771/4015/3830 3772/4018/3830
f 3736/3958/3831 3735/3956/3831 3798/4017/3831 3799/4019/3831
f 3710/3959/3832 3709/3957/3832 3772/4018/3832 3773/4020/3832
f 3737/3960/3833 3736/3958/3833 3799/4019/3833 3800/4021/3833
f 3711/3961/3834 3710/3959/3834 3773/4020/3834 3774/4022/3834
f 3738/3897/3835 3737/3960/3835 3800/4021/3835 3801/4023/3835
f 3712/3899/3836 3711/3961/3836 3774/4022/3836 3775/4024/3836
f 3739/3898/3837 3738/3897/3837 3801/4023/3837 3802/4025/3837
f 3713/3900/3838 3712/3899/3838 3775/4024/3838 3776/4026/3838
f 3740/3901/3839 3739/3898/3839 3802/4025/3839 3803/3962/3839
f 3714/3902/3840 3713/3900/3840 3776/4026/3840 3777/3964/3840
f 3806/3968/3841 3805/3966/3841 3868/4027/3841 3869/4028/3841
f 3780/3969/3842 3779/3967/3842 3842/4029/3842 3843/4030/3842
f 3807/3970/3843 3806/3968/3843 3869/4028/3843 3870/4031/3843
f 3781/3971/3844 3780/3969/3844 3843/4030/3844 3844/4032/3844
f 3808/3972/3845 3807/3970/3845 3870/4031/3845 3871/4033/3845
f 3782/3973/3846 3781/3971/3846 3844/4032/3846 3845/4034/3846
f 3809/3974/3847 3808/3972/3847 3871/4033/3847 3872/4035/3847
f 3783/3975/3848 3782/3973/3848 3845/4034/3848 3846/4036/3848
f 3810/3976/3849 3809/3974/3849 3872/4035/3849 3873/4037/3849
f 3784/3977/3850 3783/3975/3850 3846/4036/3850 3847/4038/3850
f 3811/3978/3851 3810/3976/3851 3873/4037/3851 3874/4039/3851
f 3785/3979/3852 3784/3977/3852 3847/4038/3852 3848/4040/3852
f 3812/3980/3853 3811/3978/3853 3874/4039/3853 3875/4041/3853
f 3786/3981/3854 3785/3979/3854 3848/4040/3854 3849/4042/3854
f 3813/3982/3855 3812/3980/3855 3875/4041/3855 3876/4043/3855
f 3787/3983/3856 3786/3981/3856 3849/4042/3856 3850/4044/3856
f 3761/3985/3857 1/4045/3857 3824/4046/3857
f 3814/3986/3858 3813/3982/3858 3876/4043/3858 3877/4047/3858
f 3788/3987/3859 3787/3983/3859 3850/4044/3859 3851/4048/3859
f 3762/3988/3860 3761/3985/3860 3824/4046/3860 3825/4049/3860
f 3815/3989/3861 3814/3986/3861 3877/4047/3861 3878/4050/3861
f 3789/3990/3862 3788/3987/3862 3851/4048/3862 3852/4051/3862
f 3763/3991/3863 3762/3988/3863 3825/4049/3863 3826/4052/3863
f 3816/3992/3864 3815/3989/3864 3878/4050/3864 3879/4053/3864
f 3790/3993/3865 3789/3990/3865 3852/4051/3865 3853/4054/3865
f 3764/3994/3866 3763/3991/3866 3826/4052/3866 3827/4055/3866
f 3817/3995/3867 3816/3992/3867 3879/4053/3867 3880/4056/3867
f 3791/3996/3868 3790/3993/3868 3853/4054/3868 3854/4057/3868
f 3765/3997/3869 3764/3994/3869 3827/4055/3869 3828/4058/3869
f 3818/3998/3870 3817/3995/3870 3880/4056/3870 3881/4059/3870
f 3792/3999/3871 3791/3996/3871 3854/4057/3871 3855/4060/3871
f 3766/4000/3872 3765/3997/3872 3828/4058/3872 3829/4061/3872
f 3819/4001/3873 3818/3998/3873 3881/4059/3873 3882/4062/3873
f 3793/4002/3874 3792/3999/3874 3855/4060/3874 3856/4063/3874
f 3767/4003/3875 3766/4000/3875 3829/4061/3875 3830/4064/3875
f 3820/4004/3876 3819/4001/3876 3882/4062/3876 3883/4065/3876
f 3794/4005/3877 3793/4002/3877 3856/4063/3877 3857/4066/3877
f 3768/4006/3878 3767/4003/3878 3830/4064/3878 3831/4067/3878
f 3821/4007/3879 3820/4004/3879 3883/4065/3879 3884/4068/3879
f 3795/4008/3880 3794/4005/3880 3857/4066/3880 3858/4069/3880
f 3769/4009/3881 3768/4006/3881 3831/4067/3881 3832/4070/3881
f 3822/4010/3882 3821/4007/3882 3884/4068/3882 3885/4071/3882
f 3796/4011/3883 3795/4008/3883 3858/4069/3883 3859/4072/3883
f 3770/4012/3884 3769/4009/3884 3832/4070/3884 3833/4073/3884
f 3823/4013/3885 3822/4010/3885 3885/4071/3885 3886/4074/3885
f 3797/4014/3886 3796/4011/3886 3859/4072/3886 3860/4075/3886
f 3771/4015/3887 3770/4012/3887 3833/4073/3887 3834/4076/3887
f 43/4077/3888 3823/4013/3888 3886/4074/3888
f 3798/4017/3889 3797/4014/3889 3860/4075/3889 3861/4078/3889
f 3772/4018/3890 3771/4015/3890 3834/4076/3890 3835/4079/3890
f 3799/4019/3891 3798/4017/3891 3861/4078/3891 3862/4080/3891
f 3773/4020/3892 3772/4018/3892 3835/4079/3892 3836/4081/3892
f 3800/4021/3893 3799/4019/3893 3862/4080/3893 3863/4082/3893
f 3774/4022/3894 3773/4020/3894 3836/4081/3894 3837/4083/3894
f 3801/4023/3895 3800/4021/3895 3863/4082/3895 3864/4084/3895
f 3775/4024/3896 3774/4022/3896 3837/4083/3896 3838/4085/3896
f 3802/4025/3897 3801/4023/3897 3864/4084/3897 3865/4086/3897
f 3776/4026/3898 3775/4024/3898 3838/4085/3898 3839/4087/3898
f 3803/3962/3899 3802/4025/3899 3865/4086/3899 3866/4088/3899
f 3777/3964/3900 3776/4026/3900 3839/4087/3900 3840/4089/3900
f 3804/3963/3901 3803/3962/3901 3866/4088/3901 3867/4090/3901
f 3778/3965/3902 3777/3964/3902 3840/4089/3902 3841/4091/3902
f 3805/3966/3903 3804/3963/3903 3867/4090/3903 3868/4027/3903
f 3779/3967/3904 3778/3965/3904 3841/4091/3904 3842/4029/3904
f 3871/4033/3905 3870/4031/3905 3933/4092/3905 3934/4093/3905
f 3845/4034/3906 3844/4032/3906 3907/4094/3906 3908/4095/3906
f 3872/4035/3907 3871/4033/3907 3934/4093/3907 3935/4096/3907
f 3846/4036/3908 3845/4034/3908 3908/4095/3908 3909/4097/3908
f 3873/4037/3909 3872/4035/3909 3935/4096/3909 3936/4098/3909
f 3847/4038/3910 3846/4036/3910 3909/4097/3910 3910/4099/3910
f 3874/4039/3911 3873/4037/3911 3936/4098/3911 3937/4100/3911
f 3848/4040/3912 3847/4038/3912 3910/4099/3912 3911/4101/3912
f 3875/4041/3913 3874/4039/3913 3937/4100/3913 3938/4102/3913
f 3849/4042/3914 3848/4040/3914 3911/4101/3914 3912/4103/3914
f 3876/4043/3915 3875/4041/3915 3938/4102/3915 3939/4104/3915
f 3850/4044/3916 3849/4042/3916 3912/4103/3916 3913/4105/3916
f 3824/4046/3917 1/4106/3917 3887/4107/3917
f 3877/4047/3918 3876/4043/3918 3939/4104/3918 3940/4108/3918
f 3851/4048/3919 3850/4044/3919 3913/4105/3919 3914/4109/3919
f 3825/4049/3920 3824/4046/3920 3887/4107/3920 3888/4110/3920
f 3878/4050/3921 3877/4047/3921 3940/4108/3921 3941/4111/3921
f 3852/4051/3922 3851/4048/3922 3914/4109/3922 3915/4112/3922
f 3826/4052/3923 3825/4049/3923 3888/4110/3923 3889/4113/3923
f 3879/4053/3924 3878/4050/3924 3941/4111/3924 3942/4114/3924
f 3853/4054/3925 3852/4051/3925 3915/4112/3925 3916/4115/3925
f 3827/4055/3926 3826/4052/3926 3889/4113/3926 3890/4116/3926
f 3880/4056/3927 3879/4053/3927 3942/4114/3927 3943/4117/3927
f 3854/4057/3928 3853/4054/3928 3916/4115/3928 3917/4118/3928
f 3828/4058/3929 3827/4055/3929 3890/4116/3929 3891/4119/3929
f 3881/4059/3930 3880/4056/3930 3943/4117/3930 3944/4120/3930
f 3855/4060/3931 3854/4057/3931 3917/4118/3931 3918/4121/3931
f 3829/4061/3932 3828/4058/3932 3891/4119/3932 3892/4122/3932
f 3882/4062/3933 3881/4059/3933 3944/4120/3933 3945/4123/3933
f 3856/4063/3934 3855/4060/3934 3918/4121/3934 3919/4124/3934
f 3830/4064/3935 3829/4061/3935 3892/4122/3935 3893/4125/3935
f 3883/4065/3936 3882/4062/3936 3945/4123/3936 3946/4126/3936
f 3857/4066/3937 3856/4063/3937 3919/4124/3937 3920/4127/3937
f 3831/4067/3938 3830/4064/3938 3893/4125/3938 3894/4128/3938
f 3884/4068/3939 3883/4065/3939 3946/4126/3939 3947/4129/3939
f 3858/4069/3940 3857/4066/3940 3920/4127/3940 3921/4130/3940
f 3832/4070/3941 3831/4067/3941 3894/4128/3941 3895/4131/3941
f 3885/4071/3942 3884/4068/3942 3947/4129/3942 3948/4132/3942
f 3859/4072/3943 3858/4069/3943 3921/4130/3943 3922/4133/3943
f 3833/4073/3944 3832/4070/3944 3895/4131/3944 3896/4134/3944
f 3886/4074/3945 3885/4071/3945 3948/4132/3945 3949/4135/3945
f 3860/4075/3946 3859/4072/3946 3922/4133/3946 3923/4136/3946
f 3834/4076/3947 3833/4073/3947 3896/4134/3947 3897/4137/3947
f 43/4138/3948 3886/4074/3948 3949/4135/3948
f 3861/4078/3949 3860/4075/3949 3923/4136/3949 3924/4139/3949
f 3835/4079/3950 3834/4076/3950 3897/4137/3950 3898/4140/3950
f 3862/4080/3951 3861/4078/3951 3924/4139/3951 3925/4141/3951
f 3836/4081/3952 3835/4079/3952 3898/4140/3952 3899/4142/3952
f 3863/4082/3953 3862/4080/3953 3925/4141/3953 3926/4143/3953
f 3837/4083/3954 3836/4081/3954 3899/4142/3954 3900/4144/3954
f 3864/4084/3955 3863/4082/3955 3926/4143/3955 3927/4145/3955
f 3838/4085/3956 3837/4083/3956 3900/4144/3956 3901/4146/3956
f 3865/4086/3957 3864/4084/3957 3927/4145/3957 3928/4147/3957
f 3839/4087/3958 3838/4085/3958 3901/4146/3958 3902/4148/3958
f 3866/4088/3959 3865/4086/3959 3928/4147/3959 3929/4149/3959
f 3840/4089/3960 3839/4087/3960 3902/4148/3960 3903/4150/3960
f 3867/4090/3961 3866/4088/3961 3929/4149/3961 3930/4151/3961
f 3841/4091/3962 3840/4089/3962 3903/4150/3962 3904/4152/3962
f 3868/4027/3963 3867/4090/3963 3930/4151/3963 3931/4153/3963
f 3842/4029/3964 3841/4091/3964 3904/4152/3964 3905/4154/3964
f 3869/4028/3965 3868/4027/3965 3931/4153/3965 3932/4155/3965
f 3843/4030/3966 3842/4029/3966 3905/4154/3966 3906/4156/3966
f 3870/4031/3967 3869/4028/3967 3932/4155/3967 3933/4092/3967
f 3844/4032/3968 3843/4030/3968 3906/4156/3968 3907/4094/3968
f 3936/4098/3969 3935/4096/3969 3998/4157/3969 3999/4158/3969
f 3910/4099/3970 3909/4097/3970 3972/4159/3970 3973/4160/3970
f 3937/4100/3971 3936/4098/3971 3999/4158/3971 4000/4161/3971
f 3911/4101/3972 3910/4099/3972 3973/4160/3972 3974/4162/3972
f 3938/4102/3973 3937/4100/3973 4000/4161/3973 4001/4163/3973
f 3912/4103/3974 3911/4101/3974 3974/4162/3974 3975/4164/3974
f 3939/4104/3975 3938/4102/3975 4001/4163/3975 4002/4165/3975
f 3913/4105/3976 3912/4103/3976 3975/4164/3976 3976/4166/3976
f 3887/4107/3977 1/4167/3977 3950/4168/3977
f 3940/4108/3978 3939/4104/3978 4002/4165/3978 4003/4169/3978
f 3914/4109/3979 3913/4105/3979 3976/4166/3979 3977/4170/3979
f 3888/4110/3980 3887/4107/3980 3950/4168/3980 3951/4171/3980
f 3941/4111/3981 3940/4108/3981 4003/4169/3981 4004/4172/3981
f 3915/4112/3982 3914/4109/3982 3977/4170/3982 3978/4173/3982
f 3889/4113/3983 3888/4110/3983 3951/4171/3983 3952/4174/3983
f 3942/4114/3984 3941/4111/3984 4004/4172/3984 4005/4175/3984
f 3916/4115/3985 3915/4112/3985 3978/4173/3985 3979/4176/3985
f 3890/4116/3986 3889/4113/3986 3952/4174/3986 3953/4177/3986
f 3943/4117/3987 3942/4114/3987 4005/4175/3987 4006/4178/3987
f 3917/4118/3988 3916/4115/3988 3979/4176/3988 3980/4179/3988
f 3891/4119/3989 3890/4116/3989 3953/4177/3989 3954/4180/3989
f 3944/4120/3990 3943/4117/3990 4006/4178/3990 4007/4181/3990
f 3918/4121/3991 3917/4118/3991 3980/4179/3991 3981/4182/3991
f 3892/4122/3992 3891/4119/3992 3954/4180/3992 3955/4183/3992
f 3945/4123/3993 3944/4120/3993 4007/4181/3993 4008/4184/3993
f 3919/4124/3994 3918/4121/3994 3981/4182/3994 3982/4185/3994
f 3893/4125/3995 3892/4122/3995 3955/4183/3995 3956/4186/3995
f 3946/4126/3996 3945/4123/3996 4008/4184/3996 4009/4187/3996
f 3920/4127/3997 3919/4124/3997 3982/4185/3997 3983/4188/3997
f 3894/4128/3998 3893/4125/3998 3956/4186/3998 3957/4189/3998
f 3947/4129/3999 3946/4126/3999 4009/4187/3999 4010/4190/3999
f 3921/4130/4000 3920/4127/4000 3983/4188/4000 3984/4191/4000
f 3895/4131/4001 3894/4128/4001 3957/4189/4001 3958/4192/4001
f 3948/4132/4002 3947/4129/4002 4010/4190/4002 4011/4193/4002
f 3922/4133/4003 3921/4130/4003 3984/4191/4003 3985/4194/4003
f 3896/4134/4004 3895/4131/4004 3958/4192/4004 3959/4195/4004
f 3949/4135/4005 3948/4132/4005 4011/4193/4005 4012/4196/4005
f 3923/4136/4006 3922/4133/4006 3985/4194/4006 3986/4197/4006
f 3897/4137/4007 3896/4134/4007 3959/4195/4007 3960/4198/4007
f 43/4199/4008 3949/4135/4008 4012/4196/4008
f 3924/4139/4009 3923/4136/4009 3986/4197/4009 3987/4200/4009
f 3898/4140/4010 3897/4137/4010 3960/4198/4010 3961/4201/4010
f 3925/4141/4011 3924/4139/4011 3987/4200/4011 3988/4202/4011
f 3899/4142/4012 3898/4140/4012 3961/4201/4012 3962/4203/4012
f 3926/4143/4013 3925/4141/4013 3988/4202/4013 3989/4204/4013
f 3900/4144/4014 3899/4142/4014 3962/4203/4014 3963/4205/4014
f 3927/4145/4015 3926/4143/4015 3989/4204/4015 3990/4206/4015
f 3901/4146/4016 3900/4144/4016 3963/4205/4016 3964/4207/4016
f 3928/4147/4017 3927/4145/4017 3990/4206/4017 3991/4208/4017
f 3902/4148/4018 3901/4146/4018 3964/4207/4018 3965/4209/4018
f 3929/4149/4019 3928/4147/4019 3991/4208/4019 3992/4210/4019
f 3903/4150/4020 3902/4148/4020 3965/4209/4020 3966/4211/4020
f 3930/4151/4021 3929/4149/4021 3992/4210/4021 3993/4212/4021
f 3904/4152/4022 3903/4150/4022 3966/4211/4022 3967/4213/4022
f 3931/4153/4023 3930/4151/4023 3993/4212/4023 3994/4214/4023
f 3905/4154/4024 3904/4152/4024 3967/4213/4024 3968/4215/4024
f 3932/4155/4025 3931/4153/4025 3994/4214/4025 3995/4216/4025
f 3906/4156/4026 3905/4154/4026 3968/4215/4026 3969/4217/4026
f 3933/4092/4027 3932/4155/4027 3995/4216/4027 3996/4218/4027
f 3907/4094/4028 3906/4156/4028 3969/4217/4028 3970/4219/4028
f 3934/4093/4029 3933/4092/4029 3996/4218/4029 3997/4220/4029
f 3908/4095/4030 3907/4094/4030 3970/4219/4030 3971/4221/4030
f 3935/4096/4031 3934/4093/4031 3997/4220/4031 3998/4157/4031
f 3909/4097/4032 3908/4095/4032 3971/4221/4032 3972/4159/4032
f 4001/4163/4033 4000/4161/4033 35/57/4033 4030/61/4033
f 3975/4164/4034 3974/4162/4034 14/59/4034 15/63/4034
f 4002/4165/4035 4001/4163/4035 4030/61/4035 36/65/4035
f 3976/4166/4036 3975/4164/4036 15/63/4036 16/67/4036
f 3950/4168/4037 1/4222/4037 4013/69/4037
f 4003/4169/4038 4002/4165/4038 36/65/4038 37/72/4038
f 3977/4170/4039 3976/4166/4039 16/67/4039 4025/74/4039
f 3951/4171/4040 3950/4168/4040 4013/69/4040 4014/76/4040
f 4004/4172/4041 4003/4169/4041 37/72/4041 38/78/4041
f 3978/4173/4042 3977/4170/4042 4025/74/4042 17/80/4042
f 3952/4174/4043 3951/4171/4043 4014/76/4043 4015/82/4043
f 4005/4175/4044 4004/4172/4044 38/78/4044 39/84/4044
f 3979/4176/4045 3978/4173/4045 17/80/4045 18/86/4045
f 3953/4177/4046 3952/4174/4046 4015/82/4046 2/88/4046
f 4006/4178/4047 4005/4175/4047 39/84/4047 40/90/4047
f 3980/4179/4048 3979/4176/4048 18/86/4048 19/92/4048
f 3954/4180/4049 3953/4177/4049 2/88/4049 4016/94/4049
f 4007/4181/4050 4006/4178/4050 40/90/4050 41/96/4050
f 3981/4182/4051 3980/4179/4051 19/92/4051 20/98/4051
f 3955/4183/4052 3954/4180/4052 4016/94/4052 3/100/4052
f 4008/4184/4053 4007/4181/4053 41/96/4053 4031/102/4053
f 3982/4185/4054 3981/4182/4054 20/98/4054 4026/104/4054
f 3956/4186/4055 3955/4183/4055 3/100/4055 4017/106/4055
f 4009/4187/4056 4008/4184/4056 4031/102/4056 42/108/4056
f 3983/4188/4057 3982/4185/4057 4026/104/4057 21/110/4057
f 3957/4189/4058 3956/4186/4058 4017/106/4058 4018/112/4058
f 4010/4190/4059 4009/4187/4059 42/108/4059 4032/114/4059
f 3984/4191/4060 3983/4188/4060 21/110/4060 22/116/4060
f 3958/4192/4061 3957/4189/4061 4018/112/4061 4019/118/4061
f 4011/4193/4062 4010/4190/4062 4032/114/4062 4033/120/4062
f 3985/4194/4063 3984/4191/4063 22/116/4063 4027/122/4063
f 3959/4195/4064 3958/4192/4064 4019/118/4064 4020/124/4064
f 4012/4196/4065 4011/4193/4065 4033/120/4065 4034/126/4065
f 3986/4197/4066 3985/4194/4066 4027/122/4066 23/2/4066
f 3960/4198/4067 3959/4195/4067 4020/124/4067 4021/6/4067
f 43/4223/4068 4012/4196/4068 4034/126/4068
f 3987/4200/4069 3986/4197/4069 23/2/4069 24/1/4069
f 3961/4201/4070 3960/4198/4070 4021/6/4070 4022/5/4070
f 3988/4202/4071 3987/4200/4071 24/1/4071 4028/9/4071
f 3962/4203/4072 3961/4201/4072 4022/5/4072 4/11/4072
f 3989/4204/4073 3988/4202/4073 4028/9/4073 25/13/4073
f 3963/4205/4074 3962/4203/4074 4/11/4074 4023/15/4074
f 3990/4206/4075 3989/4204/4075 25/13/4075 26/17/4075
f 3964/4207/4076 3963/4205/4076 4023/15/4076 5/19/4076
f 3991/4208/4077 3990/4206/4077 26/17/4077 27/21/4077
f 3965/4209/4078 3964/4207/4078 5/19/4078 6/23/4078
f 3992/4210/4079 3991/4208/4079 27/21/4079 28/25/4079
f 3966/4211/4080 3965/4209/4080 6/23/4080 7/27/4080
f 3993/4212/4081 3992/4210/4081 28/25/4081 29/29/4081
f 3967/4213/4082 3966/4211/4082 7/27/4082 4024/31/4082
f 3994/4214/4083 3993/4212/4083 29/29/4083 30/33/4083
f 3968/4215/4084 3967/4213/4084 4024/31/4084 8/35/4084
f 3995/4216/4085 3994/4214/4085 30/33/4085 4029/37/4085
f 3969/4217/4086 3968/4215/4086 8/35/4086 9/39/4086
f 3996/4218/4087 3995/4216/4087 4029/37/4087 31/41/4087
f 3970/4219/4088 3969/4217/4088 9/39/4088 10/43/4088
f 3997/4220/4089 3996/4218/4089 31/41/4089 32/45/4089
f 3971/4221/4090 3970/4219/4090 10/43/4090 11/47/4090
f 3998/4157/4091 3997/4220/4091 32/45/4091 33/49/4091
f 3972/4159/4092 3971/4221/4092 11/47/4092 12/51/4092
f 3999/4158/4093 3998/4157/4093 33/49/4093 34/53/4093
f 3973/4160/4094 3972/4159/4094 12/51/4094 13/55/4094
f 4000/4161/4095 3999/4158/4095 34/53/4095 35/57/4095
f 3974/4162/4096 3973/4160/4096 13/55/4096 14/59/4096
