# Blender 5.0.1
# www.blender.org
mtllib Gibson_Project2_Vehicle.mtl
o Boat_Bottom_Panel
v 0.000007 -0.276939 1.284129
v -0.438342 -0.109705 -4.016298
v 0.438355 -0.109705 -4.016298
v -0.554493 -0.276939 -2.771440
v -0.599450 -0.276939 -1.965631
v 0.554506 -0.276939 -2.771440
v 0.599463 -0.276939 -1.965631
v -0.294324 -0.276939 0.803999
v -0.449266 -0.276939 0.394330
v 0.449279 -0.276939 0.394330
v 0.294337 -0.276939 0.803999
v 0.545623 -0.276939 -0.350945
v 0.597713 -0.276939 -1.154467
v -0.545610 -0.276939 -0.350945
v -0.597700 -0.276939 -1.154467
v 0.000007 -0.236767 1.284129
v -0.438342 -0.069866 -4.011319
v 0.438355 -0.069866 -4.011319
v -0.554493 -0.236843 -2.769060
v -0.599450 -0.236767 -1.965631
v 0.554506 -0.236843 -2.769060
v 0.599463 -0.236767 -1.965631
v -0.294324 -0.236767 0.803999
v -0.449266 -0.236767 0.394330
v 0.449279 -0.236767 0.394330
v 0.294337 -0.236767 0.803999
v 0.545623 -0.236767 -0.350945
v 0.597713 -0.236767 -1.154467
v -0.545610 -0.236767 -0.350945
v -0.597700 -0.236767 -1.154467
vn -0.0000 -1.0000 -0.0000
vn -0.0000 -0.9911 -0.1331
vn -0.0000 1.0000 -0.0001
vn -0.0000 1.0000 -0.0000
vn -0.0000 0.9911 0.1332
vn -0.0000 0.1240 -0.9923
vn -0.9984 0.0017 -0.0558
vn 0.9984 0.0017 -0.0558
vn 0.9353 -0.0000 0.3538
vn -0.9353 -0.0000 0.3538
vn 0.9979 -0.0000 0.0647
vn -0.9979 -0.0000 0.0647
vn -0.9957 0.0085 -0.0919
vn -1.0000 -0.0000 0.0022
vn 1.0000 -0.0000 0.0022
vn 0.9957 0.0085 -0.0919
vn -0.8526 -0.0000 0.5226
vn -0.9917 -0.0000 0.1282
vn 0.9917 -0.0000 0.1282
vn 0.8526 -0.0000 0.5226
vt 0.372991 0.519325
vt 0.125000 0.519325
vt 0.125000 0.500000
vt 0.375000 0.500000
vt 0.327391 0.678545
vt 0.125000 0.678545
vt 0.125000 0.650924
vt 0.347429 0.650924
vt 0.360195 0.602741
vt 0.125000 0.602741
vt 0.125000 0.557804
vt 0.368990 0.557804
vt 0.125000 0.500000
vt 0.125000 0.750000
s 0
f 7/1/1 5/2/1 4/3/1 6/4/1
f 11/5/1 8/6/1 9/7/1 10/8/1
f 12/9/1 14/10/1 15/11/1 13/12/1
f 5/2/1 7/1/1 13/12/1 15/11/1
f 6/4/2 4/3/2 2/13/2 3/4/2
f 14/10/1 12/9/1 10/8/1 9/7/1
f 8/6/1 11/5/1 1/14/1
f 22/1/3 21/4/3 19/3/3 20/2/3
f 26/5/4 25/8/4 24/7/4 23/6/4
f 27/9/4 28/12/4 30/11/4 29/10/4
f 20/2/4 30/11/4 28/12/4 22/1/4
f 21/4/5 18/4/5 17/13/5 19/3/5
f 29/10/4 24/7/4 25/8/4 27/9/4
f 23/6/4 16/14/4 26/5/4
f 3/4/6 2/13/6 17/13/6 18/4/6
f 4/3/7 5/2/7 20/2/7 19/3/7
f 7/1/8 6/4/8 21/4/8 22/1/8
f 11/5/9 10/8/9 25/8/9 26/5/9
f 9/7/10 8/6/10 23/6/10 24/7/10
f 12/9/11 13/12/11 28/12/11 27/9/11
f 15/11/12 14/10/12 29/10/12 30/11/12
f 2/13/13 4/3/13 19/3/13 17/13/13
f 5/2/14 15/11/14 30/11/14 20/2/14
f 13/12/15 7/1/15 22/1/15 28/12/15
f 6/4/16 3/4/16 18/4/16 21/4/16
f 8/6/17 1/14/17 16/14/17 23/6/17
f 14/10/18 9/7/18 24/7/18 29/10/18
f 10/8/19 12/9/19 27/9/19 25/8/19
f 1/14/20 11/5/20 26/5/20 16/14/20
o Front_Cover
v -0.162488 1.005949 1.766758
v -0.162488 0.962499 1.766758
v -0.633687 1.005949 0.791320
v -0.633687 0.962499 0.791320
v 0.147963 1.005949 1.766758
v 0.147963 0.962499 1.766758
v 0.612680 1.005949 0.791320
v 0.612680 0.962499 0.791320
vn -0.9004 -0.0000 0.4350
vn -0.0000 -0.0000 -1.0000
vn 0.9028 -0.0000 0.4301
vn -0.0000 -0.0000 1.0000
vn -0.0000 1.0000 -0.0000
vn -0.0000 -1.0000 -0.0000
vt 0.375000 0.000000
vt 0.625000 0.000000
vt 0.625000 0.250000
vt 0.375000 0.250000
vt 0.625000 0.500000
vt 0.375000 0.500000
vt 0.625000 0.750000
vt 0.375000 0.750000
vt 0.625000 1.000000
vt 0.375000 1.000000
vt 0.125000 0.500000
vt 0.125000 0.750000
vt 0.875000 0.500000
vt 0.875000 0.750000
s 0
f 31/15/21 33/18/21 34/17/21 32/16/21
f 33/18/22 37/20/22 38/19/22 34/17/22
f 37/20/23 35/22/23 36/21/23 38/19/23
f 35/22/24 31/24/24 32/23/24 36/21/24
f 33/25/25 31/26/25 35/22/25 37/20/25
f 38/19/26 36/21/26 32/28/26 34/27/26
o Boat_Back_Panel
v -0.743467 1.025886 -4.072104
v -0.425297 -0.111558 -4.072104
v 0.425297 -0.111558 -4.072104
v 0.743467 1.025886 -4.072104
v -0.721748 0.566571 -4.072104
v -0.641806 0.320837 -4.072104
v 0.641806 0.320837 -4.072104
v 0.721748 0.566571 -4.072104
v -0.743467 1.025886 -4.018805
v -0.425297 -0.111558 -4.018804
v 0.425297 -0.111558 -4.018804
v 0.743467 1.025886 -4.018805
v -0.721748 0.566571 -4.018805
v -0.641806 0.320837 -4.018804
v 0.641806 0.320837 -4.018804
v 0.721748 0.566571 -4.018805
vn -0.0000 -0.0000 -1.0000
vn -0.0000 -0.0000 1.0000
vn -0.0000 -1.0000 -0.0000
vn -0.0000 1.0000 -0.0000
vn 0.9509 -0.3094 -0.0000
vn -0.9509 -0.3094 -0.0000
vn -0.8942 -0.4477 -0.0000
vn 0.8942 -0.4477 -0.0000
vn -0.9989 -0.0472 -0.0000
vn 0.9989 -0.0472 -0.0000
vt 0.546342 0.250000
vt 0.546342 0.500000
vt 0.459862 0.500000
vt 0.459862 0.250000
vt 0.375000 0.250000
vt 0.375000 0.500000
vt 0.625000 0.250000
vt 0.625000 0.500000
s 0
f 43/29/27 46/30/27 45/31/27 44/32/27
f 40/33/27 44/32/27 45/31/27 41/34/27
f 43/29/27 39/35/27 42/36/27 46/30/27
f 51/29/28 52/32/28 53/31/28 54/30/28
f 48/33/28 49/34/28 53/31/28 52/32/28
f 51/29/28 54/30/28 50/36/28 47/35/28
f 40/33/29 41/34/29 49/34/29 48/33/29
f 42/36/30 39/35/30 47/35/30 50/36/30
f 45/31/31 46/30/31 54/30/31 53/31/31
f 43/29/32 44/32/32 52/32/32 51/29/32
f 44/32/33 40/33/33 48/33/33 52/32/33
f 41/34/34 45/31/34 53/31/34 49/34/34
f 39/35/35 43/29/35 51/29/35 47/35/35
f 46/30/36 42/36/36 50/36/36 54/30/36
o Boat_Top_Panel
v -0.015465 1.014780 2.089458
v 0.003288 1.014800 2.089573
v -0.006016 1.045405 2.078746
v -0.778287 0.996502 -4.091645
v -0.774269 0.976573 -4.111381
v -0.796969 0.975406 -4.094582
v 0.778274 0.996503 -4.091643
v 0.796969 0.975406 -4.094582
v 0.774269 0.976573 -4.111381
v -1.057461 0.974449 -2.043226
v -1.038985 0.995769 -2.042375
v -0.965229 0.996182 -2.857440
v -0.983690 0.974994 -2.859793
v 1.038970 0.995770 -2.042374
v 1.057461 0.974449 -2.043226
v 0.983690 0.974994 -2.859793
v 0.965215 0.996183 -2.857438
v -0.791010 0.996638 0.351829
v -0.809041 0.975580 0.357790
v -0.497349 0.973566 1.094543
v -0.480424 0.995114 1.086493
v 0.480252 0.995064 1.086770
v 0.497169 0.973496 1.094934
v 0.809041 0.975580 0.357790
v 0.790983 0.996640 0.351821
v -1.036095 0.995790 -1.220702
v -1.054567 0.974477 -1.219640
v -0.968826 0.975016 -0.403451
v -0.950425 0.996201 -0.406498
v 1.054567 0.974477 -1.219640
v 1.036077 0.995792 -1.220703
v 0.950403 0.996202 -0.406501
v 0.968826 0.975016 -0.403451
v 0.003966 0.655331 1.950089
v -0.016524 0.655348 1.949960
v -0.006149 0.645557 1.925778
v -0.757262 0.589046 -4.091629
v -0.778008 0.607821 -4.094567
v -0.755398 0.608903 -4.111381
v 0.757277 0.589045 -4.091631
v 0.755398 0.608903 -4.111381
v 0.778008 0.607821 -4.094567
v -0.938452 0.594041 -2.857457
v -0.959579 0.612691 -2.859817
v -1.031254 0.611481 -2.043238
v -1.009890 0.592980 -2.042385
v 1.009908 0.592978 -2.042385
v 1.031254 0.611481 -2.043238
v 0.959579 0.612691 -2.859817
v 0.938468 0.594040 -2.857459
v 0.455239 0.595339 1.086772
v 0.474635 0.613626 1.094928
v 0.789663 0.614484 0.357921
v 0.769481 0.595674 0.351931
v -0.769450 0.595675 0.351921
v -0.789663 0.614484 0.357921
v -0.474816 0.613696 1.094538
v -0.455337 0.595396 1.086463
v 0.924104 0.594137 -0.406462
v 0.945114 0.612794 -0.403409
v 1.028440 0.611525 -1.219624
v 1.007105 0.593014 -1.220688
v -1.007084 0.593016 -1.220689
v -1.028440 0.611525 -1.219624
v -0.945114 0.612794 -0.403409
v -0.924079 0.594139 -0.406466
v -0.006016 1.045439 2.078617
v 0.002851 1.034545 2.011564
v -0.014375 1.034525 2.011457
v -0.738705 0.998840 -4.085745
v -0.717978 0.980063 -4.082808
v -0.734698 0.978903 -4.105483
v 0.738719 0.998839 -4.085747
v 0.734698 0.978903 -4.105483
v 0.717978 0.980063 -4.082808
v -0.999081 0.998592 -2.040671
v -0.977732 0.980088 -2.039821
v -0.904410 0.980081 -2.850367
v -0.925521 0.998730 -2.852719
v 0.977732 0.980088 -2.039821
v 0.999097 0.998590 -2.040672
v 0.925535 0.998729 -2.852721
v 0.904410 0.980081 -2.850367
v -0.732787 0.980065 0.334014
v -0.752953 0.998877 0.339967
v -0.443864 0.998378 1.070297
v -0.424447 0.980073 1.062249
v 0.424447 0.980073 1.062249
v 0.443857 0.998357 1.070412
v 0.752982 0.998875 0.339976
v 0.732787 0.980065 0.334014
v -0.974877 0.980088 -1.223888
v -0.996215 0.998598 -1.222828
v -0.910929 0.998736 -0.412599
v -0.889923 0.980079 -0.415642
v 0.996234 0.998597 -1.222826
v 0.974877 0.980088 -1.223888
v 0.889923 0.980079 -0.415642
v 0.910953 0.998734 -0.412595
v -0.006113 0.646931 1.920525
v -0.015207 0.675395 1.872013
v 0.003704 0.675385 1.872132
v -0.717713 0.591382 -4.085733
v -0.715828 0.611233 -4.105482
v -0.699017 0.612480 -4.082793
v 0.717696 0.591383 -4.085731
v 0.699017 0.612479 -4.082793
v 0.715828 0.611233 -4.105482
v -0.880302 0.617774 -2.850367
v -0.898774 0.596585 -2.852727
v -0.970010 0.595800 -2.040675
v -0.951526 0.617121 -2.039821
v 0.951526 0.617121 -2.039821
v 0.969990 0.595802 -2.040674
v 0.898757 0.596586 -2.852725
v 0.880302 0.617774 -2.850367
v 0.401911 0.620196 1.062248
v 0.418798 0.598631 1.070397
v 0.731486 0.597908 0.340008
v 0.713451 0.618967 0.334014
v -0.713451 0.618967 0.334014
v -0.731521 0.597906 0.340020
v -0.418885 0.598645 1.070319
v -0.401911 0.620197 1.062248
v 0.866217 0.617854 -0.415642
v 0.884610 0.596670 -0.412588
v 0.967211 0.595823 -1.222824
v 0.948751 0.617136 -1.223888
v -0.948751 0.617136 -1.223888
v -0.967235 0.595821 -1.222822
v -0.884639 0.596668 -0.412583
v -0.866217 0.617854 -0.415642
vn -0.0061 0.3318 0.9433
vn -0.5155 0.5482 -0.6585
vn 0.5154 0.5485 -0.6584
vn -0.0031 -0.9274 0.3742
vn -0.4559 -0.6058 -0.6521
vn 0.4560 -0.6055 -0.6522
vn -0.0002 0.9871 -0.1604
vn 0.6223 0.6103 -0.4901
vn -0.6222 0.6106 -0.4900
vn 0.0027 -0.8623 -0.5064
vn 0.6886 -0.5432 -0.4803
vn -0.6888 -0.5429 -0.4805
vn -0.7506 0.6573 -0.0675
vn 0.7504 0.6576 -0.0675
vn -0.6896 0.6622 0.2932
vn 0.6892 0.6626 0.2931
vn 0.7489 0.6580 0.0784
vn -0.7492 0.6577 0.0784
vn -0.7396 0.6637 -0.1117
vn -0.7557 0.6549 0.0026
vn 0.7554 0.6553 0.0026
vn 0.7394 0.6639 -0.1117
vn -0.7788 0.5199 0.3509
vn -0.7319 0.6639 0.1533
vn 0.7752 0.5201 0.3585
vn 0.7315 0.6644 0.1532
vn 0.6505 -0.7476 0.1343
vn 0.4630 -0.8340 0.3000
vn -0.6499 -0.7481 0.1342
vn -0.4663 -0.8341 0.2949
vn 0.6552 -0.7555 0.0023
vn 0.6571 -0.7479 -0.0936
vn -0.6548 -0.7558 0.0023
vn -0.6569 -0.7482 -0.0935
vn -0.6540 -0.7535 0.0678
vn 0.6544 -0.7531 0.0679
vn -0.6088 -0.7496 0.2597
vn 0.6093 -0.7492 0.2599
vn 0.6549 -0.7534 -0.0585
vn -0.6546 -0.7537 -0.0585
vn -0.0058 -0.3618 0.9322
vn -0.5945 -0.0306 -0.8035
vn 0.5945 -0.0306 -0.8035
vn 0.6548 0.7535 0.0593
vn -0.6545 0.7537 0.0593
vn 0.6106 0.7486 -0.2582
vn -0.6099 0.7494 -0.2579
vn -0.6539 0.7534 -0.0688
vn 0.6543 0.7531 -0.0689
vn 0.6564 0.7478 0.0994
vn 0.6551 0.7555 -0.0023
vn -0.6548 0.7558 -0.0023
vn -0.6561 0.7481 0.0994
vn 0.4854 0.8367 -0.2537
vn 0.6503 0.7473 -0.1365
vn -0.4810 0.8380 -0.2576
vn -0.6498 0.7478 -0.1364
vn -0.7330 -0.6639 -0.1482
vn -0.7816 -0.5125 -0.3556
vn 0.7325 -0.6645 -0.1481
vn 0.7845 -0.5148 -0.3458
vn -0.7559 -0.6547 -0.0026
vn -0.7397 -0.6636 0.1115
vn 0.7555 -0.6551 -0.0026
vn 0.7394 -0.6639 0.1115
vn 0.7492 -0.6579 -0.0758
vn -0.7497 -0.6575 -0.0759
vn 0.6884 -0.6632 -0.2937
vn -0.6892 -0.6622 -0.2941
vn -0.7509 -0.6571 0.0653
vn 0.7506 -0.6575 0.0653
vn 0.0057 0.3619 -0.9322
vn 0.8024 0.0413 -0.5953
vn -0.8024 0.0413 -0.5953
vn 0.0630 0.7086 -0.7028
vn -0.0630 0.7086 -0.7028
vn 0.1451 -0.7046 -0.6946
vn -0.1451 -0.7046 -0.6946
vn -0.0926 0.9957 -0.0062
vn -0.8836 -0.1144 0.4541
vn 0.0932 0.9956 -0.0049
vn 0.8785 -0.1165 0.4633
vn -0.0603 0.9981 -0.0090
vn -0.9874 -0.0583 -0.1471
vn 0.1470 0.0075 -0.9891
vn 0.0603 0.9981 -0.0090
vn 0.9874 -0.0583 -0.1471
vn -0.1470 0.0075 -0.9891
vn -0.0668 0.9977 -0.0057
vn -0.9937 -0.0689 -0.0886
vn -0.0704 0.9975 0.0002
vn -0.9974 -0.0719 0.0035
vn 0.0668 0.9977 -0.0057
vn 0.9974 -0.0719 0.0035
vn 0.9937 -0.0689 -0.0886
vn 0.0704 0.9975 0.0002
vn -0.0630 0.9976 0.0280
vn -0.9776 -0.0582 0.2025
vn -0.9190 -0.0534 0.3907
vn -0.0587 0.9982 0.0119
vn 0.0634 0.9976 0.0282
vn 0.9190 -0.0534 0.3907
vn 0.0587 0.9982 0.0119
vn 0.9776 -0.0582 0.2025
vn -0.0665 0.9978 0.0067
vn -0.9924 -0.0682 0.1029
vn 0.0665 0.9978 0.0067
vn 0.9924 -0.0682 0.1029
vn -0.1232 -0.9924 -0.0068
vn 0.1229 -0.9924 -0.0049
vn 0.0597 -0.9981 0.0129
vn -0.0597 -0.9981 0.0129
vn 0.0669 -0.9977 0.0047
vn 0.0704 -0.9975 -0.0002
vn -0.0704 -0.9975 -0.0002
vn -0.0669 -0.9977 0.0047
vn -0.0638 -0.9976 -0.0270
vn -0.0590 -0.9982 -0.0102
vn 0.0590 -0.9982 -0.0102
vn 0.0634 -0.9976 -0.0268
vn -0.0665 -0.9978 -0.0056
vn 0.0665 -0.9978 -0.0056
vn -0.8983 0.1096 -0.4255
vn 0.9030 0.1079 -0.4158
vn 0.9874 0.0583 0.1472
vn -0.9874 0.0583 0.1472
vn 0.9974 0.0719 -0.0034
vn 0.9937 0.0689 0.0886
vn -0.9937 0.0689 0.0886
vn -0.9974 0.0719 -0.0034
vn 0.9188 0.0534 -0.3911
vn 0.9776 0.0582 -0.2021
vn -0.9188 0.0534 -0.3911
vn -0.9776 0.0582 -0.2021
vn 0.9924 0.0682 -0.1029
vn -0.9924 0.0682 -0.1029
vt 0.621085 0.000969
vt 0.620643 0.000544
vt 0.625000 0.000495
vt 0.625000 0.250000
vt 0.621152 0.250000
vt 0.621147 0.250000
vt 0.625000 0.500000
vt 0.621147 0.500000
vt 0.621152 0.500000
vt 0.549334 0.749084
vt 0.547908 0.750000
vt 0.546655 0.750000
vt 0.546338 0.250000
vt 0.550191 0.250000
vt 0.550190 0.250000
vt 0.546338 0.500000
vt 0.550190 0.500000
vt 0.550191 0.500000
vt 0.625000 0.750000
vt 0.620993 0.748963
vt 0.620062 0.749673
vt 0.625000 0.250000
vt 0.621147 0.250000
vt 0.621152 0.250000
vt 0.621152 0.500000
vt 0.621147 0.500000
vt 0.546655 0.000000
vt 0.549283 0.000992
vt 0.546654 0.000277
vt 0.546338 0.250000
vt 0.550190 0.250000
vt 0.550191 0.250000
vt 0.546338 0.500000
vt 0.550191 0.500000
vt 0.550190 0.500000
vt 0.625000 0.230675
vt 0.625000 0.250000
vt 0.621091 0.250000
vt 0.621092 0.230675
vt 0.621061 0.519325
vt 0.621091 0.500000
vt 0.625000 0.500000
vt 0.625000 0.519325
vt 0.621088 0.099076
vt 0.621089 0.050263
vt 0.625000 0.050263
vt 0.625000 0.099076
vt 0.620104 0.699737
vt 0.620656 0.650924
vt 0.625000 0.650924
vt 0.625000 0.699736
vt 0.625000 0.557804
vt 0.625000 0.602741
vt 0.620859 0.602741
vt 0.620998 0.557804
vt 0.621092 0.192196
vt 0.621090 0.147259
vt 0.625000 0.147259
vt 0.625000 0.192196
vt 0.621027 0.749037
vt 0.545558 0.602741
vt 0.541970 0.650924
vt 0.537627 0.650924
vt 0.541417 0.602741
vt 0.531680 0.699736
vt 0.526784 0.699737
vt 0.550218 0.099076
vt 0.549999 0.147259
vt 0.546090 0.147259
vt 0.546305 0.099076
vt 0.550565 0.001034
vt 0.550459 0.050263
vt 0.546548 0.050263
vt 0.549252 0.519325
vt 0.548052 0.557804
vt 0.544050 0.557804
vt 0.545312 0.519325
vt 0.549984 0.500000
vt 0.546075 0.500000
vt 0.549858 0.192196
vt 0.549856 0.230675
vt 0.545948 0.230675
vt 0.545951 0.192196
vt 0.549984 0.250000
vt 0.546075 0.250000
vt 0.619669 0.750000
vt 0.621092 0.230675
vt 0.621091 0.250000
vt 0.621061 0.519325
vt 0.625000 0.050263
vt 0.621089 0.050263
vt 0.621087 0.099076
vt 0.625000 0.699737
vt 0.620656 0.650924
vt 0.620104 0.699737
vt 0.620998 0.557804
vt 0.620859 0.602741
vt 0.621090 0.147259
vt 0.621092 0.192196
vt 0.621053 0.001043
vt 0.625000 0.000000
vt 0.541971 0.650924
vt 0.545558 0.602741
vt 0.526784 0.699736
vt 0.550316 0.748886
vt 0.531680 0.699736
vt 0.546090 0.147259
vt 0.550000 0.147259
vt 0.550218 0.099076
vt 0.550459 0.050263
vt 0.548052 0.557804
vt 0.549252 0.519325
vt 0.549984 0.500000
vt 0.545948 0.230675
vt 0.549856 0.230675
vt 0.549859 0.192196
vt 0.549984 0.250000
vt 0.549089 0.750000
s 0
f 55/37/37 56/38/37 57/39/37
f 58/40/38 59/41/38 60/42/38
f 61/43/39 62/44/39 63/45/39
f 88/46/40 89/47/40 90/48/40
f 91/49/41 92/50/41 93/51/41
f 94/52/42 95/53/42 96/54/42
f 121/55/43 122/56/43 123/57/43
f 124/58/44 125/59/44 126/60/44
f 127/43/45 128/61/45 129/62/45
f 154/63/46 155/64/46 156/65/46
f 157/66/47 158/67/47 159/68/47
f 160/69/48 161/70/48 162/71/48
f 65/72/49 66/73/49 67/74/49 64/75/49
f 69/76/50 70/77/50 71/78/50 68/79/50
f 73/80/51 74/81/51 75/82/51 72/83/51
f 77/84/52 78/85/52 79/86/52 76/87/52
f 85/88/53 86/89/53 87/90/53 84/91/53
f 81/92/54 82/93/54 83/94/54 80/95/54
f 66/73/55 58/40/55 60/42/55 67/74/55
f 80/95/56 65/72/56 64/75/56 81/92/56
f 84/91/57 69/76/57 68/79/57 85/88/57
f 70/77/58 62/44/58 61/43/58 71/78/58
f 57/39/59 75/82/59 74/81/59 55/37/59
f 72/83/60 83/94/60 82/93/60 73/80/60
f 56/96/61 77/84/61 76/87/61 57/55/61
f 78/85/62 87/90/62 86/89/62 79/86/62
f 114/97/63 107/98/63 108/99/63 113/100/63
f 106/101/64 88/46/64 90/48/64 105/102/64
f 110/103/65 119/104/65 120/105/65 109/106/65
f 89/107/66 111/108/66 112/109/66 90/63/66
f 102/110/67 115/111/67 116/112/67 101/113/67
f 96/54/68 103/114/68 104/115/68 94/52/68
f 118/116/69 99/117/69 100/118/69 117/119/69
f 98/120/70 92/50/70 91/49/70 97/121/70
f 119/104/71 118/116/71 117/119/71 120/105/71
f 115/111/72 114/97/72 113/100/72 116/112/72
f 111/108/73 110/103/73 109/106/73 112/109/73
f 107/98/74 106/101/74 105/102/74 108/99/74
f 103/114/75 102/110/75 101/113/75 104/115/75
f 99/117/76 98/120/76 97/121/76 100/118/76
f 55/122/77 89/47/77 88/46/77 56/96/77
f 92/50/78 60/42/78 59/41/78 93/51/78
f 62/44/79 96/54/79 95/53/79 63/45/79
f 131/123/80 132/124/80 133/73/80 130/72/80
f 135/79/81 136/78/81 137/77/81 134/125/81
f 139/83/82 140/126/82 141/127/82 138/128/82
f 143/129/83 144/86/83 145/130/83 142/131/83
f 151/132/84 152/133/84 153/89/84 150/88/84
f 147/95/85 148/94/85 149/134/85 146/135/85
f 132/124/86 125/59/86 124/58/86 133/73/86
f 146/135/87 131/123/87 130/72/87 147/95/87
f 150/88/88 135/79/88 134/125/88 151/132/88
f 136/78/89 127/43/89 129/62/89 137/77/89
f 123/136/90 141/127/90 140/126/90 121/137/90
f 138/128/91 149/134/91 148/94/91 139/83/91
f 121/55/92 143/129/92 142/131/92 122/56/92
f 144/86/93 153/89/93 152/133/93 145/130/93
f 180/100/94 173/99/94 174/138/94 179/139/94
f 172/140/95 154/48/95 156/141/95 171/142/95
f 176/106/96 185/143/96 186/144/96 175/145/96
f 154/63/97 177/109/97 178/146/97 155/64/97
f 168/113/98 181/112/98 182/147/98 167/148/98
f 160/69/99 169/115/99 170/149/99 161/70/99
f 184/119/100 165/150/100 166/151/100 183/152/100
f 164/121/101 157/66/101 159/68/101 163/153/101
f 185/143/102 184/119/102 183/152/102 186/144/102
f 181/112/103 180/100/103 179/139/103 182/147/103
f 177/109/104 176/106/104 175/145/104 178/146/104
f 173/99/105 172/140/105 171/142/105 174/138/105
f 169/115/106 168/113/106 167/148/106 170/149/106
f 165/150/107 164/121/107 163/153/107 166/151/107
f 122/56/108 156/141/108 155/154/108 123/57/108
f 158/67/109 126/60/109 125/59/109 159/68/109
f 128/61/110 162/71/110 161/70/110 129/62/110
f 58/40/111 124/58/111 126/60/111 59/41/111
f 63/45/112 128/61/112 127/43/112 61/43/112
f 93/51/113 158/67/113 157/66/113 91/49/113
f 94/52/114 160/69/114 162/71/114 95/53/114
f 75/82/115 57/39/115 121/137/115 140/126/115
f 89/107/116 55/37/116 74/81/116 111/108/116
f 57/55/117 76/87/117 143/129/117 121/55/117
f 106/101/118 77/84/118 56/96/118 88/46/118
f 58/40/119 66/73/119 133/73/119 124/58/119
f 98/120/120 67/74/120 60/42/120 92/50/120
f 93/51/121 59/41/121 126/60/121 158/67/121
f 71/78/122 61/43/122 127/43/122 136/78/122
f 70/77/123 103/114/123 96/54/123 62/44/123
f 63/45/124 95/53/124 162/71/124 128/61/124
f 66/73/125 65/72/125 130/72/125 133/73/125
f 67/74/126 98/120/126 99/117/126 64/75/126
f 65/72/127 80/95/127 147/95/127 130/72/127
f 118/116/128 81/92/128 64/75/128 99/117/128
f 68/79/129 71/78/129 136/78/129 135/79/129
f 102/110/130 69/76/130 84/91/130 115/111/130
f 69/76/131 102/110/131 103/114/131 70/77/131
f 85/88/132 68/79/132 135/79/132 150/88/132
f 72/83/133 75/82/133 140/126/133 139/83/133
f 110/103/134 73/80/134 82/93/134 119/104/134
f 73/80/135 110/103/135 111/108/135 74/81/135
f 83/94/136 72/83/136 139/83/136 148/94/136
f 76/87/137 79/86/137 144/86/137 143/129/137
f 77/84/138 106/101/138 107/98/138 78/85/138
f 79/86/139 86/89/139 153/89/139 144/86/139
f 114/97/140 87/90/140 78/85/140 107/98/140
f 80/95/141 83/94/141 148/94/141 147/95/141
f 81/92/142 118/116/142 119/104/142 82/93/142
f 86/89/143 85/88/143 150/88/143 153/89/143
f 87/90/144 114/97/144 115/111/144 84/91/144
f 105/102/145 90/48/145 154/48/145 172/140/145
f 90/63/146 112/109/146 177/109/146 154/63/146
f 97/121/147 91/49/147 157/66/147 164/121/147
f 94/52/148 104/115/148 169/115/148 160/69/148
f 100/118/149 97/121/149 164/121/149 165/150/149
f 117/119/150 100/118/150 165/150/150 184/119/150
f 101/113/151 116/112/151 181/112/151 168/113/151
f 104/115/152 101/113/152 168/113/152 169/115/152
f 108/99/153 105/102/153 172/140/153 173/99/153
f 113/100/154 108/99/154 173/99/154 180/100/154
f 109/106/155 120/105/155 185/143/155 176/106/155
f 112/109/156 109/106/156 176/106/156 177/109/156
f 116/112/157 113/100/157 180/100/157 181/112/157
f 120/105/158 117/119/158 184/119/158 185/143/158
f 171/142/159 156/141/159 122/56/159 142/131/159
f 155/64/160 178/146/160 141/127/160 123/136/160
f 163/153/161 159/68/161 125/59/161 132/124/161
f 137/77/162 129/62/162 161/70/162 170/149/162
f 183/152/163 166/151/163 131/123/163 146/135/163
f 132/124/164 131/123/164 166/151/164 163/153/164
f 134/125/165 137/77/165 170/149/165 167/148/165
f 167/148/166 182/147/166 151/132/166 134/125/166
f 138/128/167 141/127/167 178/146/167 175/145/167
f 175/145/168 186/144/168 149/134/168 138/128/168
f 142/131/169 145/130/169 174/138/169 171/142/169
f 179/139/170 174/138/170 145/130/170 152/133/170
f 146/135/171 149/134/171 186/144/171 183/152/171
f 152/133/172 151/132/172 182/147/172 179/139/172
o Boat_Mid_Panel
v 0.013145 0.648026 1.884942
v -0.024932 0.647959 1.884919
v -0.019619 0.605441 1.916626
v 0.007848 0.605327 1.916610
v -0.014134 0.135794 1.667866
v -0.020114 0.129373 1.608700
v 0.020252 0.129289 1.609080
v 0.014110 0.135939 1.667799
v -0.751937 0.592527 -4.085313
v -0.743475 0.567255 -4.110616
v -0.772164 0.563310 -4.089095
v -0.699660 0.334702 -4.110616
v -0.698342 0.306226 -4.085489
v -0.728083 0.327341 -4.089150
v 0.698338 0.306215 -4.085490
v 0.699660 0.334702 -4.110616
v 0.728080 0.327329 -4.089150
v 0.743475 0.567255 -4.110616
v 0.751937 0.592515 -4.085313
v 0.772162 0.563300 -4.089095
v -0.865597 0.142680 -2.856853
v -0.894454 0.164303 -2.859908
v -0.953816 0.569565 -2.859948
v -0.932407 0.598653 -2.856886
v -1.003973 0.598841 -2.042225
v -1.026069 0.570091 -2.043357
v -0.974402 0.166275 -2.043381
v -0.945763 0.144200 -2.042242
v 0.931887 0.143004 -2.042011
v 0.961183 0.164412 -2.043041
v 1.025081 0.568440 -2.043016
v 1.003803 0.597645 -2.041993
v 0.932373 0.598248 -2.856653
v 0.953766 0.568973 -2.859605
v 0.894403 0.163696 -2.859557
v 0.865556 0.142269 -2.856613
v 0.407482 0.114371 0.932028
v 0.432148 0.134349 0.950896
v 0.468840 0.568429 1.089096
v 0.448436 0.598506 1.085915
v 0.763526 0.600049 0.350485
v 0.784701 0.570914 0.358311
v 0.736049 0.163320 0.358776
v 0.708725 0.141582 0.350797
v -0.708730 0.141581 0.350799
v -0.736049 0.163321 0.358776
v -0.784700 0.570909 0.358311
v -0.763521 0.600050 0.350483
v -0.448471 0.598259 1.085734
v -0.468888 0.568063 1.088830
v -0.432187 0.134085 0.950699
v -0.407511 0.114192 0.931897
v 0.852416 0.143061 -0.407785
v 0.881196 0.164908 -0.404085
v 0.939653 0.570300 -0.404173
v 0.918229 0.599191 -0.407846
v 1.001011 0.597700 -1.221179
v 1.022294 0.568508 -1.219902
v 0.958577 0.164461 -1.219869
v 0.929293 0.143030 -1.221155
v -0.943165 0.144226 -1.220923
v -0.971791 0.166323 -1.219526
v -1.023278 0.570159 -1.219558
v -1.001178 0.598896 -1.220945
v -0.918250 0.599598 -0.407614
v -0.939684 0.570894 -0.403832
v -0.881226 0.165492 -0.403749
v -0.852446 0.143456 -0.407556
v 0.011675 0.647019 1.883569
v 0.007333 0.640476 1.844029
v -0.018129 0.640584 1.844039
v -0.023455 0.647057 1.883372
v -0.013281 0.171539 1.595502
v 0.012787 0.171659 1.595441
v 0.018739 0.127998 1.607696
v -0.018578 0.127882 1.607688
v -0.723772 0.597086 -4.081033
v -0.694068 0.575968 -4.077228
v -0.715329 0.571830 -4.106339
v -0.671515 0.339277 -4.106339
v -0.649992 0.340023 -4.077283
v -0.670195 0.310775 -4.081216
v 0.670197 0.310775 -4.081216
v 0.649992 0.340023 -4.077283
v 0.671515 0.339277 -4.106339
v 0.715329 0.571830 -4.106339
v 0.694068 0.575970 -4.077228
v 0.723769 0.597086 -4.081033
v -0.815899 0.176056 -2.850367
v -0.837313 0.146906 -2.853419
v -0.904092 0.602890 -2.853431
v -0.875264 0.581305 -2.850367
v -0.946837 0.580566 -2.039821
v -0.975430 0.602621 -2.040951
v -0.917297 0.147971 -2.040962
v -0.895176 0.176789 -2.039821
v 0.882196 0.176682 -2.039821
v 0.903472 0.147411 -2.040852
v 0.975361 0.602057 -2.040843
v 0.946087 0.580675 -2.039821
v 0.875264 0.581306 -2.850367
v 0.904076 0.602700 -2.853322
v 0.837303 0.146711 -2.853307
v 0.815899 0.176056 -2.850367
v 0.361500 0.149297 0.916468
v 0.381951 0.119744 0.919594
v 0.423177 0.604141 1.073402
v 0.398522 0.584025 1.054279
v 0.709353 0.582407 0.334014
v 0.736589 0.604171 0.341810
v 0.682111 0.145689 0.342020
v 0.660872 0.174955 0.334014
v -0.660872 0.174955 0.334014
v -0.682105 0.145690 0.342018
v -0.736595 0.604170 0.341811
v -0.709352 0.582403 0.334014
v -0.398521 0.584020 1.054277
v -0.423194 0.604024 1.073317
v -0.381960 0.119661 0.919530
v -0.361500 0.149297 0.916468
v 0.802816 0.175999 -0.415642
v 0.824261 0.147035 -0.411938
v 0.889987 0.603185 -0.411976
v 0.861255 0.581358 -0.415642
v 0.943326 0.580681 -1.223888
v 0.972584 0.602090 -1.222613
v 0.900901 0.147414 -1.222601
v 0.879618 0.176674 -1.223888
v -0.892597 0.176781 -1.223888
v -0.914726 0.147974 -1.222490
v -0.972652 0.602655 -1.222504
v -0.944077 0.580572 -1.223888
v -0.861255 0.581355 -0.415642
v -0.889998 0.603376 -0.411866
v -0.824260 0.147223 -0.411832
v -0.802816 0.175999 -0.415642
vn 0.0004 0.5968 0.8024
vn 0.0004 -0.9939 0.1102
vn -0.5678 0.4796 -0.6690
vn -0.3598 -0.6266 -0.6913
vn 0.3597 -0.6265 -0.6914
vn 0.5679 0.4797 -0.6688
vn 0.0029 0.9867 -0.1628
vn 0.0002 -0.2695 -0.9630
vn 0.5449 0.6774 -0.4942
vn 0.7297 -0.4328 -0.5294
vn -0.7296 -0.4329 -0.5294
vn -0.5449 0.6773 -0.4943
vn 0.7807 0.6045 0.1584
vn 0.5951 -0.7959 0.1114
vn 0.8196 0.3768 0.4316
vn 0.0016 -0.4682 0.8836
vn 0.3666 -0.9034 0.2225
vn -0.7795 0.6060 0.1586
vn -0.5968 -0.7947 0.1112
vn -0.8255 0.3739 0.4228
vn -0.3608 -0.9065 0.2194
vn 0.8081 0.5890 0.0027
vn 0.5903 -0.8072 0.0019
vn 0.5639 -0.8051 -0.1838
vn 0.5838 -0.1094 -0.8045
vn 0.8022 0.5847 -0.1209
vn -0.7928 0.6095 0.0026
vn -0.6108 -0.7918 0.0020
vn -0.8011 0.5862 -0.1210
vn -0.5838 -0.1094 -0.8045
vn -0.5654 -0.8041 -0.1836
vn -0.6044 -0.7939 0.0665
vn -0.7909 0.6066 0.0803
vn 0.5935 -0.8028 0.0564
vn 0.7998 0.5949 0.0800
vn -0.5311 -0.8142 0.2346
vn -0.7460 0.5824 0.3229
vn 0.5315 -0.8138 0.2352
vn 0.7455 0.5834 0.3224
vn 0.5904 -0.8057 -0.0475
vn 0.8036 0.5911 -0.0699
vn -0.6014 -0.7969 -0.0573
vn -0.7947 0.6029 -0.0703
vn -0.5943 0.7950 -0.1218
vn -0.7830 -0.6039 -0.1489
vn -0.3563 0.9044 -0.2349
vn -0.0013 0.4683 -0.8836
vn -0.8222 -0.3846 -0.4196
vn 0.5957 0.7939 -0.1220
vn 0.7820 -0.6053 -0.1488
vn 0.3542 0.9066 -0.2292
vn 0.8249 -0.3774 -0.4209
vn -0.5902 0.8073 -0.0020
vn -0.8088 -0.5881 -0.0025
vn -0.8131 -0.5812 0.0326
vn -0.7906 0.1484 -0.5940
vn -0.5796 0.8108 0.0817
vn 0.6111 0.7915 -0.0021
vn 0.7931 -0.6091 -0.0025
vn 0.5811 0.8097 0.0819
vn 0.7906 0.1484 -0.5940
vn 0.8121 -0.5826 0.0324
vn 0.7904 -0.6061 -0.0886
vn 0.6051 0.7937 -0.0626
vn -0.8007 -0.5942 -0.0763
vn -0.5933 0.8027 -0.0612
vn 0.7134 -0.5791 -0.3945
vn 0.5348 0.8129 -0.2308
vn -0.7129 -0.5799 -0.3943
vn -0.5356 0.8122 -0.2312
vn -0.8045 -0.5903 0.0661
vn -0.5898 0.8058 0.0523
vn 0.7944 -0.6023 0.0786
vn 0.6017 0.7969 0.0535
vn 0.0013 0.8369 -0.5474
vn -0.0035 -0.6525 0.7577
vn -0.0070 0.7065 -0.7077
vn 0.2158 -0.6402 -0.7373
vn -0.2159 -0.6401 -0.7373
vn 0.0072 0.7065 -0.7076
vn 0.1574 0.9872 0.0261
vn 0.8420 -0.2362 0.4851
vn -0.8429 -0.2446 0.4794
vn -0.1649 0.9859 0.0275
vn 0.1211 -0.9914 -0.0496
vn -0.1235 -0.9910 -0.0511
vn -0.1502 0.9883 -0.0269
vn -0.9763 -0.1575 -0.1483
vn 0.1458 0.0275 -0.9889
vn 0.1671 -0.9800 -0.1079
vn -0.1708 -0.9794 -0.1075
vn 0.9763 -0.1575 -0.1483
vn -0.1458 0.0275 -0.9889
vn 0.1542 0.9877 -0.0272
vn -0.9865 -0.1354 -0.0917
vn 0.1383 -0.9903 0.0152
vn -0.1386 0.9903 -0.0121
vn -0.1310 0.9914 0.0004
vn -0.9919 -0.1267 0.0033
vn 0.1310 -0.9914 -0.0004
vn 0.9852 -0.1500 -0.0833
vn -0.1533 -0.9881 0.0134
vn 0.9878 -0.1560 0.0032
vn -0.1529 -0.9882 -0.0005
vn 0.1534 0.9881 -0.0127
vn 0.1530 0.9882 0.0005
vn 0.8955 -0.1588 0.4158
vn -0.1326 -0.9846 -0.1140
vn 0.1565 0.9853 0.0681
vn 0.1393 0.9899 0.0272
vn 0.9731 -0.1281 0.1914
vn -0.1394 -0.9898 -0.0282
vn -0.8955 -0.1588 0.4158
vn 0.1341 -0.9843 -0.1150
vn -0.9731 -0.1281 0.1914
vn 0.1357 -0.9904 -0.0279
vn -0.1585 0.9849 0.0692
vn -0.1355 0.9904 0.0268
vn 0.9842 -0.1485 0.0967
vn -0.1449 -0.9894 -0.0139
vn 0.1451 0.9893 0.0132
vn -0.9854 -0.1339 0.1052
vn 0.1300 -0.9914 -0.0154
vn -0.1303 0.9914 0.0124
vn -0.8660 0.2219 -0.4482
vn 0.8670 0.2293 -0.4424
vn 0.9763 0.1575 0.1483
vn -0.9763 0.1575 0.1483
vn 0.9865 0.1354 0.0918
vn 0.9919 0.1267 -0.0032
vn -0.9852 0.1500 0.0833
vn -0.9878 0.1560 -0.0032
vn -0.8952 0.1590 -0.4164
vn -0.9733 0.1280 -0.1907
vn 0.8952 0.1590 -0.4164
vn 0.9733 0.1280 -0.1907
vn -0.9842 0.1485 -0.0967
vn 0.9854 0.1339 -0.1052
vt 0.546652 0.001327
vt 0.546650 0.002455
vt 0.542421 0.001520
vt 0.540949 0.000325
vt 0.462600 0.001518
vt 0.459339 0.002876
vt 0.459549 0.000000
vt 0.460755 0.000000
vt 0.546337 0.250000
vt 0.538655 0.250000
vt 0.538936 0.250000
vt 0.467549 0.250000
vt 0.459868 0.250000
vt 0.467251 0.250000
vt 0.459868 0.500000
vt 0.467549 0.500000
vt 0.467251 0.500000
vt 0.538655 0.500000
vt 0.546337 0.500000
vt 0.538937 0.500000
vt 0.545282 0.000000
vt 0.540840 0.000421
vt 0.542371 0.001654
vt 0.545979 0.001528
vt 0.462624 0.001760
vt 0.460678 0.000163
vt 0.459345 0.002795
vt 0.546337 0.250000
vt 0.538932 0.250000
vt 0.467549 0.250000
vt 0.467255 0.250000
vt 0.459868 0.250000
vt 0.459868 0.500000
vt 0.467255 0.500000
vt 0.538933 0.500000
vt 0.546337 0.500000
vt 0.541417 0.602741
vt 0.537627 0.650924
vt 0.532306 0.650924
vt 0.536357 0.602741
vt 0.441691 0.650924
vt 0.450350 0.602741
vt 0.455420 0.602741
vt 0.447023 0.650924
vt 0.526784 0.699736
vt 0.545836 0.747928
vt 0.541770 0.748482
vt 0.521347 0.699253
vt 0.457737 0.747140
vt 0.421782 0.690399
vt 0.427148 0.690876
vt 0.462758 0.748230
vt 0.546305 0.099076
vt 0.546090 0.147259
vt 0.541312 0.147259
vt 0.541512 0.099076
vt 0.460115 0.147259
vt 0.459899 0.099076
vt 0.464702 0.099076
vt 0.464901 0.147259
vt 0.546548 0.050263
vt 0.541817 0.050747
vt 0.455197 0.059601
vt 0.459867 0.059123
vt 0.545312 0.519325
vt 0.544050 0.557804
vt 0.539169 0.557804
vt 0.540509 0.519325
vt 0.456293 0.557804
vt 0.458932 0.519325
vt 0.463745 0.519325
vt 0.461183 0.557804
vt 0.460130 0.500000
vt 0.464913 0.500000
vt 0.546075 0.500000
vt 0.541301 0.500000
vt 0.545951 0.192196
vt 0.545948 0.230675
vt 0.541162 0.230675
vt 0.541164 0.192196
vt 0.460256 0.230675
vt 0.460254 0.192196
vt 0.465049 0.192196
vt 0.465051 0.230675
vt 0.546075 0.250000
vt 0.541300 0.250000
vt 0.460130 0.250000
vt 0.464914 0.250000
vt 0.536351 0.602741
vt 0.532297 0.650924
vt 0.447031 0.650924
vt 0.455425 0.602741
vt 0.521338 0.699252
vt 0.541669 0.748348
vt 0.545858 0.747983
vt 0.462713 0.748059
vt 0.427156 0.690877
vt 0.457786 0.747218
vt 0.541505 0.099076
vt 0.541307 0.147259
vt 0.546090 0.147259
vt 0.464906 0.147259
vt 0.464709 0.099076
vt 0.460115 0.147259
vt 0.541809 0.050748
vt 0.459873 0.059123
vt 0.540505 0.519325
vt 0.539165 0.557804
vt 0.461187 0.557804
vt 0.463749 0.519325
vt 0.464916 0.500000
vt 0.460130 0.500000
vt 0.541298 0.500000
vt 0.541159 0.192196
vt 0.541158 0.230675
vt 0.545948 0.230675
vt 0.465054 0.230675
vt 0.465053 0.192196
vt 0.460254 0.192196
vt 0.460256 0.230675
vt 0.541298 0.250000
vt 0.464916 0.250000
vt 0.460130 0.250000
s 0
f 187/155/173 188/156/173 189/157/173 190/158/173
f 191/159/174 192/160/174 193/161/174 194/162/174
f 195/163/175 196/164/175 197/165/175
f 198/166/176 199/167/176 200/168/176
f 201/169/177 202/170/177 203/171/177
f 204/172/178 205/173/178 206/174/178
f 255/175/179 256/176/179 257/177/179 258/178/179
f 259/179/180 260/180/180 261/161/180 262/181/180
f 263/182/181 264/183/181 265/164/181
f 266/184/182 267/185/182 268/186/182
f 269/187/183 270/188/183 271/170/183
f 272/172/184 273/189/184 274/190/184
f 242/191/185 227/192/185 228/193/185 241/194/185
f 230/195/186 239/196/186 240/197/186 229/198/186
f 226/199/187 187/200/187 190/201/187 225/202/187
f 189/157/188 191/159/188 194/162/188 190/158/188
f 193/203/189 223/204/189 224/205/189 194/206/189
f 234/207/190 251/208/190 252/209/190 233/210/190
f 254/211/191 231/212/191 232/213/191 253/214/191
f 188/156/192 235/215/192 236/216/192 189/157/192
f 238/217/193 192/160/193 191/159/193 237/218/193
f 218/219/194 243/220/194 244/221/194 217/222/194
f 246/223/195 215/224/195 216/225/195 245/226/195
f 222/227/196 201/169/196 203/171/196 221/228/196
f 202/170/197 204/172/197 206/174/197 203/171/197
f 205/173/198 219/229/198 220/230/198 206/174/198
f 250/231/199 211/232/199 212/233/199 249/234/199
f 214/235/200 247/236/200 248/237/200 213/238/200
f 210/239/201 195/163/201 197/165/201 209/240/201
f 196/164/202 198/166/202 200/168/202 197/165/202
f 199/167/203 207/241/203 208/242/203 200/168/203
f 247/236/204 254/211/204 253/214/204 248/237/204
f 251/208/205 250/231/205 249/234/205 252/209/205
f 239/196/206 246/223/206 245/226/206 240/197/206
f 243/220/207 242/191/207 241/194/207 244/221/207
f 231/212/208 238/217/208 237/218/208 232/213/208
f 235/215/209 234/207/209 233/210/209 236/216/209
f 223/204/210 230/195/210 229/198/210 224/205/210
f 227/192/211 226/199/211 225/202/211 228/193/211
f 215/224/212 222/227/212 221/228/212 216/225/212
f 219/229/213 218/219/213 217/222/213 220/230/213
f 207/241/214 214/235/214 213/238/214 208/242/214
f 211/232/215 210/239/215 209/240/215 212/233/215
f 310/243/216 295/244/216 296/192/216 309/191/216
f 298/245/217 307/246/217 308/196/217 297/195/217
f 294/247/218 256/248/218 255/249/218 293/199/218
f 256/176/219 260/180/219 259/179/219 257/177/219
f 260/250/220 291/251/220 292/204/220 261/252/220
f 302/253/221 319/254/221 320/255/221 301/207/221
f 322/256/222 299/257/222 300/212/222 321/258/222
f 257/177/223 303/259/223 304/215/223 258/178/223
f 306/260/224 259/179/224 262/181/224 305/217/224
f 286/261/225 311/262/225 312/220/225 285/219/225
f 314/263/226 283/264/226 284/224/226 313/223/226
f 290/265/227 270/188/227 269/187/227 289/266/227
f 270/188/228 273/189/228 272/172/228 271/170/228
f 273/189/229 287/267/229 288/229/229 274/190/229
f 318/268/230 279/269/230 280/270/230 317/231/230
f 282/271/231 315/272/231 316/273/231 281/274/231
f 278/275/232 264/183/232 263/182/232 277/239/232
f 264/183/233 267/185/233 266/184/233 265/164/233
f 267/185/234 275/276/234 276/277/234 268/186/234
f 315/272/235 322/256/235 321/258/235 316/273/235
f 319/254/236 318/268/236 317/231/236 320/255/236
f 307/246/237 314/263/237 313/223/237 308/196/237
f 311/262/238 310/243/238 309/191/238 312/220/238
f 299/257/239 306/260/239 305/217/239 300/212/239
f 303/259/240 302/253/240 301/207/240 304/215/240
f 291/251/241 298/245/241 297/195/241 292/204/241
f 295/244/242 294/247/242 293/199/242 296/192/242
f 283/264/243 290/265/243 289/266/243 284/224/243
f 287/267/244 286/261/244 285/219/244 288/229/244
f 275/276/245 282/271/245 281/274/245 276/277/245
f 279/269/246 278/275/246 277/239/246 280/270/246
f 187/155/247 255/175/247 258/178/247 188/156/247
f 192/160/248 262/181/248 261/161/248 193/161/248
f 195/163/249 263/182/249 265/164/249 196/164/249
f 198/166/250 266/184/250 268/186/250 199/167/250
f 201/169/251 269/187/251 271/170/251 202/170/251
f 204/172/252 272/172/252 274/190/252 205/173/252
f 187/200/253 226/199/253 293/199/253 255/249/253
f 225/202/254 190/201/254 194/206/254 224/205/254
f 189/157/255 236/216/255 237/218/255 191/159/255
f 235/215/256 188/156/256 258/178/256 304/215/256
f 192/160/257 238/217/257 305/217/257 262/181/257
f 223/204/258 193/203/258 261/252/258 292/204/258
f 195/163/259 210/239/259 277/239/259 263/182/259
f 209/240/260 197/165/260 200/168/260 208/242/260
f 198/166/261 196/164/261 265/164/261 266/184/261
f 207/241/262 199/167/262 268/186/262 276/277/262
f 201/169/263 222/227/263 289/266/263 269/187/263
f 221/228/264 203/171/264 206/174/264 220/230/264
f 204/172/265 202/170/265 271/170/265 272/172/265
f 219/229/266 205/173/266 274/190/266 288/229/266
f 208/242/267 213/238/267 212/233/267 209/240/267
f 214/235/268 207/241/268 276/277/268 281/274/268
f 210/239/269 211/232/269 280/270/269 277/239/269
f 211/232/270 250/231/270 317/231/270 280/270/270
f 249/234/271 212/233/271 213/238/271 248/237/271
f 247/236/272 214/235/272 281/274/272 316/273/272
f 216/225/273 221/228/273 220/230/273 217/222/273
f 222/227/274 215/224/274 284/224/274 289/266/274
f 217/222/275 244/221/275 245/226/275 216/225/275
f 215/224/276 246/223/276 313/223/276 284/224/276
f 218/219/277 219/229/277 288/229/277 285/219/277
f 243/220/278 218/219/278 285/219/278 312/220/278
f 224/205/279 229/198/279 228/193/279 225/202/279
f 230/195/280 223/204/280 292/204/280 297/195/280
f 226/199/281 227/192/281 296/192/281 293/199/281
f 227/192/282 242/191/282 309/191/282 296/192/282
f 241/194/283 228/193/283 229/198/283 240/197/283
f 239/196/284 230/195/284 297/195/284 308/196/284
f 232/213/285 237/218/285 236/216/285 233/210/285
f 238/217/286 231/212/286 300/212/286 305/217/286
f 233/210/287 252/209/287 253/214/287 232/213/287
f 231/212/288 254/211/288 321/258/288 300/212/288
f 234/207/289 235/215/289 304/215/289 301/207/289
f 251/208/290 234/207/290 301/207/290 320/255/290
f 240/197/291 245/226/291 244/221/291 241/194/291
f 246/223/292 239/196/292 308/196/292 313/223/292
f 242/191/293 243/220/293 312/220/293 309/191/293
f 248/237/294 253/214/294 252/209/294 249/234/294
f 254/211/295 247/236/295 316/273/295 321/258/295
f 250/231/296 251/208/296 320/255/296 317/231/296
f 294/247/297 291/251/297 260/250/297 256/248/297
f 257/177/298 259/179/298 306/260/298 303/259/298
f 278/275/299 275/276/299 267/185/299 264/183/299
f 290/265/300 287/267/300 273/189/300 270/188/300
f 275/276/301 278/275/301 279/269/301 282/271/301
f 318/268/302 315/272/302 282/271/302 279/269/302
f 283/264/303 286/261/303 287/267/303 290/265/303
f 286/261/304 283/264/304 314/263/304 311/262/304
f 291/251/305 294/247/305 295/244/305 298/245/305
f 310/243/306 307/246/306 298/245/306 295/244/306
f 299/257/307 302/253/307 303/259/307 306/260/307
f 302/253/308 299/257/308 322/256/308 319/254/308
f 307/246/309 310/243/309 311/262/309 314/263/309
f 315/272/310 318/268/310 319/254/310 322/256/310
o Boat_Lower_Panel
v -0.022279 -0.303776 1.228019
v 0.022254 -0.303778 1.228021
v 0.019178 -0.302049 1.286430
v -0.019202 -0.302050 1.286429
v -0.466496 -0.141229 -4.081654
v -0.504656 -0.128596 -4.086234
v -0.476631 -0.110813 -4.110614
v 0.466482 -0.141223 -4.081655
v 0.476607 -0.110813 -4.110614
v 0.504636 -0.128587 -4.086234
v -0.614839 -0.295904 -2.859222
v -0.574568 -0.306087 -2.855974
v -0.616584 -0.308427 -2.041375
v -0.657528 -0.300433 -2.042268
v 0.574703 -0.305860 -2.855805
v 0.615061 -0.295543 -2.858955
v 0.657693 -0.299036 -2.042000
v 0.616999 -0.307756 -2.041205
v -0.324344 -0.298242 0.766542
v -0.354142 -0.280911 0.789459
v -0.513015 -0.287394 0.355079
v -0.474295 -0.301334 0.347345
v 0.474273 -0.301335 0.347345
v 0.512991 -0.287393 0.355079
v 0.354118 -0.280910 0.789459
v 0.324322 -0.298242 0.766543
v 0.606533 -0.295271 -0.407579
v 0.566346 -0.305771 -0.410522
v 0.615378 -0.307665 -1.222156
v 0.656056 -0.298869 -1.221160
v -0.566220 -0.305991 -0.410360
v -0.606323 -0.295620 -0.407323
v -0.655893 -0.300267 -1.220896
v -0.614962 -0.308337 -1.221987
v 0.020051 0.138011 1.604705
v -0.020076 0.138011 1.604705
v -0.017809 0.086985 1.617254
v 0.017784 0.086986 1.617254
v -0.681561 0.303700 -4.081783
v -0.664991 0.281097 -4.110614
v -0.694240 0.263227 -4.086414
v 0.681537 0.303711 -4.081782
v 0.694222 0.263239 -4.086414
v 0.664966 0.281097 -4.110614
v -0.855090 0.100072 -2.859258
v -0.845256 0.140243 -2.855989
v -0.922849 0.138589 -2.041326
v -0.930660 0.097913 -2.042207
v 0.918298 0.098641 -2.041953
v 0.909721 0.139256 -2.041167
v 0.845378 0.140479 -2.855827
v 0.855315 0.100438 -2.859003
v 0.417089 0.084407 0.931453
v 0.397405 0.122035 0.929864
v 0.693570 0.143184 0.346320
v 0.706172 0.104009 0.353620
v -0.706196 0.104007 0.353620
v -0.693595 0.143184 0.346320
v -0.397430 0.122035 0.929864
v -0.417113 0.084406 0.931452
v 0.842661 0.100151 -0.407765
v 0.832550 0.140396 -0.410673
v 0.907219 0.139339 -1.222208
v 0.915851 0.098722 -1.221224
v -0.928209 0.097990 -1.220976
v -0.920347 0.138670 -1.222052
v -0.832418 0.140152 -0.410503
v -0.842428 0.099768 -0.407497
v -0.020204 -0.305187 1.226282
v -0.017880 -0.253265 1.221572
v 0.017856 -0.253265 1.221572
v 0.020179 -0.305186 1.226280
v -0.447990 -0.131093 -4.078242
v -0.458197 -0.100789 -4.107225
v -0.435325 -0.090771 -4.073482
v 0.447961 -0.131090 -4.078241
v 0.435301 -0.090771 -4.073482
v 0.458173 -0.100789 -4.107225
v -0.556325 -0.295236 -2.853611
v -0.546529 -0.255219 -2.850367
v -0.590979 -0.256104 -2.039821
v -0.598701 -0.296533 -2.040717
v 0.546504 -0.255219 -2.850367
v 0.556388 -0.295102 -2.853512
v 0.598936 -0.296149 -2.040619
v 0.590443 -0.255762 -2.039821
v -0.286849 -0.252464 0.756868
v -0.306977 -0.290898 0.758151
v -0.456196 -0.292665 0.341839
v -0.443451 -0.253975 0.334014
v 0.443427 -0.253974 0.334014
v 0.456169 -0.292664 0.341839
v 0.306951 -0.290897 0.758151
v 0.286824 -0.252464 0.756868
v 0.547886 -0.295003 -0.412690
v 0.537821 -0.255102 -0.415642
v 0.588735 -0.255738 -1.223888
v 0.597278 -0.296088 -1.222890
v -0.537846 -0.255102 -0.415642
v -0.547826 -0.295132 -0.412597
v -0.597043 -0.296472 -1.222793
v -0.589272 -0.256079 -1.223888
v 0.018199 0.137092 1.603289
v 0.016597 0.134659 1.551734
v -0.016622 0.134657 1.551733
v -0.018224 0.137092 1.603289
v -0.663143 0.313789 -4.078389
v -0.624874 0.300971 -4.073662
v -0.646556 0.291121 -4.107225
v 0.663123 0.313786 -4.078390
v 0.646532 0.291121 -4.107225
v 0.624851 0.300975 -4.073662
v -0.827191 0.150979 -2.853638
v -0.786719 0.140648 -2.850367
v -0.864064 0.142179 -2.039821
v -0.905305 0.150267 -2.040698
v 0.891970 0.150666 -2.040605
v 0.850998 0.141841 -2.039821
v 0.786697 0.140651 -2.850367
v 0.827268 0.151106 -2.853546
v 0.379264 0.129726 0.920793
v 0.350159 0.112789 0.898062
v 0.636477 0.138039 0.334014
v 0.675327 0.152116 0.341213
v -0.675352 0.152116 0.341213
v -0.636501 0.138037 0.334014
v -0.350183 0.112787 0.898061
v -0.379289 0.129726 0.920793
v 0.814447 0.151012 -0.412747
v 0.773948 0.140357 -0.415642
v 0.848473 0.141771 -1.223888
v 0.889473 0.150697 -1.222909
v -0.902807 0.150296 -1.222817
v -0.861537 0.142109 -1.223888
v -0.773971 0.140354 -0.415642
v -0.814371 0.150874 -0.412648
vn -0.0000 -0.9996 0.0296
vn -0.1514 -0.7076 -0.6902
vn 0.1515 -0.7077 -0.6901
vn -0.0000 0.2388 0.9711
vn -0.7097 0.2955 -0.6396
vn 0.7095 0.2956 -0.6397
vn -0.0000 -0.0903 -0.9959
vn 0.8375 -0.2031 -0.5073
vn -0.8375 -0.2031 -0.5074
vn -0.0000 0.9989 -0.0472
vn 0.3327 0.8249 -0.4570
vn -0.3326 0.8249 -0.4570
vn -0.2176 -0.9759 -0.0154
vn 0.2279 -0.9736 -0.0151
vn 0.3586 -0.9229 0.1401
vn -0.3586 -0.9229 0.1401
vn 0.2313 -0.9727 0.0173
vn -0.2210 -0.9751 0.0176
vn -0.2620 -0.9530 -0.1524
vn -0.1925 -0.9813 0.0005
vn 0.2104 -0.9776 0.0006
vn 0.2635 -0.9526 -0.1522
vn -0.2527 -0.9572 0.1413
vn -0.2891 -0.9563 0.0433
vn 0.2903 -0.9560 0.0432
vn 0.2527 -0.9572 0.1413
vn 0.9416 0.2911 0.1695
vn 0.8441 0.2421 0.4785
vn -0.9420 0.2897 0.1693
vn -0.8441 0.2421 0.4785
vn 0.9783 0.2073 0.0029
vn 0.9565 0.2775 -0.0898
vn -0.9819 0.1892 0.0029
vn -0.9570 0.2760 -0.0899
vn -0.9702 0.2191 0.1033
vn 0.9695 0.2289 0.0879
vn -0.8159 0.3921 0.4249
vn 0.8159 0.3921 0.4249
vn 0.9711 0.2266 -0.0754
vn -0.9720 0.2168 -0.0907
vn -0.0000 -0.6478 0.7618
vn -0.5283 -0.2549 -0.8099
vn 0.5283 -0.2549 -0.8099
vn 0.9752 -0.2150 0.0519
vn -0.9729 -0.2253 0.0516
vn -0.8602 -0.4034 -0.3119
vn 0.8602 -0.4035 -0.3119
vn -0.9718 -0.2283 -0.0600
vn 0.9741 -0.2181 -0.0603
vn 0.9606 -0.2735 0.0494
vn 0.9821 -0.1883 -0.0020
vn -0.9785 -0.2065 -0.0020
vn -0.9602 -0.2748 0.0493
vn 0.8323 -0.2400 -0.4997
vn 0.9498 -0.2903 -0.1168
vn -0.9494 -0.2915 -0.1168
vn -0.8323 -0.2399 -0.4997
vn -0.2910 0.9553 -0.0528
vn -0.2452 0.9580 -0.1484
vn 0.2899 0.9556 -0.0526
vn 0.2453 0.9580 -0.1485
vn -0.2116 0.9773 -0.0006
vn -0.2645 0.9509 0.1607
vn 0.1935 0.9811 -0.0006
vn 0.2633 0.9512 0.1606
vn 0.2221 0.9747 -0.0234
vn -0.2326 0.9723 -0.0208
vn 0.3578 0.9227 -0.1438
vn -0.3578 0.9227 -0.1438
vn -0.2292 0.9732 0.0178
vn 0.2188 0.9755 0.0205
vn -0.0000 0.6481 -0.7615
vn 0.7295 0.3516 -0.5867
vn -0.7295 0.3516 -0.5867
vn -0.0000 -0.7768 0.6297
vn 0.4296 -0.5440 -0.7208
vn -0.4294 -0.5441 -0.7208
vn -0.0000 0.8385 -0.5449
vn -0.2493 0.6869 -0.6826
vn 0.2491 0.6870 -0.6827
vn 0.2132 -0.9645 -0.1556
vn 0.7921 -0.3693 0.4860
vn -0.7921 -0.3693 0.4860
vn -0.2133 -0.9645 -0.1557
vn 0.5031 -0.8613 -0.0712
vn -0.8666 -0.4729 -0.1594
vn 0.1439 0.0691 -0.9872
vn -0.5004 -0.8628 -0.0715
vn 0.8666 -0.4729 -0.1594
vn -0.1439 0.0691 -0.9872
vn 0.5311 -0.8469 0.0256
vn -0.8382 -0.5417 -0.0629
vn -0.8251 -0.5650 0.0021
vn 0.5529 -0.8332 -0.0010
vn -0.5221 -0.8525 0.0257
vn 0.8443 -0.5328 -0.0563
vn -0.5397 -0.8419 -0.0010
vn 0.8368 -0.5476 0.0022
vn 0.3668 -0.9217 -0.1260
vn -0.8552 -0.3589 0.3738
vn 0.4626 -0.8851 -0.0520
vn -0.8699 -0.4744 0.1349
vn -0.3668 -0.9217 -0.1260
vn 0.8699 -0.4744 0.1350
vn 0.8552 -0.3589 0.3738
vn -0.4603 -0.8863 -0.0520
vn -0.5195 -0.8539 -0.0300
vn 0.8461 -0.5291 0.0654
vn 0.5284 -0.8484 -0.0300
vn -0.8399 -0.5380 0.0720
vn 0.2591 0.9578 0.1245
vn -0.2591 0.9578 0.1245
vn -0.5009 0.8642 0.0481
vn 0.4982 0.8657 0.0484
vn -0.5291 0.8471 -0.0494
vn -0.5533 0.8330 0.0016
vn 0.5399 0.8417 0.0016
vn 0.5208 0.8527 -0.0404
vn 0.3388 0.9179 0.2068
vn 0.4594 0.8844 0.0823
vn -0.4618 0.8831 0.0824
vn -0.3388 0.9179 0.2068
vn 0.5193 0.8533 0.0472
vn -0.5277 0.8476 0.0563
vn 0.8222 0.3491 -0.4495
vn -0.8222 0.3491 -0.4495
vn 0.8666 0.4729 0.1595
vn -0.8666 0.4729 0.1595
vn 0.8382 0.5417 0.0628
vn 0.8251 0.5650 -0.0021
vn -0.8443 0.5329 0.0562
vn -0.8368 0.5476 -0.0022
vn 0.8546 0.3593 -0.3749
vn 0.8701 0.4742 -0.1342
vn -0.8546 0.3593 -0.3749
vn -0.8701 0.4742 -0.1342
vn -0.8461 0.5291 -0.0654
vn 0.8399 0.5380 -0.0720
vt 0.375000 0.004712
vt 0.375000 0.000000
vt 0.376251 0.000000
vt 0.378833 0.002785
vt 0.375000 0.250000
vt 0.380019 0.250000
vt 0.380050 0.250000
vt 0.375000 0.500000
vt 0.380050 0.500000
vt 0.380019 0.500000
vt 0.459428 0.001664
vt 0.459304 0.003364
vt 0.454283 0.002624
vt 0.451993 0.000348
vt 0.459868 0.250000
vt 0.454812 0.250000
vt 0.454816 0.250000
vt 0.459868 0.500000
vt 0.454817 0.500000
vt 0.454812 0.500000
vt 0.375000 0.004604
vt 0.378909 0.003303
vt 0.376141 0.000000
vt 0.375000 0.250000
vt 0.380027 0.250000
vt 0.375000 0.500000
vt 0.380027 0.500000
vt 0.380050 0.500000
vt 0.457923 0.000000
vt 0.451750 0.000526
vt 0.454160 0.002904
vt 0.458581 0.002129
vt 0.454809 0.250000
vt 0.454812 0.250000
vt 0.459868 0.500000
vt 0.454812 0.500000
vt 0.454809 0.500000
vt 0.375000 0.230675
vt 0.379616 0.230675
vt 0.379785 0.250000
vt 0.379785 0.500000
vt 0.377709 0.519325
vt 0.372991 0.519325
vt 0.375000 0.500000
vt 0.353004 0.650924
vt 0.333653 0.679331
vt 0.327391 0.678545
vt 0.347429 0.650924
vt 0.380321 0.070669
vt 0.380021 0.099076
vt 0.375000 0.099076
vt 0.375000 0.071455
vt 0.360195 0.602741
vt 0.368990 0.557804
vt 0.373786 0.557804
vt 0.365283 0.602741
vt 0.379804 0.147259
vt 0.379619 0.192196
vt 0.375000 0.192196
vt 0.375000 0.147259
vt 0.378021 0.746691
vt 0.371860 0.745288
vt 0.436051 0.650924
vt 0.445212 0.602741
vt 0.450350 0.602741
vt 0.441691 0.650924
vt 0.452780 0.747376
vt 0.415657 0.689630
vt 0.421782 0.690399
vt 0.457711 0.747098
vt 0.455263 0.147259
vt 0.454819 0.099076
vt 0.459899 0.099076
vt 0.460115 0.147259
vt 0.449993 0.060370
vt 0.455197 0.059601
vt 0.451459 0.557804
vt 0.454183 0.519325
vt 0.458932 0.519325
vt 0.456293 0.557804
vt 0.455318 0.500000
vt 0.460130 0.500000
vt 0.455610 0.230675
vt 0.455597 0.192196
vt 0.460254 0.192196
vt 0.460256 0.230675
vt 0.455317 0.250000
vt 0.460130 0.250000
vt 0.379793 0.250000
vt 0.379624 0.230675
vt 0.377717 0.519325
vt 0.379793 0.500000
vt 0.347429 0.650924
vt 0.333650 0.679331
vt 0.353014 0.650924
vt 0.375000 0.071455
vt 0.380030 0.099076
vt 0.380318 0.070669
vt 0.365295 0.602741
vt 0.373796 0.557804
vt 0.375000 0.147259
vt 0.379628 0.192196
vt 0.379815 0.147259
vt 0.371932 0.745396
vt 0.377849 0.746255
vt 0.445201 0.602741
vt 0.436042 0.650924
vt 0.457751 0.747162
vt 0.415659 0.689630
vt 0.452500 0.747096
vt 0.460115 0.147259
vt 0.454811 0.099076
vt 0.455253 0.147259
vt 0.449994 0.060370
vt 0.456293 0.557804
vt 0.454175 0.519325
vt 0.451449 0.557804
vt 0.460130 0.500000
vt 0.455310 0.500000
vt 0.460257 0.230675
vt 0.460254 0.192196
vt 0.455588 0.192196
vt 0.455601 0.230675
vt 0.460130 0.250000
vt 0.455309 0.250000
s 0
f 323/278/311 324/279/311 325/280/311 326/281/311
f 327/282/312 328/283/312 329/284/312
f 330/285/313 331/286/313 332/287/313
f 357/288/314 358/289/314 359/290/314 360/291/314
f 361/292/315 362/293/315 363/294/315
f 364/295/316 365/296/316 366/297/316
f 391/298/317 392/299/317 393/300/317 394/279/317
f 395/301/318 396/284/318 397/302/318
f 398/303/319 399/304/319 400/305/319
f 425/306/320 426/307/320 427/308/320 428/309/320
f 429/292/321 430/310/321 431/311/321
f 432/312/322 433/313/322 434/314/322
f 334/301/323 335/315/323 336/316/323 333/317/323
f 338/318/324 339/319/324 340/320/324 337/321/324
f 346/322/325 347/323/325 348/324/325 345/325/325
f 342/326/326 343/327/326 344/328/326 341/329/326
f 350/330/327 351/331/327 352/332/327 349/333/327
f 354/334/328 355/335/328 356/336/328 353/337/328
f 327/282/329 334/301/329 333/317/329 328/283/329
f 355/335/330 336/316/330 335/315/330 356/336/330
f 339/319/331 352/332/331 351/331/331 340/320/331
f 332/287/332 338/318/332 337/321/332 330/285/332
f 341/329/333 323/278/333 326/281/333 342/326/333
f 343/327/334 354/334/334 353/337/334 344/328/334
f 349/333/335 346/322/335 345/325/335 350/330/335
f 347/323/336 325/338/336 324/339/336 348/324/336
f 378/340/337 383/341/337 384/342/337 377/343/337
f 360/344/338 375/345/338 376/346/338 357/347/338
f 390/348/339 379/349/339 380/350/339 389/351/339
f 382/352/340 359/290/340 358/289/340 381/353/340
f 386/354/341 371/355/341 372/356/341 385/357/341
f 374/358/342 365/296/342 364/295/342 373/359/342
f 370/360/343 387/361/343 388/362/343 369/363/343
f 363/294/344 367/364/344 368/365/344 361/292/344
f 387/361/345 390/348/345 389/351/345 388/362/345
f 383/341/346 386/354/346 385/357/346 384/342/346
f 379/349/347 382/352/347 381/353/347 380/350/347
f 375/345/348 378/340/348 377/343/348 376/346/348
f 371/355/349 374/358/349 373/359/349 372/356/349
f 367/364/350 370/360/350 369/363/350 368/365/350
f 325/280/351 360/291/351 359/290/351 326/281/351
f 328/283/352 363/294/352 362/293/352 329/284/352
f 365/296/353 332/287/353 331/286/353 366/297/353
f 402/366/354 403/367/354 404/315/354 401/301/354
f 406/321/355 407/320/355 408/368/355 405/369/355
f 414/370/356 415/324/356 416/371/356 413/372/356
f 410/373/357 411/328/357 412/374/357 409/375/357
f 418/376/358 419/377/358 420/331/358 417/330/358
f 422/378/359 423/336/359 424/379/359 421/380/359
f 397/302/360 402/366/360 401/301/360 395/301/360
f 423/336/361 404/315/361 403/367/361 424/379/361
f 407/320/362 420/331/362 419/377/362 408/368/362
f 398/303/363 406/321/363 405/369/363 399/304/363
f 409/375/364 392/299/364 391/298/364 410/373/364
f 411/328/365 422/378/365 421/380/365 412/374/365
f 417/330/366 414/370/366 413/372/366 418/376/366
f 415/324/367 394/381/367 393/382/367 416/371/367
f 446/343/368 451/342/368 452/383/368 445/384/368
f 425/385/369 443/346/369 444/386/369 426/387/369
f 458/388/370 447/350/370 448/389/370 457/390/370
f 450/353/371 428/309/371 427/308/371 449/391/371
f 454/392/372 439/356/372 440/393/372 453/394/372
f 442/395/373 432/312/373 434/314/373 441/396/373
f 438/397/374 455/398/374 456/399/374 437/400/374
f 429/292/375 435/401/375 436/402/375 430/310/375
f 455/398/376 458/388/376 457/390/376 456/399/376
f 451/342/377 454/392/377 453/394/377 452/383/377
f 447/350/378 450/353/378 449/391/378 448/389/378
f 443/346/379 446/343/379 445/384/379 444/386/379
f 439/356/380 442/395/380 441/396/380 440/393/380
f 435/401/381 438/397/381 437/400/381 436/402/381
f 392/299/382 427/308/382 426/307/382 393/300/382
f 396/284/383 431/311/383 430/310/383 397/302/383
f 433/313/384 400/305/384 399/304/384 434/314/384
f 323/278/385 391/298/385 394/279/385 324/279/385
f 329/284/386 396/284/386 395/301/386 327/282/386
f 330/285/387 398/303/387 400/305/387 331/286/387
f 357/288/388 425/306/388 428/309/388 358/289/388
f 361/292/389 429/292/389 431/311/389 362/293/389
f 366/297/390 433/313/390 432/312/390 364/295/390
f 323/278/391 341/329/391 410/373/391 391/298/391
f 347/323/392 375/345/392 360/344/392 325/338/392
f 326/281/393 359/290/393 382/352/393 342/326/393
f 348/324/394 324/339/394 394/381/394 415/324/394
f 334/301/395 327/282/395 395/301/395 401/301/395
f 333/317/396 367/364/396 363/294/396 328/283/396
f 329/284/397 362/293/397 431/311/397 396/284/397
f 330/285/398 337/321/398 406/321/398 398/303/398
f 374/358/399 338/318/399 332/287/399 365/296/399
f 366/297/400 331/286/400 400/305/400 433/313/400
f 335/315/401 334/301/401 401/301/401 404/315/401
f 367/364/402 333/317/402 336/316/402 370/360/402
f 355/335/403 387/361/403 370/360/403 336/316/403
f 356/336/404 335/315/404 404/315/404 423/336/404
f 337/321/405 340/320/405 407/320/405 406/321/405
f 371/355/406 339/319/406 338/318/406 374/358/406
f 340/320/407 351/331/407 420/331/407 407/320/407
f 339/319/408 371/355/408 386/354/408 352/332/408
f 341/329/409 344/328/409 411/328/409 410/373/409
f 379/349/410 343/327/410 342/326/410 382/352/410
f 344/328/411 353/337/411 422/378/411 411/328/411
f 343/327/412 379/349/412 390/348/412 354/334/412
f 345/325/413 348/324/413 415/324/413 414/370/413
f 349/333/414 383/341/414 378/340/414 346/322/414
f 375/345/415 347/323/415 346/322/415 378/340/415
f 350/330/416 345/325/416 414/370/416 417/330/416
f 351/331/417 350/330/417 417/330/417 420/331/417
f 383/341/418 349/333/418 352/332/418 386/354/418
f 353/337/419 356/336/419 423/336/419 422/378/419
f 387/361/420 355/335/420 354/334/420 390/348/420
f 357/347/421 376/346/421 443/346/421 425/385/421
f 381/353/422 358/289/422 428/309/422 450/353/422
f 361/292/423 368/365/423 435/401/423 429/292/423
f 373/359/424 364/295/424 432/312/424 442/395/424
f 368/365/425 369/363/425 438/397/425 435/401/425
f 369/363/426 388/362/426 455/398/426 438/397/426
f 385/357/427 372/356/427 439/356/427 454/392/427
f 372/356/428 373/359/428 442/395/428 439/356/428
f 376/346/429 377/343/429 446/343/429 443/346/429
f 377/343/430 384/342/430 451/342/430 446/343/430
f 389/351/431 380/350/431 447/350/431 458/388/431
f 380/350/432 381/353/432 450/353/432 447/350/432
f 384/342/433 385/357/433 454/392/433 451/342/433
f 388/362/434 389/351/434 458/388/434 455/398/434
f 392/299/435 409/375/435 449/391/435 427/308/435
f 416/371/436 393/382/436 426/387/436 444/386/436
f 402/366/437 397/302/437 430/310/437 436/402/437
f 441/396/438 434/314/438 399/304/438 405/369/438
f 436/402/439 437/400/439 403/367/439 402/366/439
f 424/379/440 403/367/440 437/400/440 456/399/440
f 440/393/441 441/396/441 405/369/441 408/368/441
f 408/368/442 419/377/442 453/394/442 440/393/442
f 448/389/443 449/391/443 409/375/443 412/374/443
f 412/374/444 421/380/444 457/390/444 448/389/444
f 444/386/445 445/384/445 413/372/445 416/371/445
f 418/376/446 413/372/446 445/384/446 452/383/446
f 452/383/447 453/394/447 419/377/447 418/376/447
f 456/399/448 457/390/448 421/380/448 424/379/448
o Mid_Seat
v -0.651430 0.677071 -1.472850
v -0.653866 0.687837 -1.396754
v -0.934537 0.687791 -1.473831
v -0.652648 0.680263 -1.419042
v -0.816981 0.681641 -1.429150
v -0.854357 0.687814 -1.419329
v -0.851622 0.680211 -1.473476
v -0.653866 0.733869 -1.396754
v -0.651430 0.744635 -1.472850
v -0.934537 0.733915 -1.473831
v -0.652648 0.741444 -1.419042
v -0.816981 0.740065 -1.429150
v -0.851621 0.741496 -1.473476
v -0.854357 0.733892 -1.419329
v -0.623375 0.676538 -1.914904
v -0.938771 0.687258 -1.915890
v -0.620960 0.687212 -1.991657
v -0.823566 0.679677 -1.915532
v -0.784767 0.681029 -1.959455
v -0.820863 0.687235 -1.969466
v -0.622168 0.679626 -1.969177
v -0.623375 0.745168 -1.914904
v -0.620960 0.734494 -1.991657
v -0.938771 0.734448 -1.915890
v -0.622167 0.742080 -1.969177
v -0.784767 0.740677 -1.959455
v -0.820863 0.734471 -1.969466
v -0.823566 0.742029 -1.915532
v 0.661714 0.677071 -1.472850
v 0.944821 0.687791 -1.473758
v 0.663873 0.687837 -1.396754
v 0.861906 0.680211 -1.473408
v 0.827027 0.681641 -1.429129
v 0.864329 0.687814 -1.419308
v 0.662794 0.680263 -1.419042
v 0.661714 0.744635 -1.472850
v 0.663873 0.733869 -1.396754
v 0.944821 0.733915 -1.473758
v 0.662794 0.741444 -1.419042
v 0.827027 0.740065 -1.429129
v 0.864329 0.733892 -1.419308
v 0.861906 0.741496 -1.473408
v 0.636825 0.676538 -1.914904
v 0.634682 0.687212 -1.991657
v 0.939974 0.687258 -1.915815
v 0.635754 0.679626 -1.969177
v 0.798449 0.681029 -1.959433
v 0.834616 0.687235 -1.969444
v 0.837017 0.679678 -1.915464
v 0.636825 0.745168 -1.914904
v 0.939974 0.734448 -1.915815
v 0.634682 0.734494 -1.991657
v 0.837017 0.742029 -1.915464
v 0.798449 0.740677 -1.959433
v 0.834616 0.734471 -1.969444
v 0.635754 0.742080 -1.969177
vn -0.0139 -0.9986 0.0518
vn -0.0355 -0.9334 0.3570
vn -0.1022 -0.9858 0.1333
vn -0.0355 0.9334 0.3570
vn -0.0139 0.9986 0.0518
vn -0.1022 0.9858 0.1333
vn -0.0138 -0.9986 -0.0508
vn -0.0802 -0.9866 -0.1423
vn -0.0352 -0.9330 -0.3582
vn -0.0138 0.9986 -0.0508
vn -0.0352 0.9330 -0.3582
vn -0.0802 0.9866 -0.1423
vn 0.0139 -0.9986 0.0518
vn 0.1022 -0.9857 0.1340
vn 0.0354 -0.9333 0.3573
vn 0.0139 0.9986 0.0518
vn 0.0354 0.9333 0.3573
vn 0.1022 0.9857 0.1340
vn 0.0138 -0.9986 -0.0507
vn 0.0352 -0.9330 -0.3580
vn 0.0871 -0.9860 -0.1419
vn 0.0138 0.9986 -0.0507
vn 0.0871 0.9860 -0.1419
vn 0.0352 0.9330 -0.3580
vn -0.0157 -0.9999 0.0002
vn -0.0763 -0.9971 -0.0009
vn -0.1119 -0.0000 0.9937
vn -0.5622 -0.0000 0.8270
vn -0.0157 0.9999 0.0002
vn -0.0763 0.9971 -0.0009
vn -0.1103 -0.0000 -0.9939
vn -0.4137 -0.0000 -0.9104
vn -0.0000 -0.9984 -0.0568
vn -0.0000 -0.9475 -0.3197
vn -0.0000 0.9984 -0.0568
vn -0.0000 0.9475 -0.3197
vn 0.4536 -0.0000 -0.8912
vn 0.1104 -0.0000 -0.9939
vn 0.0157 -0.9999 0.0003
vn 0.0813 -0.9967 -0.0015
vn 0.0157 0.9999 0.0003
vn 0.0813 0.9967 -0.0015
vn 0.1118 -0.0000 0.9937
vn 0.5603 -0.0000 0.8283
vn -0.0000 -0.9982 0.0592
vn -0.0000 -0.9468 0.3218
vn -0.0000 0.9982 0.0592
vn -0.0000 0.9468 0.3218
vn -0.0000 -1.0000 0.0012
vn -1.0000 -0.0000 0.0096
vn -0.0000 -0.0000 1.0000
vn -0.0000 1.0000 0.0012
vn -0.0000 -0.0000 -1.0000
vn 0.9999 -0.0000 -0.0110
vt 0.162781 0.718022
vt 0.162962 0.750000
vt 0.141209 0.750000
vt 0.125000 0.717678
vt 0.414605 0.962199
vt 0.414520 1.000000
vt 0.391616 1.000000
vt 0.375000 0.962038
vt 0.414604 0.032391
vt 0.375000 0.032322
vt 0.375000 0.013732
vt 0.414520 0.000000
vt 0.585395 0.962199
vt 0.625000 0.962038
vt 0.625000 0.983791
vt 0.585480 1.000000
vt 0.837219 0.718022
vt 0.875000 0.717678
vt 0.875000 0.736268
vt 0.837038 0.750000
vt 0.585396 0.032391
vt 0.585480 0.000000
vt 0.608384 0.000000
vt 0.625000 0.032322
vt 0.163635 0.532254
vt 0.125000 0.531910
vt 0.125000 0.513419
vt 0.163450 0.500000
vt 0.414117 0.218160
vt 0.414198 0.250000
vt 0.383326 0.258041
vt 0.375000 0.218090
vt 0.414114 0.288616
vt 0.375000 0.288450
vt 0.836365 0.532255
vt 0.836550 0.500000
vt 0.858918 0.500000
vt 0.875000 0.531910
vt 0.585886 0.288616
vt 0.585802 0.250000
vt 0.616674 0.243291
vt 0.625000 0.288450
vt 0.585883 0.218160
vt 0.625000 0.218090
vt 0.337219 0.718022
vt 0.375000 0.717725
vt 0.380539 0.750824
vt 0.356046 0.768954
vt 0.414603 0.717640
vt 0.414520 0.750000
vt 0.414605 0.787764
vt 0.662781 0.718022
vt 0.643954 0.768954
vt 0.624850 0.745435
vt 0.625000 0.717725
vt 0.585395 0.787764
vt 0.585480 0.750000
vt 0.585397 0.717640
vt 0.336366 0.532254
vt 0.355747 0.480747
vt 0.375176 0.504485
vt 0.375000 0.531957
vt 0.414114 0.461347
vt 0.414198 0.500000
vt 0.414117 0.531872
vt 0.663634 0.532254
vt 0.625000 0.531957
vt 0.619449 0.499110
vt 0.644253 0.480747
vt 0.585883 0.531872
vt 0.585802 0.500000
vt 0.585886 0.461347
s 0
f 459/403/449 462/404/449 463/405/449 465/406/449
f 460/407/450 464/408/450 463/409/450 462/410/450
f 461/411/451 465/412/451 463/413/451 464/414/451
f 466/415/452 469/416/452 470/417/452 472/418/452
f 467/419/453 471/420/453 470/421/453 469/422/453
f 468/423/454 472/424/454 470/425/454 471/426/454
f 473/427/455 476/428/455 477/429/455 479/430/455
f 474/431/456 478/432/456 477/433/456 476/434/456
f 475/435/457 479/436/457 477/433/457 478/432/457
f 480/437/458 483/438/458 484/439/458 486/440/458
f 481/441/459 485/442/459 484/443/459 483/444/459
f 482/445/460 486/446/460 484/443/460 485/442/460
f 487/447/461 490/448/461 491/449/461 493/450/461
f 488/451/462 492/452/462 491/449/462 490/448/462
f 489/453/463 493/450/463 491/449/463 492/452/463
f 494/454/464 497/455/464 498/456/464 500/457/464
f 495/458/465 499/459/465 498/456/465 497/455/465
f 496/460/466 500/457/466 498/456/466 499/459/466
f 501/461/467 504/462/467 505/463/467 507/464/467
f 502/465/468 506/466/468 505/463/468 504/462/468
f 503/467/469 507/464/469 505/463/469 506/466/469
f 508/468/470 511/469/470 512/470/470 514/471/470
f 509/472/471 513/473/471 512/470/471 511/469/471
f 510/474/472 514/471/472 512/470/472 513/473/472
f 473/427/473 459/403/473 465/406/473 476/428/473
f 476/434/474 465/412/474 461/411/474 474/431/474
f 460/407/475 466/415/475 472/418/475 464/408/475
f 464/414/476 472/424/476 468/423/476 461/411/476
f 467/419/477 480/437/477 486/440/477 471/420/477
f 471/426/478 486/446/478 482/445/478 468/423/478
f 481/441/479 475/435/479 478/432/479 485/442/479
f 485/442/480 478/432/480 474/431/480 482/445/480
f 501/461/481 473/427/481 479/430/481 504/462/481
f 504/462/482 479/436/482 475/435/482 502/465/482
f 480/437/483 508/468/483 514/471/483 483/438/483
f 483/444/484 514/471/484 510/474/484 481/441/484
f 509/472/485 503/467/485 506/466/485 513/473/485
f 513/473/486 506/466/486 502/465/486 510/474/486
f 487/447/487 501/461/487 507/464/487 490/448/487
f 490/448/488 507/464/488 503/467/488 488/451/488
f 508/468/489 494/454/489 500/457/489 511/469/489
f 511/469/490 500/457/490 496/460/490 509/472/490
f 495/458/491 489/453/491 492/452/491 499/459/491
f 499/459/492 492/452/492 488/451/492 496/460/492
f 459/403/493 487/447/493 493/450/493 462/404/493
f 462/410/494 493/450/494 489/453/494 460/407/494
f 494/454/495 467/419/495 469/422/495 497/455/495
f 497/455/496 469/416/496 466/415/496 495/458/496
f 473/427/497 501/461/497 487/447/497 459/403/497
f 461/411/498 468/423/498 482/445/498 474/431/498
f 489/453/499 495/458/499 466/415/499 460/407/499
f 508/468/500 480/437/500 467/419/500 494/454/500
f 475/435/501 481/441/501 510/474/501 502/465/501
f 503/467/502 509/472/502 496/460/502 488/451/502
o Front_Seat
v 0.452341 0.672694 0.212454
v 0.446219 0.682873 0.284396
v 0.739565 0.682829 0.213715
v 0.449280 0.675711 0.263325
v 0.612949 0.677015 0.254418
v 0.648630 0.682851 0.263694
v 0.655351 0.675664 0.213857
v 0.446219 0.718898 0.284396
v 0.452341 0.729076 0.212454
v 0.739565 0.718941 0.213715
v 0.449280 0.726059 0.263325
v 0.612949 0.724755 0.254418
v 0.655351 0.726106 0.213857
v 0.648630 0.718919 0.263694
v 0.512610 0.672270 -0.139304
v 0.799839 0.682405 -0.138075
v 0.518865 0.682361 -0.211868
v 0.715623 0.675240 -0.137917
v 0.683833 0.676516 -0.180780
v 0.722781 0.682383 -0.190255
v 0.515738 0.675189 -0.190615
v 0.512610 0.729500 -0.139304
v 0.518865 0.719409 -0.211868
v 0.799839 0.719365 -0.138075
v 0.515738 0.726581 -0.190615
v 0.683833 0.725254 -0.180780
v 0.722781 0.719387 -0.190255
v 0.715623 0.726531 -0.137917
v -0.454165 0.672694 0.212454
v -0.741389 0.682829 0.213717
v -0.448038 0.682873 0.284396
v -0.657176 0.675664 0.213858
v -0.614769 0.677015 0.254418
v -0.650447 0.682851 0.263695
v -0.451101 0.675711 0.263325
v -0.454165 0.729076 0.212454
v -0.448038 0.718898 0.284396
v -0.741389 0.718941 0.213717
v -0.451102 0.726059 0.263325
v -0.614769 0.724755 0.254418
v -0.650447 0.718919 0.263695
v -0.657176 0.726106 0.213858
v -0.514495 0.672270 -0.139304
v -0.520756 0.682361 -0.211868
v -0.801724 0.682405 -0.138073
v -0.517625 0.675189 -0.190615
v -0.685723 0.676516 -0.180779
v -0.724673 0.682383 -0.190254
v -0.717508 0.675240 -0.137916
v -0.514495 0.729500 -0.139304
v -0.801724 0.719365 -0.138073
v -0.520756 0.719409 -0.211868
v -0.717508 0.726531 -0.137916
v -0.685723 0.725254 -0.180779
v -0.724673 0.719387 -0.190254
v -0.517625 0.726581 -0.190615
vn 0.0127 -0.9985 0.0540
vn 0.0327 -0.9310 0.3636
vn 0.0949 -0.9834 0.1546
vn 0.0327 0.9310 0.3636
vn 0.0127 0.9985 0.0540
vn 0.0949 0.9834 0.1546
vn 0.0130 -0.9987 -0.0485
vn 0.0950 -0.9880 -0.1219
vn 0.0331 -0.9356 -0.3516
vn 0.0130 0.9987 -0.0485
vn 0.0331 0.9356 -0.3516
vn 0.0950 0.9880 -0.1219
vn -0.0127 -0.9985 0.0540
vn -0.0949 -0.9834 0.1546
vn -0.0327 -0.9310 0.3636
vn -0.0127 0.9985 0.0540
vn -0.0327 0.9310 0.3636
vn -0.0949 0.9834 0.1546
vn -0.0130 -0.9987 -0.0485
vn -0.0331 -0.9356 -0.3516
vn -0.0950 -0.9880 -0.1218
vn -0.0130 0.9987 -0.0485
vn -0.0950 0.9880 -0.1218
vn -0.0331 0.9356 -0.3516
vn 0.0146 -0.9999 0.0037
vn 0.0848 -0.9963 0.0157
vn 0.1017 -0.0000 0.9948
vn 0.4817 -0.0000 0.8764
vn 0.0146 0.9999 0.0037
vn 0.0848 0.9963 0.0157
vn 0.1054 -0.0000 -0.9944
vn 0.5607 -0.0000 -0.8280
vn -0.0000 -0.9984 -0.0568
vn -0.0000 -0.9475 -0.3197
vn -0.0000 0.9984 -0.0568
vn -0.0000 0.9475 -0.3197
vn -0.5607 -0.0000 -0.8280
vn -0.1054 -0.0000 -0.9944
vn -0.0146 -0.9999 0.0037
vn -0.0848 -0.9963 0.0157
vn -0.0146 0.9999 0.0037
vn -0.0848 0.9963 0.0157
vn -0.1017 -0.0000 0.9948
vn -0.4816 -0.0000 0.8764
vn -0.0000 -0.9982 0.0592
vn -0.0000 -0.9468 0.3218
vn -0.0000 0.9982 0.0592
vn -0.0000 0.9468 0.3218
vn -0.0000 -1.0000 0.0012
vn 0.9856 -0.0000 0.1689
vn -0.0000 -0.0000 1.0000
vn -0.0000 1.0000 0.0012
vn -0.0000 -0.0000 -1.0000
vn -0.9856 -0.0000 0.1690
vt 0.173144 0.713758
vt 0.172740 0.750000
vt 0.144651 0.750000
vt 0.125000 0.715015
vt 0.419886 0.951735
vt 0.419789 1.000000
vt 0.393833 1.000000
vt 0.375000 0.952260
vt 0.419869 0.035607
vt 0.375000 0.034985
vt 0.375000 0.014318
vt 0.419789 0.000000
vt 0.580114 0.951735
vt 0.625000 0.952260
vt 0.625000 0.980349
vt 0.580211 1.000000
vt 0.826856 0.713758
vt 0.875000 0.715015
vt 0.875000 0.735682
vt 0.827260 0.750000
vt 0.580131 0.035607
vt 0.580211 0.000000
vt 0.606168 0.000000
vt 0.625000 0.034985
vt 0.170174 0.536555
vt 0.125000 0.537804
vt 0.125000 0.516466
vt 0.170601 0.500000
vt 0.419334 0.212826
vt 0.419424 0.250000
vt 0.384437 0.259885
vt 0.375000 0.212196
vt 0.419329 0.295120
vt 0.375000 0.295601
vt 0.829825 0.536555
vt 0.829399 0.500000
vt 0.855230 0.500000
vt 0.875000 0.537804
vt 0.580671 0.295120
vt 0.580576 0.250000
vt 0.615563 0.241767
vt 0.625000 0.295601
vt 0.580666 0.212826
vt 0.625000 0.212196
vt 0.326856 0.713758
vt 0.375000 0.715016
vt 0.381278 0.751778
vt 0.351131 0.773869
vt 0.419868 0.714394
vt 0.419789 0.750000
vt 0.419886 0.798264
vt 0.673144 0.713758
vt 0.648869 0.773869
vt 0.625273 0.745228
vt 0.625000 0.715016
vt 0.580114 0.798264
vt 0.580211 0.750000
vt 0.580132 0.714394
vt 0.329825 0.536555
vt 0.352199 0.477199
vt 0.374701 0.505489
vt 0.375000 0.537805
vt 0.419329 0.454879
vt 0.419424 0.500000
vt 0.419334 0.537175
vt 0.670174 0.536555
vt 0.625000 0.537805
vt 0.618709 0.498899
vt 0.647801 0.477199
vt 0.580666 0.537175
vt 0.580576 0.500000
vt 0.580671 0.454879
s 0
f 515/475/503 521/478/503 519/477/503 518/476/503
f 516/479/504 518/482/504 519/481/504 520/480/504
f 517/483/505 520/486/505 519/485/505 521/484/505
f 522/487/506 528/490/506 526/489/506 525/488/506
f 523/491/507 525/494/507 526/493/507 527/492/507
f 524/495/508 527/498/508 526/497/508 528/496/508
f 529/499/509 535/502/509 533/501/509 532/500/509
f 530/503/510 532/506/510 533/505/510 534/504/510
f 531/507/511 534/504/511 533/505/511 535/508/511
f 536/509/512 542/512/512 540/511/512 539/510/512
f 537/513/513 539/516/513 540/515/513 541/514/513
f 538/517/514 541/514/514 540/515/514 542/518/514
f 543/519/515 549/522/515 547/521/515 546/520/515
f 544/523/516 546/520/516 547/521/516 548/524/516
f 545/525/517 548/524/517 547/521/517 549/522/517
f 550/526/518 556/529/518 554/528/518 553/527/518
f 551/530/519 553/527/519 554/528/519 555/531/519
f 552/532/520 555/531/520 554/528/520 556/529/520
f 557/533/521 563/536/521 561/535/521 560/534/521
f 558/537/522 560/534/522 561/535/522 562/538/522
f 559/539/523 562/538/523 561/535/523 563/536/523
f 564/540/524 570/543/524 568/542/524 567/541/524
f 565/544/525 567/541/525 568/542/525 569/545/525
f 566/546/526 569/545/526 568/542/526 570/543/526
f 529/499/527 532/500/527 521/478/527 515/475/527
f 532/506/528 530/503/528 517/483/528 521/484/528
f 516/479/529 520/480/529 528/490/529 522/487/529
f 520/486/530 517/483/530 524/495/530 528/496/530
f 523/491/531 527/492/531 542/512/531 536/509/531
f 527/498/532 524/495/532 538/517/532 542/518/532
f 537/513/533 541/514/533 534/504/533 531/507/533
f 541/514/534 538/517/534 530/503/534 534/504/534
f 557/533/535 560/534/535 535/502/535 529/499/535
f 560/534/536 558/537/536 531/507/536 535/508/536
f 536/509/537 539/510/537 570/543/537 564/540/537
f 539/516/538 537/513/538 566/546/538 570/543/538
f 565/544/539 569/545/539 562/538/539 559/539/539
f 569/545/540 566/546/540 558/537/540 562/538/540
f 543/519/541 546/520/541 563/536/541 557/533/541
f 546/520/542 544/523/542 559/539/542 563/536/542
f 564/540/543 567/541/543 556/529/543 550/526/543
f 567/541/544 565/544/544 552/532/544 556/529/544
f 551/530/545 555/531/545 548/524/545 545/525/545
f 555/531/546 552/532/546 544/523/546 548/524/546
f 515/475/547 518/476/547 549/522/547 543/519/547
f 518/482/548 516/479/548 545/525/548 549/522/548
f 550/526/549 553/527/549 525/494/549 523/491/549
f 553/527/550 551/530/550 522/487/550 525/488/550
f 529/499/551 515/475/551 543/519/551 557/533/551
f 517/483/552 530/503/552 538/517/552 524/495/552
f 545/525/553 516/479/553 522/487/553 551/530/553
f 564/540/554 550/526/554 523/491/554 536/509/554
f 531/507/555 558/537/555 566/546/555 537/513/555
f 559/539/556 544/523/556 552/532/556 565/544/556
o Back_Seat
v -0.545174 0.742904 -3.621969
v -0.541456 0.737158 -3.671500
v -0.742290 0.735969 -3.622882
v -0.541456 0.694814 -3.672561
v -0.545174 0.686594 -3.623379
v -0.742290 0.693566 -3.623945
v -0.605313 0.733435 -3.224988
v -0.802431 0.726500 -3.225884
v -0.609103 0.725264 -3.175378
v -0.605313 0.676168 -3.226423
v -0.609103 0.681843 -3.176466
v -0.802431 0.683139 -3.226971
v 0.572484 0.742904 -3.621969
v 0.769600 0.735962 -3.622591
v 0.569887 0.737158 -3.671500
v 0.572484 0.686594 -3.623379
v 0.569887 0.694814 -3.672561
v 0.769600 0.693559 -3.623653
v 0.614366 0.733435 -3.224988
v 0.616998 0.725264 -3.175378
v 0.811483 0.726493 -3.225603
v 0.614366 0.676168 -3.226423
v 0.811483 0.683132 -3.226689
v 0.616998 0.681843 -3.176466
vn -0.0344 0.9925 -0.1177
vn -0.0344 -0.9853 -0.1673
vn -0.0354 0.9865 0.1598
vn -0.0354 -0.9933 0.1102
vn 0.0346 0.9925 -0.1170
vn 0.0346 -0.9854 -0.1665
vn 0.0352 0.9864 0.1606
vn 0.0352 -0.9932 0.1110
vn -0.0352 0.9992 0.0185
vn -0.2354 0.0243 -0.9716
vn -0.0352 -0.9989 -0.0316
vn -0.2528 -0.0242 0.9672
vn -0.0000 0.9867 0.1625
vn -0.0000 -0.9936 0.1129
vn 0.2501 -0.0243 0.9679
vn 0.0353 0.9992 0.0201
vn 0.0353 -0.9989 -0.0300
vn 0.2379 0.0243 -0.9710
vn -0.0000 0.9933 -0.1152
vn -0.0000 -0.9863 -0.1648
vn -0.0000 0.9997 0.0238
vn -0.9887 0.0038 -0.1497
vn -0.0000 0.0251 -0.9997
vn -0.0000 -0.9997 -0.0263
vn -0.0000 -0.0251 0.9997
vn 0.9945 0.0026 -0.1049
vt 0.157358 0.725128
vt 0.157258 0.750000
vt 0.125000 0.725715
vt 0.594196 0.967742
vt 0.625000 0.968362
vt 0.594329 1.000000
vt 0.155765 0.525087
vt 0.125000 0.525665
vt 0.155882 0.500108
vt 0.625000 0.243131
vt 0.594579 0.272921
vt 0.594589 0.224549
vt 0.342645 0.725128
vt 0.398106 0.725407
vt 0.374182 0.766220
vt 0.641178 0.753567
vt 0.594196 0.782439
vt 0.594226 0.731515
vt 0.344238 0.525087
vt 0.374861 0.484704
vt 0.397809 0.525362
vt 0.640316 0.496991
vt 0.594553 0.518778
vt 0.594578 0.469299
vt 0.405804 0.967742
vt 0.405671 1.000000
vt 0.625000 0.023921
vt 0.594193 0.024500
vt 0.405422 0.280884
vt 0.405411 0.224549
vt 0.405807 0.024500
vt 0.844235 0.525087
vt 0.842642 0.725128
s 0
f 571/547/557 572/548/557 573/549/557
f 574/550/558 575/551/558 576/552/558
f 577/553/559 578/554/559 579/555/559
f 580/556/560 581/557/560 582/558/560
f 583/559/561 584/560/561 585/561/561
f 586/562/562 587/563/562 588/564/562
f 589/565/563 590/566/563 591/567/563
f 592/568/564 593/569/564 594/570/564
f 577/553/565 571/547/565 573/549/565 578/554/565
f 572/571/566 574/550/566 576/552/566 573/572/566
f 575/573/567 580/556/567 582/558/567 576/574/567
f 581/557/568 579/575/568 578/576/568 582/558/568
f 589/565/569 577/553/569 579/555/569 590/566/569
f 580/556/570 592/568/570 594/570/570 581/557/570
f 593/569/571 591/567/571 590/566/571 594/570/571
f 583/559/572 589/565/572 591/567/572 584/560/572
f 592/568/573 586/562/573 588/564/573 593/569/573
f 587/563/574 585/561/574 584/560/574 588/564/574
f 571/547/575 583/559/575 585/561/575 572/548/575
f 586/562/576 575/551/576 574/550/576 587/563/576
f 577/553/577 589/565/577 583/559/577 571/547/577
f 573/577/578 576/574/578 582/558/578 578/576/578
f 585/561/579 587/563/579 574/550/579 572/571/579
f 592/568/580 580/578/580 575/579/580 586/562/580
f 579/575/581 581/557/581 594/570/581 590/566/581
f 591/567/582 593/569/582 588/564/582 584/560/582
o Boat_Supports
v -0.947318 0.597224 -1.304213
v -0.534449 -0.273813 -2.856054
v -0.537990 -0.273813 -2.850367
v -0.537990 -0.273813 -2.850367
v -0.539747 -0.271034 -2.856054
v -0.536219 -0.273813 -2.853210
v -0.537730 -0.273409 -2.852316
v -0.537990 -0.273813 -2.850367
v -0.538868 -0.272424 -2.853210
v -0.537467 -0.272999 -2.856054
v -0.578067 -0.273813 -2.045508
v -0.581608 -0.273813 -2.039821
v -0.581608 -0.273813 -2.039821
v -0.583468 -0.271089 -2.045508
v -0.580571 -0.273813 -2.041487
v -0.581455 -0.273417 -2.041623
v -0.581608 -0.273813 -2.039821
v -0.582538 -0.272451 -2.042665
v -0.581116 -0.273015 -2.045508
v -0.978939 0.996806 -2.045508
v -0.979170 1.000000 -2.039821
v -0.979170 1.000000 -2.039821
v -0.979055 0.998403 -2.042665
v -0.979111 0.999188 -2.041268
v -0.979170 1.000000 -2.039821
v -0.979055 0.998403 -2.042665
v -0.905523 0.996805 -2.856054
v -0.905736 1.000000 -2.850367
v -0.905736 1.000000 -2.850367
v -0.905629 0.998403 -2.853210
v -0.905681 0.999187 -2.851814
v -0.905736 1.000000 -2.850367
v -0.905629 0.998403 -2.853210
v 0.534449 -0.273813 -2.856054
v 0.539747 -0.271034 -2.856054
v 0.537990 -0.273813 -2.850367
v 0.537990 -0.273813 -2.850367
v 0.537467 -0.272999 -2.856054
v 0.537730 -0.273409 -2.852316
v 0.538868 -0.272424 -2.853210
v 0.537990 -0.273813 -2.850367
v 0.536219 -0.273813 -2.853210
v 0.578067 -0.273813 -2.045508
v 0.583468 -0.271089 -2.045508
v 0.581608 -0.273813 -2.039821
v 0.581608 -0.273813 -2.039821
v 0.581116 -0.273015 -2.045508
v 0.581364 -0.273417 -2.041770
v 0.582538 -0.272451 -2.042665
v 0.581608 -0.273813 -2.039821
v 0.579838 -0.273813 -2.042665
v 0.978939 0.996806 -2.045508
v 0.979170 1.000000 -2.039821
v 0.979170 1.000000 -2.039821
v 0.979055 0.998403 -2.042665
v 0.979111 0.999188 -2.041268
v 0.979170 1.000000 -2.039821
v 0.979055 0.998403 -2.042665
v 0.905523 0.996805 -2.856054
v 0.905736 1.000000 -2.850367
v 0.905736 1.000000 -2.850367
v 0.905629 0.998403 -2.853210
v 0.905681 0.999187 -2.851814
v 0.905736 1.000000 -2.850367
v 0.905629 0.998403 -2.853210
v -0.282026 -0.274461 0.751661
v -0.286125 -0.271380 0.752922
v -0.285567 -0.273813 0.746092
v -0.285567 -0.273813 0.746092
v -0.284694 -0.273562 0.752056
v -0.285119 -0.273650 0.748011
v -0.285731 -0.273101 0.748093
v -0.285567 -0.273813 0.746092
v -0.283797 -0.274137 0.748876
v -0.432355 -0.273813 0.339700
v -0.437386 -0.270910 0.339700
v -0.435896 -0.273813 0.334014
v -0.435896 -0.273813 0.334014
v -0.435295 -0.272963 0.339700
v -0.435597 -0.273391 0.335963
v -0.436641 -0.272361 0.336857
v -0.435896 -0.273813 0.334014
v -0.434125 -0.273813 0.336857
v -0.733684 0.996803 0.339701
v -0.733855 1.000000 0.334014
v -0.733855 1.000000 0.334014
v -0.733769 0.998402 0.336857
v -0.733811 0.999187 0.335461
v -0.733855 1.000000 0.334014
v -0.733769 0.998402 0.336857
v -0.425490 0.996084 1.067861
v -0.425695 1.000000 1.062249
v -0.425695 1.000000 1.062249
v -0.425593 0.998042 1.065055
v -0.425643 0.999004 1.063676
v -0.425695 1.000000 1.062249
v -0.425593 0.998042 1.065055
v 0.432355 -0.273813 0.339700
v 0.435896 -0.273813 0.334014
v 0.435896 -0.273813 0.334014
v 0.437386 -0.270910 0.339700
v 0.434859 -0.273813 0.335680
v 0.435689 -0.273391 0.335816
v 0.435896 -0.273813 0.334014
v 0.436641 -0.272361 0.336857
v 0.435295 -0.272963 0.339700
v 0.282026 -0.274461 0.751661
v 0.285567 -0.273813 0.746092
v 0.285567 -0.273813 0.746092
v 0.286125 -0.271380 0.752922
v 0.283797 -0.274137 0.748876
v 0.285133 -0.273587 0.748188
v 0.285567 -0.273813 0.746092
v 0.285846 -0.272597 0.749507
v 0.284694 -0.273562 0.752056
v 0.425490 0.996084 1.067861
v 0.425695 1.000000 1.062249
v 0.425695 1.000000 1.062249
v 0.425593 0.998042 1.065055
v 0.425643 0.999004 1.063676
v 0.425695 1.000000 1.062249
v 0.425593 0.998042 1.065055
v 0.733684 0.996803 0.339701
v 0.733855 1.000000 0.334014
v 0.733855 1.000000 0.334014
v 0.733769 0.998402 0.336858
v 0.733811 0.999187 0.335461
v 0.733855 1.000000 0.334014
v 0.733769 0.998402 0.336858
v -0.976066 0.996603 -1.229480
v -0.976311 1.000000 -1.223888
v -0.976311 1.000000 -1.223888
v -0.976189 0.998301 -1.226684
v -0.976249 0.999136 -1.225311
v -0.976311 1.000000 -1.223888
v -0.976189 0.998301 -1.226684
v -0.891017 0.996805 -0.409956
v -0.891227 1.000000 -0.415642
v -0.891227 1.000000 -0.415642
v -0.891122 0.998402 -0.412799
v -0.891173 0.999187 -0.414196
v -0.891227 1.000000 -0.415642
v -0.891122 0.998402 -0.412799
v 0.525831 -0.273813 -0.409956
v 0.529372 -0.273813 -0.415642
v 0.529372 -0.273813 -0.415642
v 0.531107 -0.271023 -0.409956
v 0.527601 -0.273813 -0.412799
v 0.529109 -0.273407 -0.413693
v 0.529372 -0.273813 -0.415642
v 0.530240 -0.272418 -0.412799
v 0.528843 -0.272996 -0.409956
v 0.576369 -0.273813 -1.229575
v 0.581766 -0.271087 -1.229575
v 0.579910 -0.273813 -1.223888
v 0.579910 -0.273813 -1.223888
v 0.579417 -0.273015 -1.229575
v 0.579617 -0.273487 -1.225690
v 0.580454 -0.273015 -1.225554
v 0.579910 -0.273813 -1.223888
v 0.578140 -0.273813 -1.226732
v -0.525831 -0.273813 -0.409956
v -0.531107 -0.271023 -0.409956
v -0.529372 -0.273813 -0.415642
v -0.529372 -0.273813 -0.415642
v -0.528843 -0.272996 -0.409956
v -0.529109 -0.273407 -0.413693
v -0.530240 -0.272418 -0.412799
v -0.529372 -0.273813 -0.415642
v -0.527601 -0.273813 -0.412799
v -0.576369 -0.273813 -1.229575
v -0.579910 -0.273813 -1.223888
v -0.579910 -0.273813 -1.223888
v -0.581766 -0.271087 -1.229575
v -0.578140 -0.273813 -1.226732
v -0.579665 -0.273417 -1.225838
v -0.579910 -0.273813 -1.223888
v -0.580838 -0.272450 -1.226732
v -0.579417 -0.273015 -1.229575
v 0.976081 0.996806 -1.229575
v 0.976311 1.000000 -1.223888
v 0.976311 1.000000 -1.223888
v 0.976196 0.998403 -1.226732
v 0.976252 0.999188 -1.225335
v 0.976311 1.000000 -1.223888
v 0.976196 0.998403 -1.226732
v 0.891017 0.996805 -0.409956
v 0.891227 1.000000 -0.415642
v 0.891227 1.000000 -0.415642
v 0.891122 0.998402 -0.412799
v 0.891173 0.999187 -0.414196
v 0.891227 1.000000 -0.415642
v 0.891122 0.998402 -0.412799
v -0.812179 0.159945 -2.856054
v -0.812179 0.159945 -2.850367
v -0.812179 0.159945 -2.850367
v -0.812179 0.159945 -2.853210
v -0.812179 0.159945 -2.851814
v -0.812179 0.159945 -2.850367
v -0.812179 0.159945 -2.853210
v -0.878977 0.597854 -2.850367
v -0.878977 0.597854 -2.850367
v -0.878977 0.597854 -2.856054
v -0.878977 0.597854 -2.850367
v -0.878977 0.597854 -2.851814
v -0.878977 0.597854 -2.853210
v -0.878977 0.597854 -2.853210
v -0.950088 0.597209 -2.039821
v -0.950088 0.597209 -2.039821
v -0.950088 0.597209 -2.045508
v -0.950088 0.597209 -2.039821
v -0.950088 0.597209 -2.041268
v -0.950088 0.597209 -2.042665
v -0.950088 0.597209 -2.042665
v -0.878187 0.160590 -2.045508
v -0.878187 0.160590 -2.039821
v -0.878187 0.160590 -2.039821
v -0.878187 0.160590 -2.041487
v -0.878187 0.160590 -2.040778
v -0.878187 0.160590 -2.039821
v -0.878187 0.160590 -2.041487
v 0.878187 0.160590 -2.039821
v 0.878187 0.160590 -2.039821
v 0.878187 0.160590 -2.045508
v 0.878187 0.160590 -2.039821
v 0.878187 0.160590 -2.041023
v 0.878187 0.160590 -2.041487
v 0.878187 0.160590 -2.042665
v 0.950088 0.597209 -2.045508
v 0.950088 0.597209 -2.039821
v 0.950088 0.597209 -2.039821
v 0.950088 0.597209 -2.042665
v 0.950088 0.597209 -2.041268
v 0.950088 0.597209 -2.039821
v 0.950088 0.597209 -2.042665
v 0.878977 0.597854 -2.856054
v 0.878977 0.597854 -2.850367
v 0.878977 0.597854 -2.850367
v 0.878977 0.597854 -2.853210
v 0.878977 0.597854 -2.851814
v 0.878977 0.597854 -2.850367
v 0.878977 0.597854 -2.853210
v 0.812179 0.159945 -2.850367
v 0.812179 0.159945 -2.850367
v 0.812179 0.159945 -2.856054
v 0.812179 0.159945 -2.850367
v 0.812179 0.159945 -2.851814
v 0.812179 0.159945 -2.853210
v 0.812179 0.159945 -2.853210
v 0.359387 0.134161 0.914210
v 0.359387 0.134813 0.908605
v 0.359387 0.134813 0.908605
v 0.359387 0.134622 0.910247
v 0.359387 0.134675 0.909790
v 0.359387 0.134813 0.908605
v 0.359387 0.134487 0.911408
v 0.400663 0.600269 1.062248
v 0.400663 0.600269 1.062248
v 0.400663 0.599617 1.067858
v 0.400663 0.600269 1.062248
v 0.400663 0.600103 1.063675
v 0.400663 0.599943 1.065053
v 0.400663 0.599943 1.065053
v 0.712383 0.599032 0.334014
v 0.712383 0.599032 0.334014
v 0.712383 0.599032 0.339701
v 0.712383 0.599032 0.334014
v 0.712383 0.599032 0.335460
v 0.712383 0.599032 0.336857
v 0.712383 0.599032 0.336857
v 0.657835 0.158768 0.339700
v 0.657835 0.158768 0.334014
v 0.657835 0.158768 0.334014
v 0.657835 0.158768 0.336857
v 0.657835 0.158768 0.335460
v 0.657835 0.158768 0.334014
v 0.657835 0.158768 0.336857
v -0.657835 0.158768 0.334014
v -0.657835 0.158768 0.334014
v -0.657835 0.158768 0.339700
v -0.657835 0.158768 0.334014
v -0.657835 0.158768 0.335216
v -0.657835 0.158768 0.335680
v -0.657835 0.158768 0.336857
v -0.712383 0.599031 0.339701
v -0.712383 0.599031 0.334014
v -0.712383 0.599031 0.334014
v -0.712383 0.599031 0.336857
v -0.712383 0.599031 0.335460
v -0.712383 0.599031 0.334014
v -0.712383 0.599031 0.336857
v -0.400663 0.599617 1.067858
v -0.400663 0.600269 1.062248
v -0.400663 0.600269 1.062248
v -0.400663 0.599943 1.065053
v -0.400663 0.600103 1.063675
v -0.400663 0.600269 1.062248
v -0.400663 0.599943 1.065053
v -0.359387 0.134813 0.908605
v -0.359387 0.134813 0.908605
v -0.359387 0.134161 0.914210
v -0.359387 0.134813 0.908605
v -0.359387 0.134675 0.909790
v -0.359387 0.134487 0.911408
v -0.359387 0.134622 0.910247
v 0.799151 0.159867 -0.409956
v 0.799151 0.159867 -0.415642
v 0.799151 0.159867 -0.415642
v 0.799151 0.159867 -0.413977
v 0.799151 0.159867 -0.414441
v 0.799151 0.159867 -0.415642
v 0.799151 0.159867 -0.412799
v 0.864913 0.597933 -0.415642
v 0.864913 0.597933 -0.415642
v 0.864913 0.597933 -0.409956
v 0.864913 0.597933 -0.415642
v 0.864913 0.597933 -0.414196
v 0.864913 0.597933 -0.412799
v 0.864913 0.597933 -0.412799
v 0.947318 0.597224 -1.229575
v 0.947318 0.597224 -1.223888
v 0.947318 0.597224 -1.223888
v 0.947318 0.597224 -1.226732
v 0.947318 0.597224 -1.225335
v 0.947318 0.597224 -1.223888
v 0.947318 0.597224 -1.226732
v 0.875619 0.160576 -1.223888
v 0.875619 0.160576 -1.223888
v 0.875619 0.160576 -1.229575
v 0.875619 0.160576 -1.223888
v 0.875619 0.160576 -1.225090
v 0.875619 0.160576 -1.226732
v 0.875619 0.160576 -1.225554
v -0.875619 0.160576 -1.229575
v -0.875619 0.160576 -1.223888
v -0.875619 0.160576 -1.223888
v -0.875619 0.160576 -1.226732
v -0.875619 0.160576 -1.225335
v -0.875619 0.160576 -1.223888
v -0.875619 0.160576 -1.226732
v -0.947318 0.597224 -1.218202
v -0.947317 0.597223 -1.218202
v -0.947318 0.597224 -1.218202
v -0.864913 0.597933 -0.409956
v -0.864913 0.597933 -0.415642
v -0.864913 0.597933 -0.415642
v -0.864913 0.597933 -0.412799
v -0.864913 0.597933 -0.414196
v -0.864913 0.597933 -0.415642
v -0.864913 0.597933 -0.412799
v -0.799151 0.159867 -0.415642
v -0.799151 0.159867 -0.415642
v -0.799151 0.159867 -0.409956
v -0.799151 0.159867 -0.415642
v -0.799151 0.159867 -0.414441
v -0.799151 0.159867 -0.412799
v -0.799151 0.159867 -0.413977
v -0.535572 -0.271319 -2.850367
v -0.537990 -0.273813 -2.850367
v -0.537990 -0.273813 -2.850367
v -0.536781 -0.272566 -2.850367
v -0.537375 -0.273179 -2.850367
v -0.537990 -0.273813 -2.850367
v -0.536781 -0.272566 -2.850367
v -0.579161 -0.271478 -2.039821
v -0.581608 -0.273813 -2.039821
v -0.581608 -0.273813 -2.039821
v -0.580385 -0.272646 -2.039821
v -0.580986 -0.273219 -2.039821
v -0.581608 -0.273813 -2.039821
v -0.580385 -0.272646 -2.039821
v -0.974817 0.992681 -2.039821
v -0.976421 0.997982 -2.045508
v -0.979170 1.000000 -2.039821
v -0.979170 1.000000 -2.039821
v -0.975157 0.995846 -2.041487
v -0.977895 0.998464 -2.040649
v -0.977795 0.998991 -2.042665
v -0.979170 1.000000 -2.039821
v -0.976994 0.996341 -2.039821
v -0.901435 0.992328 -2.850367
v -0.903075 0.997888 -2.856054
v -0.905736 1.000000 -2.850367
v -0.905736 1.000000 -2.850367
v -0.901771 0.995606 -2.852033
v -0.904482 0.998385 -2.851195
v -0.904405 0.998944 -2.853210
v -0.905736 1.000000 -2.850367
v -0.903585 0.996164 -2.850367
v 0.537990 -0.273813 -2.850367
v 0.537990 -0.273813 -2.850367
v 0.535572 -0.271319 -2.850367
v 0.537990 -0.273813 -2.850367
v 0.537375 -0.273179 -2.850367
v 0.536781 -0.272566 -2.850367
v 0.536781 -0.272566 -2.850367
v 0.581608 -0.273813 -2.039821
v 0.581608 -0.273813 -2.039821
v 0.579161 -0.271478 -2.039821
v 0.581608 -0.273813 -2.039821
v 0.580986 -0.273219 -2.039821
v 0.580385 -0.272646 -2.039821
v 0.580385 -0.272646 -2.039821
v 0.974817 0.992681 -2.039821
v 0.979170 1.000000 -2.039821
v 0.979170 1.000000 -2.039821
v 0.976421 0.997982 -2.045508
v 0.976994 0.996341 -2.039821
v 0.977895 0.998464 -2.040649
v 0.979170 1.000000 -2.039821
v 0.977795 0.998991 -2.042665
v 0.975157 0.995846 -2.041487
v 0.901435 0.992328 -2.850367
v 0.905736 1.000000 -2.850367
v 0.905736 1.000000 -2.850367
v 0.903075 0.997888 -2.856054
v 0.903585 0.996164 -2.850367
v 0.904482 0.998385 -2.851195
v 0.905736 1.000000 -2.850367
v 0.904405 0.998944 -2.853210
v 0.901771 0.995606 -2.852033
v -0.285567 -0.273813 0.746092
v -0.285567 -0.273813 0.746092
v -0.283263 -0.269387 0.747560
v -0.285567 -0.273813 0.746092
v -0.284981 -0.272688 0.746465
v -0.284415 -0.271600 0.746826
v -0.284415 -0.271600 0.746826
v -0.435896 -0.273813 0.334014
v -0.435896 -0.273813 0.334014
v -0.433565 -0.270846 0.334014
v -0.435896 -0.273813 0.334014
v -0.435303 -0.273058 0.334014
v -0.434730 -0.272329 0.334014
v -0.434730 -0.272329 0.334014
v -0.729697 0.991207 0.334014
v -0.733855 1.000000 0.334014
v -0.733855 1.000000 0.334014
v -0.731454 0.997648 0.339701
v -0.731776 0.995604 0.334014
v -0.732663 0.998146 0.334842
v -0.733855 1.000000 0.334014
v -0.732654 0.998824 0.336857
v -0.730036 0.994877 0.335680
v -0.421648 0.986405 1.061121
v -0.425695 1.000000 1.062249
v -0.425695 1.000000 1.062249
v -0.424036 0.996521 1.067331
v -0.423671 0.993203 1.061685
v -0.424634 0.997123 1.062752
v -0.425695 1.000000 1.062249
v -0.424865 0.998261 1.064790
v -0.422178 0.991855 1.062825
v 0.433565 -0.270846 0.334014
v 0.435896 -0.273813 0.334014
v 0.435896 -0.273813 0.334014
v 0.434730 -0.272329 0.334014
v 0.435303 -0.273058 0.334014
v 0.435896 -0.273813 0.334014
v 0.434730 -0.272329 0.334014
v 0.283263 -0.269387 0.747560
v 0.285567 -0.273813 0.746092
v 0.285567 -0.273813 0.746092
v 0.284415 -0.271600 0.746826
v 0.284981 -0.272688 0.746465
v 0.285567 -0.273813 0.746092
v 0.284415 -0.271600 0.746826
v 0.421648 0.986405 1.061121
v 0.424036 0.996521 1.067331
v 0.425695 1.000000 1.062249
v 0.425695 1.000000 1.062249
v 0.422178 0.991855 1.062825
v 0.424634 0.997123 1.062752
v 0.424865 0.998261 1.064790
v 0.425695 1.000000 1.062249
v 0.423671 0.993203 1.061685
v 0.729697 0.991207 0.334014
v 0.731454 0.997648 0.339701
v 0.733855 1.000000 0.334014
v 0.733855 1.000000 0.334014
v 0.730036 0.994877 0.335680
v 0.732663 0.998146 0.334842
v 0.732654 0.998824 0.336858
v 0.733855 1.000000 0.334014
v 0.731776 0.995603 0.334014
v -0.971960 0.992669 -1.223888
v -0.973565 0.997979 -1.229575
v -0.976311 1.000000 -1.223888
v -0.976311 1.000000 -1.223888
v -0.972300 0.995838 -1.225554
v -0.975037 0.998461 -1.224716
v -0.974938 0.998989 -1.226732
v -0.976311 1.000000 -1.223888
v -0.974136 0.996334 -1.223888
v -0.886937 0.992250 -0.415642
v -0.891227 1.000000 -0.415642
v -0.891227 1.000000 -0.415642
v -0.888585 0.997869 -0.409956
v -0.889082 0.996125 -0.415642
v -0.889978 0.998368 -0.414815
v -0.891227 1.000000 -0.415642
v -0.889906 0.998935 -0.412799
v -0.887273 0.995554 -0.413977
v 0.526960 -0.271285 -0.415642
v 0.529372 -0.273813 -0.415642
v 0.529372 -0.273813 -0.415642
v 0.528166 -0.272549 -0.415642
v 0.528758 -0.273170 -0.415642
v 0.529372 -0.273813 -0.415642
v 0.528166 -0.272549 -0.415642
v 0.579910 -0.273813 -1.223888
v 0.579910 -0.273813 -1.223888
v 0.577464 -0.271472 -1.223888
v 0.579910 -0.273813 -1.223888
v 0.579288 -0.273218 -1.223888
v 0.578687 -0.272643 -1.223888
v 0.578687 -0.272643 -1.223888
v -0.529372 -0.273813 -0.415642
v -0.529372 -0.273813 -0.415642
v -0.526960 -0.271285 -0.415642
v -0.529372 -0.273813 -0.415642
v -0.528758 -0.273170 -0.415642
v -0.528166 -0.272549 -0.415642
v -0.528166 -0.272549 -0.415642
v -0.577464 -0.271472 -1.223888
v -0.579910 -0.273813 -1.223888
v -0.579910 -0.273813 -1.223888
v -0.578687 -0.272643 -1.223888
v -0.579288 -0.273218 -1.223888
v -0.579910 -0.273813 -1.223888
v -0.578687 -0.272643 -1.223888
v 0.971960 0.992669 -1.223888
v 0.976311 1.000000 -1.223888
v 0.976311 1.000000 -1.223888
v 0.973565 0.997979 -1.229575
v 0.974136 0.996334 -1.223888
v 0.975037 0.998461 -1.224716
v 0.976311 1.000000 -1.223888
v 0.974938 0.998989 -1.226732
v 0.972300 0.995838 -1.225554
v 0.886937 0.992250 -0.415642
v 0.888585 0.997869 -0.409956
v 0.891227 1.000000 -0.415642
v 0.891227 1.000000 -0.415642
v 0.887273 0.995554 -0.413977
v 0.889978 0.998368 -0.414815
v 0.889906 0.998935 -0.412799
v 0.891227 1.000000 -0.415642
v 0.889082 0.996125 -0.415642
v -0.812179 0.159945 -2.850367
v -0.812179 0.159945 -2.850367
v -0.808558 0.160485 -2.850367
v -0.812179 0.159945 -2.850367
v -0.811258 0.160083 -2.850367
v -0.810368 0.160215 -2.850367
v -0.810368 0.160215 -2.850367
v -0.875084 0.596452 -2.850367
v -0.878977 0.597854 -2.850367
v -0.878977 0.597854 -2.850367
v -0.877030 0.597153 -2.850367
v -0.877987 0.597498 -2.850367
v -0.878977 0.597854 -2.850367
v -0.877030 0.597153 -2.850367
v -0.946159 0.595902 -2.039821
v -0.950088 0.597209 -2.039821
v -0.950088 0.597209 -2.039821
v -0.948124 0.596556 -2.039821
v -0.949089 0.596877 -2.039821
v -0.950088 0.597209 -2.039821
v -0.948124 0.596556 -2.039821
v -0.878187 0.160590 -2.039821
v -0.878187 0.160590 -2.039821
v -0.874527 0.161093 -2.039821
v -0.878187 0.160590 -2.039821
v -0.877571 0.160675 -2.039821
v -0.877115 0.160737 -2.039821
v -0.877115 0.160737 -2.039821
v 0.874527 0.161093 -2.039821
v 0.878187 0.160590 -2.039821
v 0.878187 0.160590 -2.039821
v 0.877115 0.160737 -2.039821
v 0.877413 0.160696 -2.039821
v 0.878187 0.160590 -2.039821
v 0.876357 0.160841 -2.039821
v 0.950088 0.597209 -2.039821
v 0.950088 0.597209 -2.039821
v 0.946159 0.595902 -2.039821
v 0.950088 0.597209 -2.039821
v 0.949258 0.596933 -2.039821
v 0.948124 0.596556 -2.039821
v 0.948937 0.596827 -2.039821
v 0.878977 0.597854 -2.850367
v 0.878977 0.597854 -2.850367
v 0.875084 0.596452 -2.850367
v 0.878977 0.597854 -2.850367
v 0.877987 0.597498 -2.850367
v 0.877030 0.597153 -2.850367
v 0.877030 0.597153 -2.850367
v 0.808558 0.160485 -2.850367
v 0.812179 0.159945 -2.850367
v 0.812179 0.159945 -2.850367
v 0.810368 0.160215 -2.850367
v 0.811258 0.160083 -2.850367
v 0.812179 0.159945 -2.850367
v 0.810368 0.160215 -2.850367
v 0.359387 0.134813 0.908605
v 0.359387 0.134813 0.908605
v 0.356417 0.135969 0.908766
v 0.359387 0.134813 0.908605
v 0.358760 0.135058 0.908639
v 0.358517 0.135152 0.908652
v 0.357902 0.135391 0.908685
v 0.397307 0.597542 1.061124
v 0.400663 0.600269 1.062248
v 0.400663 0.600269 1.062248
v 0.398985 0.598905 1.061686
v 0.399809 0.599575 1.061963
v 0.400663 0.600269 1.062248
v 0.398985 0.598905 1.061686
v 0.708600 0.597343 0.334014
v 0.712383 0.599032 0.334014
v 0.712383 0.599032 0.334014
v 0.710491 0.598187 0.334014
v 0.711421 0.598602 0.334014
v 0.712383 0.599032 0.334014
v 0.710491 0.598187 0.334014
v 0.657835 0.158768 0.334014
v 0.657835 0.158768 0.334014
v 0.654329 0.159420 0.334014
v 0.657835 0.158768 0.334014
v 0.656944 0.158934 0.334014
v 0.656082 0.159094 0.334014
v 0.656082 0.159094 0.334014
v -0.654329 0.159420 0.334014
v -0.657835 0.158768 0.334014
v -0.657835 0.158768 0.334014
v -0.656808 0.158959 0.334014
v -0.657094 0.158906 0.334014
v -0.657835 0.158768 0.334014
v -0.656082 0.159094 0.334014
v -0.712383 0.599031 0.334014
v -0.712383 0.599031 0.334014
v -0.708600 0.597343 0.334014
v -0.712383 0.599031 0.334014
v -0.711421 0.598602 0.334014
v -0.710491 0.598187 0.334014
v -0.710491 0.598187 0.334014
v -0.400663 0.600269 1.062248
v -0.400663 0.600269 1.062248
v -0.397307 0.597542 1.061124
v -0.400663 0.600269 1.062248
v -0.399809 0.599576 1.061963
v -0.398985 0.598905 1.061686
v -0.398985 0.598905 1.061686
v -0.356417 0.135969 0.908766
v -0.359387 0.134813 0.908605
v -0.359387 0.134813 0.908605
v -0.357902 0.135391 0.908685
v -0.358760 0.135058 0.908639
v -0.359387 0.134813 0.908605
v -0.358517 0.135152 0.908652
v 0.799151 0.159867 -0.415642
v 0.799151 0.159867 -0.415642
v 0.795538 0.160415 -0.415642
v 0.799151 0.159867 -0.415642
v 0.798388 0.159983 -0.415642
v 0.798093 0.160028 -0.415642
v 0.797345 0.160141 -0.415642
v 0.861028 0.596510 -0.415642
v 0.864913 0.597933 -0.415642
v 0.864913 0.597933 -0.415642
v 0.862971 0.597221 -0.415642
v 0.863925 0.597571 -0.415642
v 0.864913 0.597933 -0.415642
v 0.862971 0.597221 -0.415642
v 0.947318 0.597224 -1.223888
v 0.947318 0.597224 -1.223888
v 0.943390 0.595913 -1.223888
v 0.947318 0.597224 -1.223888
v 0.946319 0.596890 -1.223888
v 0.945354 0.596568 -1.223888
v 0.945354 0.596568 -1.223888
v 0.871960 0.161080 -1.223888
v 0.875619 0.160576 -1.223888
v 0.875619 0.160576 -1.223888
v 0.873790 0.160828 -1.223888
v 0.874846 0.160682 -1.223888
v 0.875619 0.160576 -1.223888
v 0.874548 0.160723 -1.223888
v -0.875619 0.160576 -1.223888
v -0.875619 0.160576 -1.223888
v -0.871960 0.161080 -1.223888
v -0.875619 0.160576 -1.223888
v -0.874689 0.160704 -1.223888
v -0.873790 0.160828 -1.223888
v -0.873790 0.160828 -1.223888
v -0.943390 0.595913 -1.223888
v -0.947318 0.597224 -1.218202
v -0.946167 0.596840 -1.222223
v -0.864913 0.597933 -0.415642
v -0.864913 0.597933 -0.415642
v -0.861028 0.596510 -0.415642
v -0.864913 0.597933 -0.415642
v -0.863925 0.597571 -0.415642
v -0.862971 0.597221 -0.415642
v -0.862971 0.597221 -0.415642
v -0.795538 0.160415 -0.415642
v -0.799151 0.159867 -0.415642
v -0.799151 0.159867 -0.415642
v -0.797345 0.160141 -0.415642
v -0.798388 0.159983 -0.415642
v -0.799151 0.159867 -0.415642
v -0.798093 0.160028 -0.415642
v -0.480672 -0.218341 -2.856054
v -0.485970 -0.215562 -2.856054
v -0.486631 -0.220835 -2.850367
v -0.483690 -0.217527 -2.856054
v -0.484382 -0.218217 -2.852771
v -0.485667 -0.217893 -2.852031
v -0.483963 -0.219077 -2.852025
v -0.519930 -0.218341 -2.045508
v -0.525331 -0.215617 -2.045508
v -0.525919 -0.220676 -2.039821
v -0.522979 -0.217543 -2.045508
v -0.523688 -0.218193 -2.042225
v -0.525005 -0.217831 -2.041486
v -0.523315 -0.219031 -2.041477
v -0.881062 0.924949 -2.045508
v -0.884041 0.930161 -2.045508
v -0.885016 0.926754 -2.039821
v -0.882030 0.927799 -2.045508
v -0.882512 0.927651 -2.042225
v -0.884067 0.928972 -2.041487
v -0.882245 0.925865 -2.041493
v -0.814986 0.924948 -2.856054
v -0.817860 0.930255 -2.856054
v -0.818901 0.926822 -2.850367
v -0.815916 0.927826 -2.856054
v -0.816395 0.927685 -2.852771
v -0.817897 0.929037 -2.852033
v -0.816157 0.925898 -2.852039
v 0.480672 -0.218341 -2.856054
v 0.486631 -0.220835 -2.850367
v 0.485970 -0.215562 -2.856054
v 0.483963 -0.219077 -2.852025
v 0.484382 -0.218217 -2.852771
v 0.485667 -0.217893 -2.852031
v 0.483690 -0.217527 -2.856054
v 0.519930 -0.218341 -2.045508
v 0.525919 -0.220676 -2.039821
v 0.525331 -0.215617 -2.045508
v 0.523315 -0.219031 -2.041477
v 0.523688 -0.218193 -2.042225
v 0.525005 -0.217831 -2.041486
v 0.522979 -0.217543 -2.045508
v 0.881062 0.924949 -2.045508
v 0.885016 0.926754 -2.039821
v 0.884041 0.930161 -2.045508
v 0.882470 0.925434 -2.041487
v 0.882612 0.927601 -2.042225
v 0.884577 0.929119 -2.041487
v 0.881781 0.927843 -2.045508
v 0.814986 0.924948 -2.856054
v 0.818901 0.926822 -2.850367
v 0.817860 0.930255 -2.856054
v 0.816393 0.925448 -2.852033
v 0.816499 0.927635 -2.852771
v 0.818424 0.929200 -2.852033
v 0.815656 0.927875 -2.856054
v -0.253481 -0.219637 0.769846
v -0.259327 -0.223415 0.762809
v -0.257580 -0.216556 0.771103
v -0.255981 -0.220466 0.765505
v -0.256756 -0.219574 0.766567
v -0.257790 -0.219983 0.765680
v -0.256148 -0.218738 0.770239
v -0.388783 -0.218341 0.339700
v -0.394655 -0.221308 0.334014
v -0.393814 -0.215437 0.339700
v -0.391814 -0.219212 0.335677
v -0.392365 -0.218300 0.336417
v -0.393572 -0.218110 0.335679
v -0.391723 -0.217490 0.339700
v -0.660328 0.924946 0.339701
v -0.664124 0.926974 0.334014
v -0.662901 0.930496 0.339701
v -0.661462 0.925975 0.335683
v -0.661622 0.927764 0.336418
v -0.662974 0.929185 0.335680
v -0.661153 0.927896 0.339701
v -0.386251 0.926092 1.049960
v -0.383143 0.926842 1.054438
v -0.384053 0.926893 1.050804
v 0.388783 -0.218341 0.339700
v 0.393814 -0.215437 0.339700
v 0.394655 -0.221308 0.334014
v 0.391723 -0.217490 0.339700
v 0.392365 -0.218300 0.336417
v 0.393572 -0.218110 0.335679
v 0.391814 -0.219212 0.335677
v 0.253481 -0.219637 0.769846
v 0.257580 -0.216556 0.771103
v 0.259327 -0.223415 0.762809
v 0.256148 -0.218738 0.770239
v 0.256756 -0.219574 0.766567
v 0.257790 -0.219983 0.765680
v 0.255981 -0.220466 0.765505
v 0.383143 0.926842 1.054438
v 0.386251 0.926092 1.049960
v 0.384053 0.926893 1.050804
v 0.660328 0.924946 0.339701
v 0.662901 0.930496 0.339701
v 0.664124 0.926974 0.334014
v 0.661153 0.927896 0.339701
v 0.661622 0.927764 0.336418
v 0.662974 0.929185 0.335680
v 0.661462 0.925975 0.335683
v -0.878490 0.924949 -1.229575
v -0.881465 0.930165 -1.229575
v -0.882442 0.926756 -1.223888
v -0.879456 0.927800 -1.229575
v -0.879938 0.927653 -1.226292
v -0.881491 0.928974 -1.225554
v -0.879672 0.925866 -1.225561
v -0.801931 0.924948 -0.409956
v -0.805837 0.926835 -0.415642
v -0.804782 0.930274 -0.409956
v -0.803099 0.925904 -0.413971
v -0.803331 0.927692 -0.413239
v -0.804821 0.929049 -0.413977
v -0.802853 0.927832 -0.409956
v 0.472915 -0.218341 -0.409956
v 0.478192 -0.215551 -0.409956
v 0.478868 -0.220869 -0.415642
v 0.475927 -0.217524 -0.409956
v 0.476615 -0.218222 -0.413239
v 0.477894 -0.217907 -0.413978
v 0.476187 -0.219086 -0.413984
v 0.518402 -0.218341 -1.229575
v 0.524389 -0.220682 -1.223888
v 0.523799 -0.215615 -1.229575
v 0.521783 -0.219032 -1.225544
v 0.522158 -0.218194 -1.226292
v 0.523474 -0.217833 -1.225553
v 0.521449 -0.217542 -1.229575
v -0.472915 -0.218341 -0.409956
v -0.478868 -0.220869 -0.415642
v -0.478192 -0.215551 -0.409956
v -0.476187 -0.219086 -0.413984
v -0.476615 -0.218222 -0.413239
v -0.477894 -0.217907 -0.413978
v -0.475927 -0.217524 -0.409956
v -0.518402 -0.218341 -1.229575
v -0.523799 -0.215615 -1.229575
v -0.524389 -0.220682 -1.223888
v -0.521449 -0.217542 -1.229575
v -0.522158 -0.218194 -1.226292
v -0.523474 -0.217833 -1.225553
v -0.521783 -0.219032 -1.225544
v 0.878490 0.924949 -1.229575
v 0.882442 0.926756 -1.223888
v 0.881465 0.930165 -1.229575
v 0.879898 0.925434 -1.225554
v 0.880038 0.927602 -1.226292
v 0.882001 0.929122 -1.225554
v 0.879206 0.927844 -1.229575
v 0.801931 0.924948 -0.409956
v 0.804782 0.930274 -0.409956
v 0.805837 0.926835 -0.415642
v 0.802853 0.927832 -0.409956
v 0.803331 0.927692 -0.413239
v 0.804822 0.929050 -0.413977
v 0.803099 0.925904 -0.413971
v -0.734616 0.171519 -2.850367
v -0.730994 0.172060 -2.856054
v -0.732055 0.171901 -2.852033
v -0.791115 0.566196 -2.856054
v -0.795008 0.567599 -2.850367
v -0.792255 0.566607 -2.852033
v -0.855118 0.565615 -2.045508
v -0.859048 0.566923 -2.039821
v -0.856269 0.565998 -2.041487
v -0.794065 0.172138 -2.039821
v -0.790404 0.172640 -2.045508
v -0.791476 0.172493 -2.041487
v 0.790404 0.172640 -2.045508
v 0.794065 0.172138 -2.039821
v 0.791476 0.172493 -2.041487
v 0.859048 0.566923 -2.039821
v 0.855118 0.565615 -2.045508
v 0.856269 0.565998 -2.041487
v 0.795008 0.567599 -2.850367
v 0.791115 0.566196 -2.856054
v 0.792255 0.566607 -2.852033
v 0.730994 0.172060 -2.856054
v 0.734616 0.171519 -2.850367
v 0.732055 0.171901 -2.852033
v 0.326434 0.147635 0.910385
v 0.323463 0.148139 0.916146
v 0.324334 0.148262 0.912139
v 0.360613 0.567068 1.054435
v 0.363969 0.570448 1.049955
v 0.361596 0.568328 1.050802
v 0.641174 0.567255 0.339701
v 0.644958 0.568944 0.334014
v 0.642282 0.567750 0.335680
v 0.595585 0.170348 0.334014
v 0.592079 0.171000 0.339700
v 0.593106 0.170809 0.335680
v -0.592079 0.171000 0.339700
v -0.595585 0.170348 0.334014
v -0.593106 0.170809 0.335680
v -0.644958 0.568944 0.334014
v -0.641174 0.567255 0.339701
v -0.642282 0.567750 0.335680
v -0.363969 0.570448 1.049955
v -0.360613 0.567068 1.054435
v -0.361596 0.568328 1.050802
v -0.323463 0.148139 0.916146
v -0.326434 0.147635 0.910385
v -0.324334 0.148262 0.912139
v 0.722882 0.171441 -0.415642
v 0.719269 0.171989 -0.409956
v 0.720327 0.171829 -0.413977
v 0.778457 0.566266 -0.409956
v 0.782342 0.567689 -0.415642
v 0.779595 0.566683 -0.413977
v 0.856553 0.566939 -1.223888
v 0.852625 0.565628 -1.229575
v 0.853775 0.566012 -1.225554
v 0.788093 0.172627 -1.229575
v 0.791752 0.172123 -1.223888
v 0.789165 0.172480 -1.225554
v -0.791752 0.172123 -1.223888
v -0.788093 0.172627 -1.229575
v -0.789165 0.172480 -1.225554
v -0.852625 0.565628 -1.229575
v -0.856553 0.566939 -1.223888
v -0.853775 0.566012 -1.225554
v -0.782342 0.567689 -0.415642
v -0.778457 0.566266 -0.409956
v -0.779595 0.566683 -0.413977
v -0.719269 0.171989 -0.409956
v -0.722882 0.171441 -0.415642
v -0.720327 0.171829 -0.413977
v 0.578067 -0.273813 -2.125833
v 0.581608 -0.273813 -2.131519
v 0.581608 -0.273813 -2.131519
v 0.583468 -0.271089 -2.125833
v 0.579838 -0.273813 -2.128676
v 0.581364 -0.273417 -2.129570
v 0.581608 -0.273813 -2.131519
v 0.582538 -0.272451 -2.128676
v 0.581116 -0.273015 -2.125833
v -0.578067 -0.273813 -2.125833
v -0.583468 -0.271089 -2.125833
v -0.581608 -0.273813 -2.131519
v -0.581608 -0.273813 -2.131519
v -0.581116 -0.273015 -2.125833
v -0.581364 -0.273417 -2.129570
v -0.582538 -0.272451 -2.128676
v -0.581608 -0.273813 -2.131519
v -0.579838 -0.273813 -2.128676
v -0.534449 -0.273813 -2.936379
v -0.539747 -0.271034 -2.936379
v -0.537990 -0.273813 -2.942065
v -0.537990 -0.273813 -2.942065
v -0.537467 -0.272999 -2.936379
v -0.537730 -0.273409 -2.940116
v -0.538868 -0.272424 -2.939222
v -0.537990 -0.273813 -2.942065
v -0.536219 -0.273813 -2.939222
v 0.534449 -0.273813 -2.936379
v 0.537990 -0.273813 -2.942065
v 0.537990 -0.273813 -2.942065
v 0.539747 -0.271034 -2.936379
v 0.536953 -0.273813 -2.940400
v 0.537822 -0.273409 -2.940263
v 0.537990 -0.273813 -2.942065
v 0.538868 -0.272424 -2.939222
v 0.537467 -0.272999 -2.936379
v 0.282026 -0.283762 0.831607
v 0.286125 -0.280673 0.832799
v 0.285567 -0.284410 0.837175
v 0.285567 -0.284410 0.837175
v 0.284694 -0.282858 0.831967
v 0.285133 -0.283738 0.835441
v 0.285846 -0.282541 0.834987
v 0.285567 -0.284410 0.837175
v 0.283797 -0.284086 0.834391
v -0.282026 -0.283762 0.831607
v -0.285567 -0.284410 0.837175
v -0.285567 -0.284410 0.837175
v -0.286125 -0.280673 0.832799
v -0.283797 -0.284086 0.834391
v -0.285133 -0.283738 0.835441
v -0.285567 -0.284410 0.837175
v -0.285846 -0.282541 0.834987
v -0.284694 -0.282858 0.831967
v -0.432355 -0.273813 0.420025
v -0.435896 -0.273813 0.425712
v -0.435896 -0.273813 0.425712
v -0.437386 -0.270910 0.420025
v -0.434125 -0.273813 0.422869
v -0.435597 -0.273391 0.423763
v -0.435896 -0.273813 0.425712
v -0.436641 -0.272361 0.422869
v -0.435295 -0.272963 0.420025
v 0.432355 -0.273813 0.420025
v 0.437386 -0.270910 0.420025
v 0.435896 -0.273813 0.425712
v 0.435896 -0.273813 0.425712
v 0.435295 -0.272963 0.420025
v 0.435597 -0.273391 0.423763
v 0.436641 -0.272361 0.422869
v 0.435896 -0.273813 0.425712
v 0.434125 -0.273813 0.422869
v 0.525831 -0.273813 -0.329631
v 0.531107 -0.271023 -0.329631
v 0.529372 -0.273813 -0.323944
v 0.529372 -0.273813 -0.323944
v 0.528843 -0.272996 -0.329631
v 0.529109 -0.273407 -0.325894
v 0.530240 -0.272418 -0.326788
v 0.529372 -0.273813 -0.323944
v 0.527601 -0.273813 -0.326788
v -0.525831 -0.273813 -0.329631
v -0.529372 -0.273813 -0.323944
v -0.529372 -0.273813 -0.323944
v -0.531107 -0.271023 -0.329631
v -0.528335 -0.273813 -0.325610
v -0.529201 -0.273407 -0.325746
v -0.529372 -0.273813 -0.323944
v -0.530240 -0.272418 -0.326788
v -0.528843 -0.272996 -0.329631
v -0.576369 -0.273813 -1.309900
v -0.581766 -0.271087 -1.309537
v -0.579910 -0.273813 -1.315586
v -0.579910 -0.273813 -1.315586
v -0.579417 -0.273015 -1.309718
v -0.579665 -0.273417 -1.313575
v -0.580838 -0.272450 -1.312562
v -0.579910 -0.273813 -1.315586
v -0.578140 -0.273813 -1.312743
v 0.576369 -0.273813 -1.309900
v 0.579910 -0.273813 -1.315586
v 0.579910 -0.273813 -1.315586
v 0.581766 -0.271087 -1.309900
v 0.578873 -0.273813 -1.313921
v 0.579757 -0.273417 -1.313784
v 0.579910 -0.273813 -1.315586
v 0.580838 -0.272450 -1.312743
v 0.579417 -0.273015 -1.309900
v 0.799151 0.159867 -0.323944
v 0.799151 0.159867 -0.323944
v 0.799151 0.159867 -0.329631
v 0.799151 0.159867 -0.323944
v 0.799151 0.159867 -0.325146
v 0.799151 0.159867 -0.325610
v 0.799151 0.159867 -0.326788
v 0.864913 0.597933 -0.329631
v 0.864913 0.597933 -0.323944
v 0.864913 0.597933 -0.323944
v 0.864913 0.597933 -0.326788
v 0.864913 0.597933 -0.325391
v 0.864913 0.597933 -0.323944
v 0.864913 0.597933 -0.326788
v 0.712383 0.599032 0.420026
v 0.712383 0.599032 0.425712
v 0.712383 0.599032 0.425712
v 0.712383 0.599032 0.422869
v 0.712383 0.599032 0.424266
v 0.712383 0.599032 0.425712
v 0.712383 0.599032 0.422869
v 0.657835 0.158768 0.425712
v 0.657835 0.158768 0.425712
v 0.657835 0.158768 0.420025
v 0.657835 0.158768 0.425712
v 0.657835 0.158768 0.424755
v 0.657835 0.158768 0.424046
v 0.657835 0.158768 0.424046
v 0.359387 0.124217 0.999689
v 0.359387 0.124217 0.999689
v 0.359387 0.124869 0.994084
v 0.359387 0.124217 0.999689
v 0.359387 0.124355 0.998504
v 0.359387 0.124408 0.998047
v 0.359387 0.124543 0.996886
v 0.400663 0.590325 1.147723
v 0.400663 0.589673 1.153332
v 0.400663 0.589673 1.153332
v 0.400663 0.589999 1.150527
v 0.400663 0.589839 1.151905
v 0.400663 0.589673 1.153332
v 0.400663 0.589999 1.150527
v -0.657835 0.158768 0.420025
v -0.657835 0.158768 0.425712
v -0.657835 0.158768 0.425712
v -0.657835 0.158768 0.422869
v -0.657835 0.158768 0.424266
v -0.657835 0.158768 0.425712
v -0.657835 0.158768 0.422869
v -0.712383 0.599031 0.425712
v -0.712383 0.599031 0.425712
v -0.712383 0.599031 0.420026
v -0.712383 0.599031 0.425712
v -0.712383 0.599031 0.424266
v -0.712383 0.599031 0.422869
v -0.712383 0.599031 0.422869
v -0.864913 0.597933 -0.323944
v -0.864913 0.597933 -0.323944
v -0.864913 0.597933 -0.329631
v -0.864913 0.597933 -0.323944
v -0.864913 0.597933 -0.325391
v -0.864913 0.597933 -0.326788
v -0.864913 0.597933 -0.326788
v -0.799151 0.159867 -0.329631
v -0.799151 0.159867 -0.323944
v -0.799151 0.159867 -0.323944
v -0.799151 0.159867 -0.326788
v -0.799151 0.159867 -0.325146
v -0.799151 0.159867 -0.323944
v -0.799151 0.159867 -0.325610
v -0.400663 0.589673 1.153332
v -0.400663 0.589673 1.153332
v -0.400663 0.590325 1.147723
v -0.400663 0.589673 1.153332
v -0.400663 0.589839 1.151906
v -0.400663 0.589999 1.150527
v -0.400663 0.589999 1.150527
v -0.359387 0.124869 0.994084
v -0.359387 0.124217 0.999689
v -0.359387 0.124217 0.999689
v -0.359387 0.124543 0.996886
v -0.359387 0.124355 0.998504
v -0.359387 0.124217 0.999689
v -0.359387 0.124408 0.998047
v 0.878187 0.160590 -2.125833
v 0.878187 0.160590 -2.131519
v 0.878187 0.160590 -2.131519
v 0.878187 0.160590 -2.129854
v 0.878187 0.160590 -2.130318
v 0.878187 0.160590 -2.131519
v 0.878187 0.160590 -2.128676
v 0.950088 0.597209 -2.131519
v 0.950088 0.597209 -2.131519
v 0.950088 0.597209 -2.125833
v 0.950088 0.597209 -2.131519
v 0.950088 0.597209 -2.130073
v 0.950088 0.597209 -2.128676
v 0.950088 0.597209 -2.128676
v 0.947318 0.597224 -1.315586
v 0.947318 0.597224 -1.315586
v 0.947318 0.597224 -1.309900
v 0.947318 0.597224 -1.315586
v 0.947318 0.597224 -1.314140
v 0.947318 0.597224 -1.312743
v 0.947318 0.597224 -1.312743
v 0.875619 0.160576 -1.309900
v 0.875619 0.160576 -1.315586
v 0.875619 0.160576 -1.315586
v 0.875619 0.160576 -1.312743
v 0.875619 0.160576 -1.314384
v 0.875619 0.160576 -1.315586
v 0.875619 0.160576 -1.313921
v 0.878977 0.597854 -2.942065
v 0.878977 0.597854 -2.942065
v 0.878977 0.597854 -2.936379
v 0.878977 0.597854 -2.942065
v 0.878977 0.597854 -2.940619
v 0.878977 0.597854 -2.939222
v 0.878977 0.597854 -2.939222
v 0.812179 0.159945 -2.936379
v 0.812179 0.159945 -2.942065
v 0.812179 0.159945 -2.942065
v 0.812179 0.159945 -2.939222
v 0.812179 0.159945 -2.940619
v 0.812179 0.159945 -2.942065
v 0.812179 0.159945 -2.939222
v -0.875619 0.160576 -1.309523
v -0.875619 0.160576 -1.315586
v -0.875619 0.160576 -1.312554
v -0.950088 0.597209 -2.125833
v -0.950088 0.597209 -2.131519
v -0.950088 0.597209 -2.131519
v -0.950088 0.597209 -2.128676
v -0.950088 0.597209 -2.130073
v -0.950088 0.597209 -2.131519
v -0.950088 0.597209 -2.128676
v -0.878187 0.160590 -2.131519
v -0.878187 0.160590 -2.131519
v -0.878187 0.160590 -2.125833
v -0.878187 0.160590 -2.131519
v -0.878187 0.160590 -2.130563
v -0.878187 0.160590 -2.129854
v -0.878187 0.160590 -2.129854
v -0.812179 0.159945 -2.942065
v -0.812179 0.159945 -2.942065
v -0.812179 0.159945 -2.936379
v -0.812179 0.159945 -2.942065
v -0.812179 0.159945 -2.940619
v -0.812179 0.159945 -2.939222
v -0.812179 0.159945 -2.939222
v -0.878977 0.597854 -2.936379
v -0.878977 0.597854 -2.942065
v -0.878977 0.597854 -2.942065
v -0.878977 0.597854 -2.939222
v -0.878977 0.597854 -2.940619
v -0.878977 0.597854 -2.942065
v -0.878977 0.597854 -2.939222
v 0.425490 0.986794 1.147720
v 0.425695 0.989404 1.153332
v 0.425695 0.989404 1.153332
v 0.425593 0.988099 1.150526
v 0.425643 0.988740 1.151905
v 0.425695 0.989404 1.153332
v 0.425593 0.988099 1.150526
v -0.425490 0.986794 1.147720
v -0.425695 0.989404 1.153332
v -0.425695 0.989404 1.153332
v -0.425593 0.988099 1.150526
v -0.425643 0.988740 1.151905
v -0.425695 0.989404 1.153332
v -0.425593 0.988099 1.150526
v -0.905523 0.996805 -2.936379
v -0.905736 1.000000 -2.942065
v -0.905736 1.000000 -2.942065
v -0.905629 0.998403 -2.939222
v -0.905681 0.999187 -2.940619
v -0.905736 1.000000 -2.942065
v -0.905629 0.998403 -2.939222
v 0.905523 0.996805 -2.936379
v 0.905736 1.000000 -2.942065
v 0.905736 1.000000 -2.942065
v 0.905629 0.998403 -2.939222
v 0.905681 0.999187 -2.940619
v 0.905736 1.000000 -2.942065
v 0.905629 0.998403 -2.939222
v -0.978939 0.996806 -2.125833
v -0.979170 1.000000 -2.131519
v -0.979170 1.000000 -2.131519
v -0.979055 0.998403 -2.128676
v -0.979111 0.999188 -2.130073
v -0.979170 1.000000 -2.131519
v -0.979055 0.998403 -2.128676
v -0.976311 1.000000 -1.315586
v -0.976066 0.996594 -1.315490
v -0.976188 0.998297 -1.315538
v 0.978939 0.996806 -2.125833
v 0.979170 1.000000 -2.131519
v 0.979170 1.000000 -2.131519
v 0.979055 0.998403 -2.128676
v 0.979111 0.999188 -2.130073
v 0.979170 1.000000 -2.131519
v 0.979055 0.998403 -2.128676
v 0.976081 0.996806 -1.309900
v 0.976311 1.000000 -1.315586
v 0.976311 1.000000 -1.315586
v 0.976196 0.998403 -1.312743
v 0.976252 0.999188 -1.314140
v 0.976311 1.000000 -1.315586
v 0.976196 0.998403 -1.312743
v 0.733684 0.996803 0.420026
v 0.733855 1.000000 0.425712
v 0.733855 1.000000 0.425712
v 0.733769 0.998402 0.422869
v 0.733811 0.999187 0.424266
v 0.733855 1.000000 0.425712
v 0.733769 0.998402 0.422869
v 0.891017 0.996805 -0.329631
v 0.891227 1.000000 -0.323944
v 0.891227 1.000000 -0.323944
v 0.891122 0.998402 -0.326788
v 0.891173 0.999187 -0.325391
v 0.891227 1.000000 -0.323944
v 0.891122 0.998402 -0.326788
v -0.733684 0.996803 0.420026
v -0.733855 1.000000 0.425712
v -0.733855 1.000000 0.425712
v -0.733769 0.998402 0.422869
v -0.733811 0.999187 0.424266
v -0.733855 1.000000 0.425712
v -0.733769 0.998402 0.422869
v -0.891017 0.996805 -0.329631
v -0.891227 1.000000 -0.323944
v -0.891227 1.000000 -0.323944
v -0.891122 0.998402 -0.326788
v -0.891173 0.999187 -0.325391
v -0.891227 1.000000 -0.323944
v -0.891122 0.998402 -0.326788
v 0.579161 -0.271478 -2.131519
v 0.581608 -0.273813 -2.131519
v 0.581608 -0.273813 -2.131519
v 0.580385 -0.272646 -2.131519
v 0.580986 -0.273219 -2.131519
v 0.581608 -0.273813 -2.131519
v 0.580385 -0.272646 -2.131519
v -0.581608 -0.273813 -2.131519
v -0.581608 -0.273813 -2.131519
v -0.579161 -0.271478 -2.131519
v -0.581608 -0.273813 -2.131519
v -0.581091 -0.273320 -2.131519
v -0.580385 -0.272646 -2.131519
v -0.580892 -0.273129 -2.131519
v -0.537990 -0.273813 -2.942065
v -0.537990 -0.273813 -2.942065
v -0.535572 -0.271319 -2.942065
v -0.537990 -0.273813 -2.942065
v -0.537375 -0.273179 -2.942065
v -0.536781 -0.272566 -2.942065
v -0.536781 -0.272566 -2.942065
v 0.535572 -0.271319 -2.942065
v 0.537990 -0.273813 -2.942065
v 0.537990 -0.273813 -2.942065
v 0.536781 -0.272566 -2.942065
v 0.537375 -0.273179 -2.942065
v 0.537990 -0.273813 -2.942065
v 0.536781 -0.272566 -2.942065
v 0.285567 -0.284410 0.837175
v 0.285567 -0.284410 0.837175
v 0.283263 -0.279984 0.838644
v 0.285567 -0.284410 0.837175
v 0.284981 -0.283284 0.837549
v 0.284415 -0.282197 0.837910
v 0.284415 -0.282197 0.837910
v -0.283263 -0.279984 0.838644
v -0.285567 -0.284410 0.837175
v -0.285567 -0.284410 0.837175
v -0.284415 -0.282197 0.837910
v -0.284981 -0.283284 0.837549
v -0.285567 -0.284410 0.837175
v -0.284415 -0.282197 0.837910
v -0.433565 -0.270846 0.425712
v -0.435896 -0.273813 0.425712
v -0.435896 -0.273813 0.425712
v -0.434730 -0.272329 0.425712
v -0.435303 -0.273058 0.425712
v -0.435896 -0.273813 0.425712
v -0.434730 -0.272329 0.425712
v 0.435896 -0.273813 0.425712
v 0.435896 -0.273813 0.425712
v 0.433565 -0.270846 0.425712
v 0.435896 -0.273813 0.425712
v 0.435303 -0.273058 0.425712
v 0.434730 -0.272329 0.425712
v 0.434730 -0.272329 0.425712
v 0.529372 -0.273813 -0.323944
v 0.529372 -0.273813 -0.323944
v 0.526960 -0.271285 -0.323944
v 0.529372 -0.273813 -0.323944
v 0.528758 -0.273170 -0.323944
v 0.528166 -0.272549 -0.323944
v 0.528166 -0.272549 -0.323944
v -0.526960 -0.271285 -0.323944
v -0.529372 -0.273813 -0.323944
v -0.529372 -0.273813 -0.323944
v -0.528665 -0.273073 -0.323944
v -0.528862 -0.273279 -0.323944
v -0.529372 -0.273813 -0.323944
v -0.528166 -0.272549 -0.323944
v -0.579910 -0.273813 -1.315586
v -0.579910 -0.273813 -1.315586
v -0.577464 -0.271472 -1.315586
v -0.579910 -0.273813 -1.315586
v -0.579288 -0.273218 -1.315586
v -0.578687 -0.272643 -1.315586
v -0.578687 -0.272643 -1.315586
v 0.577464 -0.271472 -1.315586
v 0.579910 -0.273813 -1.315586
v 0.579910 -0.273813 -1.315586
v 0.578687 -0.272643 -1.315586
v 0.579288 -0.273218 -1.315586
v 0.579910 -0.273813 -1.315586
v 0.578687 -0.272643 -1.315586
v 0.795538 0.160415 -0.323944
v 0.799151 0.159867 -0.323944
v 0.799151 0.159867 -0.323944
v 0.798093 0.160028 -0.323944
v 0.798388 0.159983 -0.323944
v 0.799151 0.159867 -0.323944
v 0.797345 0.160141 -0.323944
v 0.864913 0.597933 -0.323944
v 0.864913 0.597933 -0.323944
v 0.861028 0.596510 -0.323944
v 0.864913 0.597933 -0.323944
v 0.863925 0.597571 -0.323944
v 0.862971 0.597221 -0.323944
v 0.862971 0.597221 -0.323944
v 0.712383 0.599032 0.425712
v 0.712383 0.599032 0.425712
v 0.708600 0.597343 0.425712
v 0.712383 0.599032 0.425712
v 0.711421 0.598602 0.425712
v 0.710491 0.598187 0.425712
v 0.710491 0.598187 0.425712
v 0.654329 0.159420 0.425712
v 0.657835 0.158768 0.425712
v 0.657835 0.158768 0.425712
v 0.656808 0.158959 0.425712
v 0.657245 0.158878 0.425712
v 0.657835 0.158768 0.425712
v 0.656808 0.158959 0.425712
v 0.356417 0.125373 0.999849
v 0.359387 0.124217 0.999689
v 0.359387 0.124217 0.999689
v 0.358517 0.124555 0.999736
v 0.358760 0.124461 0.999723
v 0.359387 0.124217 0.999689
v 0.357902 0.124795 0.999769
v 0.400663 0.589673 1.153332
v 0.400663 0.589673 1.153332
v 0.397307 0.586945 1.152208
v 0.400663 0.589673 1.153332
v 0.399809 0.588979 1.153046
v 0.398985 0.588309 1.152770
v 0.398985 0.588309 1.152770
v -0.657835 0.158768 0.425712
v -0.657835 0.158768 0.425712
v -0.654329 0.159420 0.425712
v -0.657835 0.158768 0.425712
v -0.656944 0.158934 0.425712
v -0.656082 0.159094 0.425712
v -0.656082 0.159094 0.425712
v -0.708600 0.597343 0.425712
v -0.712383 0.599031 0.425712
v -0.712383 0.599031 0.425712
v -0.710491 0.598187 0.425712
v -0.711421 0.598602 0.425712
v -0.712383 0.599031 0.425712
v -0.710491 0.598187 0.425712
v -0.861028 0.596510 -0.323944
v -0.864913 0.597933 -0.323944
v -0.864913 0.597933 -0.323944
v -0.863775 0.597516 -0.323944
v -0.864092 0.597632 -0.323944
v -0.864913 0.597933 -0.323944
v -0.862971 0.597221 -0.323944
v -0.799151 0.159867 -0.323944
v -0.799151 0.159867 -0.323944
v -0.795538 0.160415 -0.323944
v -0.799151 0.159867 -0.323944
v -0.798388 0.159983 -0.323944
v -0.797345 0.160141 -0.323944
v -0.798093 0.160028 -0.323944
v -0.397307 0.586945 1.152208
v -0.400663 0.589673 1.153332
v -0.400663 0.589673 1.153332
v -0.398985 0.588309 1.152770
v -0.399809 0.588979 1.153046
v -0.400663 0.589673 1.153332
v -0.398985 0.588309 1.152770
v -0.359387 0.124217 0.999689
v -0.359387 0.124217 0.999689
v -0.356417 0.125373 0.999849
v -0.359387 0.124217 0.999689
v -0.358760 0.124461 0.999723
v -0.357902 0.124795 0.999769
v -0.358517 0.124555 0.999736
v 0.878187 0.160590 -2.131519
v 0.878187 0.160590 -2.131519
v 0.874527 0.161093 -2.131519
v 0.878187 0.160590 -2.131519
v 0.877413 0.160696 -2.131519
v 0.877115 0.160737 -2.131519
v 0.876357 0.160841 -2.131519
v 0.946159 0.595902 -2.131519
v 0.950088 0.597209 -2.131519
v 0.950088 0.597209 -2.131519
v 0.948124 0.596556 -2.131519
v 0.949089 0.596877 -2.131519
v 0.950088 0.597209 -2.131519
v 0.948124 0.596556 -2.131519
v 0.943390 0.595913 -1.315586
v 0.947318 0.597224 -1.315586
v 0.947318 0.597224 -1.315586
v 0.946167 0.596840 -1.315586
v 0.946488 0.596947 -1.315586
v 0.947318 0.597224 -1.315586
v 0.945354 0.596568 -1.315586
v 0.875619 0.160576 -1.315586
v 0.875619 0.160576 -1.315586
v 0.871960 0.161080 -1.315586
v 0.875619 0.160576 -1.315586
v 0.874846 0.160682 -1.315586
v 0.873790 0.160828 -1.315586
v 0.874548 0.160723 -1.315586
v 0.875084 0.596452 -2.942065
v 0.878977 0.597854 -2.942065
v 0.878977 0.597854 -2.942065
v 0.877030 0.597153 -2.942065
v 0.877987 0.597498 -2.942065
v 0.878977 0.597854 -2.942065
v 0.877030 0.597153 -2.942065
v 0.812179 0.159945 -2.942065
v 0.812179 0.159945 -2.942065
v 0.808558 0.160485 -2.942065
v 0.812179 0.159945 -2.942065
v 0.811258 0.160083 -2.942065
v 0.810368 0.160215 -2.942065
v 0.810368 0.160215 -2.942065
v -0.871960 0.161080 -1.315586
v -0.875619 0.160576 -1.315586
v -0.875619 0.160576 -1.315586
v -0.873790 0.160828 -1.315586
v -0.874689 0.160704 -1.315586
v -0.875619 0.160576 -1.315586
v -0.873790 0.160828 -1.315586
v -0.947318 0.597224 -1.309900
v -0.943390 0.595913 -1.315586
v -0.946167 0.596840 -1.313921
v -0.950088 0.597209 -2.131519
v -0.950088 0.597209 -2.131519
v -0.946159 0.595902 -2.131519
v -0.950088 0.597209 -2.131519
v -0.949089 0.596877 -2.131519
v -0.948124 0.596556 -2.131519
v -0.948124 0.596556 -2.131519
v -0.874527 0.161093 -2.131519
v -0.878187 0.160590 -2.131519
v -0.878187 0.160590 -2.131519
v -0.877115 0.160737 -2.131519
v -0.877571 0.160675 -2.131519
v -0.878187 0.160590 -2.131519
v -0.877115 0.160737 -2.131519
v -0.808558 0.160485 -2.942065
v -0.812179 0.159945 -2.942065
v -0.812179 0.159945 -2.942065
v -0.811118 0.160103 -2.942065
v -0.811414 0.160059 -2.942065
v -0.812179 0.159945 -2.942065
v -0.810368 0.160215 -2.942065
v -0.878977 0.597854 -2.942065
v -0.878977 0.597854 -2.942065
v -0.875084 0.596452 -2.942065
v -0.878977 0.597854 -2.942065
v -0.877987 0.597498 -2.942065
v -0.877030 0.597153 -2.942065
v -0.877030 0.597153 -2.942065
v 0.421648 0.975809 1.152204
v 0.425695 0.989404 1.153332
v 0.425695 0.989404 1.153332
v 0.424036 0.987229 1.147204
v 0.424510 0.985429 1.153002
v 0.424747 0.987082 1.152236
v 0.425695 0.989404 1.153332
v 0.424865 0.988316 1.150268
v 0.422240 0.981747 1.150645
v -0.421648 0.975809 1.152204
v -0.424036 0.987229 1.147204
v -0.425695 0.989404 1.153332
v -0.425695 0.989404 1.153332
v -0.422240 0.981747 1.150645
v -0.424642 0.986730 1.152206
v -0.424865 0.988316 1.150268
v -0.425695 0.989404 1.153332
v -0.423671 0.982606 1.152768
v -0.901435 0.992328 -2.942065
v -0.905736 1.000000 -2.942065
v -0.905736 1.000000 -2.942065
v -0.903075 0.997888 -2.936379
v -0.903585 0.996164 -2.942065
v -0.904482 0.998385 -2.941237
v -0.905736 1.000000 -2.942065
v -0.904405 0.998944 -2.939222
v -0.901771 0.995606 -2.940400
v 0.901435 0.992328 -2.942065
v 0.903075 0.997888 -2.936379
v 0.905736 1.000000 -2.942065
v 0.905736 1.000000 -2.942065
v 0.901771 0.995606 -2.940400
v 0.904482 0.998385 -2.941238
v 0.904405 0.998944 -2.939222
v 0.905736 1.000000 -2.942065
v 0.903585 0.996164 -2.942065
v -0.974817 0.992681 -2.131519
v -0.979170 1.000000 -2.131519
v -0.979170 1.000000 -2.131519
v -0.976421 0.997982 -2.125833
v -0.976994 0.996341 -2.131519
v -0.977895 0.998464 -2.130692
v -0.979170 1.000000 -2.131519
v -0.977795 0.998991 -2.128676
v -0.975157 0.995846 -2.129854
v -0.971960 0.992669 -1.315586
v -0.976311 1.000000 -1.315586
v -0.976311 1.000000 -1.315586
v -0.973565 0.997979 -1.309900
v -0.974136 0.996334 -1.315586
v -0.975037 0.998461 -1.314759
v -0.976311 1.000000 -1.315586
v -0.974938 0.998989 -1.312743
v -0.972300 0.995838 -1.313921
v 0.974817 0.992681 -2.131519
v 0.976421 0.997982 -2.125833
v 0.979170 1.000000 -2.131519
v 0.979170 1.000000 -2.131519
v 0.975157 0.995846 -2.129854
v 0.977895 0.998464 -2.130692
v 0.977795 0.998991 -2.128676
v 0.979170 1.000000 -2.131519
v 0.976994 0.996341 -2.131519
v 0.971960 0.992669 -1.315586
v 0.973565 0.997979 -1.309900
v 0.976311 1.000000 -1.315586
v 0.976311 1.000000 -1.315586
v 0.972300 0.995838 -1.313921
v 0.975037 0.998461 -1.314759
v 0.974938 0.998989 -1.312743
v 0.976311 1.000000 -1.315586
v 0.974136 0.996334 -1.315586
v 0.729697 0.991207 0.425712
v 0.733855 1.000000 0.425712
v 0.733855 1.000000 0.425712
v 0.731454 0.997648 0.420026
v 0.731776 0.995604 0.425712
v 0.732663 0.998146 0.424885
v 0.733855 1.000000 0.425712
v 0.732654 0.998824 0.422869
v 0.730036 0.994877 0.424047
v 0.886937 0.992250 -0.323944
v 0.891227 1.000000 -0.323944
v 0.891227 1.000000 -0.323944
v 0.888585 0.997869 -0.329631
v 0.889082 0.996125 -0.323944
v 0.889978 0.998368 -0.324772
v 0.891227 1.000000 -0.323944
v 0.889906 0.998935 -0.326788
v 0.887273 0.995554 -0.325610
v -0.729697 0.991207 0.425712
v -0.731454 0.997648 0.420026
v -0.733855 1.000000 0.425712
v -0.733855 1.000000 0.425712
v -0.730036 0.994877 0.424047
v -0.732663 0.998146 0.424885
v -0.732654 0.998824 0.422869
v -0.733855 1.000000 0.425712
v -0.731776 0.995603 0.425712
v -0.886937 0.992250 -0.323944
v -0.888585 0.997869 -0.329631
v -0.891227 1.000000 -0.323944
v -0.891227 1.000000 -0.323944
v -0.887273 0.995554 -0.325610
v -0.889978 0.998368 -0.324772
v -0.889906 0.998935 -0.326788
v -0.891227 1.000000 -0.323944
v -0.889082 0.996125 -0.323944
v 0.519930 -0.218341 -2.125833
v 0.525331 -0.215617 -2.125833
v 0.525919 -0.220676 -2.131519
v 0.522979 -0.217543 -2.125833
v 0.523688 -0.218193 -2.129116
v 0.525005 -0.217831 -2.129855
v 0.523315 -0.219031 -2.129864
v -0.519930 -0.218341 -2.125833
v -0.525919 -0.220676 -2.131519
v -0.525331 -0.215617 -2.125833
v -0.523315 -0.219031 -2.129864
v -0.523688 -0.218193 -2.129116
v -0.525005 -0.217831 -2.129855
v -0.522979 -0.217543 -2.125833
v -0.480672 -0.218341 -2.936379
v -0.486631 -0.220835 -2.942065
v -0.485970 -0.215562 -2.936379
v -0.483963 -0.219077 -2.940408
v -0.484382 -0.218217 -2.939662
v -0.485667 -0.217893 -2.940401
v -0.483690 -0.217527 -2.936379
v 0.480672 -0.218341 -2.936379
v 0.485970 -0.215562 -2.936379
v 0.486631 -0.220835 -2.942065
v 0.483690 -0.217527 -2.936379
v 0.484382 -0.218217 -2.939662
v 0.485667 -0.217893 -2.940401
v 0.483963 -0.219077 -2.940408
v 0.253481 -0.228938 0.849792
v 0.259327 -0.234012 0.853893
v 0.257580 -0.225850 0.850988
v 0.255997 -0.230679 0.853283
v 0.256759 -0.229620 0.852931
v 0.257790 -0.230191 0.853493
v 0.256148 -0.228035 0.850155
v -0.253481 -0.228938 0.849792
v -0.257580 -0.225850 0.850988
v -0.259327 -0.234012 0.853893
v -0.256148 -0.228035 0.850155
v -0.256759 -0.229620 0.852931
v -0.257790 -0.230191 0.853493
v -0.255997 -0.230679 0.853283
v -0.388783 -0.218341 0.420025
v -0.393814 -0.215437 0.420025
v -0.394655 -0.221308 0.425712
v -0.391723 -0.217490 0.420025
v -0.392365 -0.218300 0.423309
v -0.393572 -0.218110 0.424047
v -0.391814 -0.219212 0.424049
v 0.388783 -0.218341 0.420025
v 0.394655 -0.221308 0.425712
v 0.393814 -0.215437 0.420025
v 0.391814 -0.219212 0.424049
v 0.392365 -0.218300 0.423309
v 0.393572 -0.218110 0.424047
v 0.391723 -0.217490 0.420025
v 0.472915 -0.218341 -0.329631
v 0.478868 -0.220869 -0.323944
v 0.478192 -0.215551 -0.329631
v 0.476187 -0.219086 -0.325602
v 0.476615 -0.218222 -0.326348
v 0.477894 -0.217907 -0.325609
v 0.475927 -0.217524 -0.329631
v -0.472915 -0.218341 -0.329631
v -0.478192 -0.215551 -0.329631
v -0.478868 -0.220869 -0.323944
v -0.475927 -0.217524 -0.329631
v -0.476615 -0.218222 -0.326348
v -0.477894 -0.217907 -0.325609
v -0.476187 -0.219086 -0.325602
v -0.518402 -0.218341 -1.309900
v -0.524389 -0.220682 -1.315586
v -0.523799 -0.215615 -1.309900
v -0.521783 -0.219032 -1.313931
v -0.522158 -0.218194 -1.313183
v -0.523474 -0.217833 -1.313922
v -0.521449 -0.217542 -1.309900
v 0.518402 -0.218341 -1.309900
v 0.523799 -0.215615 -1.309900
v 0.524389 -0.220682 -1.315586
v 0.521449 -0.217542 -1.309900
v 0.522158 -0.218194 -1.313183
v 0.523474 -0.217833 -1.313922
v 0.521783 -0.219032 -1.313930
v 0.719269 0.171989 -0.329631
v 0.722882 0.171441 -0.323944
v 0.720327 0.171829 -0.325610
v 0.782342 0.567689 -0.323944
v 0.778457 0.566266 -0.329631
v 0.779595 0.566683 -0.325610
v 0.644958 0.568944 0.425712
v 0.641174 0.567255 0.420026
v 0.642282 0.567750 0.424046
v 0.592079 0.171000 0.420025
v 0.595585 0.170348 0.425712
v 0.593106 0.170809 0.424046
v 0.323463 0.138846 0.996029
v 0.326434 0.137039 1.001469
v 0.324334 0.138047 0.999942
v 0.363969 0.559851 1.141039
v 0.360613 0.557776 1.134311
v 0.361596 0.558114 1.138603
v -0.595585 0.170348 0.425712
v -0.592079 0.171000 0.420025
v -0.593106 0.170809 0.424046
v -0.641174 0.567255 0.420026
v -0.644958 0.568944 0.425712
v -0.642282 0.567750 0.424046
v -0.778457 0.566266 -0.329631
v -0.782342 0.567689 -0.323944
v -0.779595 0.566683 -0.325610
v -0.722882 0.171441 -0.323944
v -0.719269 0.171989 -0.329631
v -0.720327 0.171829 -0.325610
v -0.360613 0.557776 1.134311
v -0.363969 0.559851 1.141039
v -0.361596 0.558114 1.138603
v -0.326434 0.137039 1.001469
v -0.323463 0.138846 0.996029
v -0.324334 0.138047 0.999942
v 0.794065 0.172138 -2.131519
v 0.790404 0.172640 -2.125833
v 0.791476 0.172493 -2.129854
v 0.855118 0.565615 -2.125833
v 0.859048 0.566923 -2.131519
v 0.856269 0.565998 -2.129854
v 0.852625 0.565628 -1.309900
v 0.856553 0.566939 -1.315586
v 0.853775 0.566012 -1.313921
v 0.791752 0.172123 -1.315586
v 0.788093 0.172627 -1.309900
v 0.789165 0.172480 -1.313921
v 0.791115 0.566196 -2.936379
v 0.795008 0.567599 -2.942065
v 0.792255 0.566607 -2.940400
v 0.734616 0.171519 -2.942065
v 0.730994 0.172060 -2.936379
v 0.732055 0.171901 -2.940400
v -0.788093 0.172627 -1.309900
v -0.791752 0.172123 -1.315586
v -0.789165 0.172480 -1.313921
v -0.856553 0.566939 -1.315586
v -0.852625 0.565628 -1.309900
v -0.853775 0.566012 -1.313921
v -0.859048 0.566923 -2.131519
v -0.855118 0.565615 -2.125833
v -0.856269 0.565998 -2.129854
v -0.790404 0.172640 -2.125833
v -0.794065 0.172138 -2.131519
v -0.791476 0.172493 -2.129854
v -0.730994 0.172060 -2.936379
v -0.734616 0.171519 -2.942065
v -0.732055 0.171901 -2.940400
v -0.795008 0.567599 -2.942065
v -0.791115 0.566196 -2.936379
v -0.792255 0.566607 -2.940400
v 0.386251 0.915496 1.141043
v 0.383143 0.917550 1.134309
v 0.384053 0.916678 1.138603
v -0.383143 0.917550 1.134309
v -0.386251 0.915496 1.141043
v -0.384053 0.916678 1.138603
v -0.814986 0.924948 -2.936379
v -0.818901 0.926822 -2.942065
v -0.817860 0.930255 -2.936379
v -0.816393 0.925448 -2.940400
v -0.816499 0.927635 -2.939662
v -0.818424 0.929200 -2.940400
v -0.815656 0.927875 -2.936379
v 0.814986 0.924948 -2.936379
v 0.817860 0.930255 -2.936379
v 0.818901 0.926822 -2.942065
v 0.815916 0.927826 -2.936379
v 0.816395 0.927685 -2.939662
v 0.817896 0.929036 -2.940400
v 0.816157 0.925898 -2.940394
v -0.881062 0.924949 -2.125833
v -0.885016 0.926754 -2.131519
v -0.884041 0.930161 -2.125833
v -0.882470 0.925434 -2.129854
v -0.882612 0.927601 -2.129116
v -0.884577 0.929119 -2.129854
v -0.881781 0.927843 -2.125833
v -0.878490 0.924949 -1.309900
v -0.882442 0.926756 -1.315586
v -0.881465 0.930165 -1.309900
v -0.879898 0.925434 -1.313921
v -0.880038 0.927602 -1.313183
v -0.882001 0.929122 -1.313921
v -0.879206 0.927844 -1.309900
v 0.881062 0.924949 -2.125833
v 0.884041 0.930161 -2.125833
v 0.885016 0.926754 -2.131519
v 0.882030 0.927799 -2.125833
v 0.882512 0.927651 -2.129116
v 0.884067 0.928972 -2.129854
v 0.882245 0.925865 -2.129847
v 0.878490 0.924949 -1.309900
v 0.881465 0.930165 -1.309900
v 0.882442 0.926756 -1.315586
v 0.879456 0.927800 -1.309900
v 0.879938 0.927653 -1.313183
v 0.881491 0.928974 -1.313921
v 0.879672 0.925866 -1.313914
v 0.660328 0.924946 0.420026
v 0.664124 0.926974 0.425712
v 0.662901 0.930496 0.420026
v 0.661462 0.925975 0.424043
v 0.661622 0.927764 0.423309
v 0.662974 0.929185 0.424047
v 0.661153 0.927896 0.420026
v 0.801931 0.924948 -0.329631
v 0.805837 0.926835 -0.323944
v 0.804782 0.930274 -0.329631
v 0.803099 0.925904 -0.325616
v 0.803331 0.927692 -0.326348
v 0.804821 0.929049 -0.325610
v 0.802853 0.927832 -0.329631
v -0.660328 0.924946 0.420026
v -0.662901 0.930496 0.420026
v -0.664124 0.926974 0.425712
v -0.661153 0.927896 0.420026
v -0.661622 0.927764 0.423309
v -0.662974 0.929185 0.424047
v -0.661462 0.925975 0.424043
v -0.801931 0.924948 -0.329631
v -0.804782 0.930274 -0.329631
v -0.805837 0.926835 -0.323944
v -0.802853 0.927832 -0.329631
v -0.803331 0.927692 -0.326348
v -0.804822 0.929050 -0.325610
v -0.803099 0.925904 -0.325616
vn -0.2839 -0.9476 -0.1467
vn -0.3791 -0.8947 -0.2361
vn -0.5211 -0.8193 -0.2393
vn -0.6229 -0.7675 -0.1516
vn -0.2825 -0.9475 -0.1497
vn -0.3684 -0.9009 -0.2294
vn -0.5187 -0.8247 -0.2254
vn -0.6096 -0.7783 -0.1505
vn -0.0000 1.0000 -0.0000
vn -0.9071 -0.3763 0.1883
vn 0.9071 0.3763 -0.1883
vn -1.0000 -0.0000 -0.0000
vn 1.0000 -0.0000 -0.0000
vn 0.2839 -0.9476 -0.1467
vn 0.6229 -0.7675 -0.1516
vn 0.5211 -0.8193 -0.2393
vn 0.3791 -0.8948 -0.2360
vn 0.2760 -0.9505 -0.1426
vn 0.6046 -0.7828 -0.1471
vn 0.5060 -0.8306 -0.2325
vn 0.3685 -0.9009 -0.2295
vn -0.9071 0.3763 -0.1883
vn 0.9071 -0.3763 0.1883
vn -0.3352 -0.9391 0.0754
vn -0.7719 -0.6224 0.1296
vn -0.6375 -0.7408 0.2119
vn -0.4404 -0.8801 0.1776
vn -0.3029 -0.9401 0.1565
vn -0.6680 -0.7262 0.1625
vn -0.5585 -0.7889 0.2565
vn -0.4055 -0.8785 0.2525
vn 0.8358 -0.5490 -0.0000
vn -0.8358 0.5490 -0.0000
vn 0.9501 0.3120 -0.0000
vn -0.9501 -0.3120 -0.0000
vn 0.3102 -0.9364 0.1644
vn 0.4055 -0.8785 0.2525
vn 0.5726 -0.7812 0.2489
vn 0.6732 -0.7205 0.1662
vn 0.3441 -0.9361 0.0724
vn 0.4549 -0.8704 0.1881
vn 0.6374 -0.7408 0.2119
vn 0.7814 -0.6120 0.1216
vn 0.9501 -0.3120 -0.0000
vn -0.9501 0.3120 -0.0000
vn 0.8292 0.5590 -0.0000
vn -0.8292 -0.5590 -0.0000
vn -0.9781 -0.0451 0.2030
vn 0.9781 0.0451 -0.2030
vn -0.8338 -0.1874 -0.5192
vn 0.8338 0.1874 0.5192
vn 0.2854 -0.9470 0.1475
vn 0.3813 -0.8934 0.2374
vn 0.5242 -0.8168 0.2407
vn 0.6266 -0.7643 0.1525
vn 0.2701 -0.9517 -0.1460
vn 0.5986 -0.7860 -0.1545
vn 0.5065 -0.8303 -0.2326
vn 0.3569 -0.9073 -0.2223
vn -0.2854 -0.9470 0.1475
vn -0.6266 -0.7643 0.1525
vn -0.5242 -0.8168 0.2408
vn -0.3813 -0.8934 0.2374
vn -0.2763 -0.9504 -0.1428
vn -0.3688 -0.9007 -0.2297
vn -0.5066 -0.8302 -0.2326
vn -0.6053 -0.7823 -0.1473
vn 0.5556 -0.4610 0.6919
vn -0.5556 0.4610 -0.6919
vn -0.8338 0.1874 0.5192
vn 0.8338 -0.1874 -0.5192
vn -0.0000 -1.0000 -0.0000
vn 0.4830 -0.8756 -0.0000
vn -0.4830 0.8756 -0.0000
vn 0.4830 0.8756 -0.0000
vn -0.4830 -0.8756 -0.0000
vn -0.9947 -0.0000 -0.1032
vn -0.9981 -0.0000 -0.0621
vn 0.9108 -0.4128 -0.0000
vn -0.9108 0.4128 -0.0000
vn -0.1169 -0.9931 -0.0000
vn 0.2659 0.9640 -0.0000
vn -0.1169 0.9931 -0.0000
vn -0.1366 -0.9906 -0.0000
vn 0.2659 -0.9640 -0.0000
vn -0.2659 0.9640 -0.0000
vn -0.2291 0.9734 -0.0000
vn 0.1366 -0.9906 -0.0000
vn 0.5542 0.8324 -0.0000
vn -0.0000 -0.0000 -1.0000
vn -0.0000 -0.0000 1.0000
vn 0.6653 0.4403 0.6030
vn 0.7276 0.6684 0.1544
vn 0.8031 0.5656 0.1875
vn 0.8046 0.4785 0.3516
vn 0.6798 0.4236 0.5987
vn 0.7494 0.6446 0.1511
vn 0.8196 0.5433 0.1818
vn 0.8188 0.4588 0.3450
vn -0.0000 0.9626 0.2709
vn -0.0000 -0.9626 -0.2709
vn -0.6653 0.4403 0.6030
vn -0.8046 0.4785 0.3516
vn -0.8031 0.5656 0.1875
vn -0.7276 0.6684 0.1544
vn -0.6798 0.4236 0.5987
vn -0.8188 0.4588 0.3451
vn -0.8196 0.5433 0.1818
vn -0.7494 0.6446 0.1511
vn -0.7684 -0.4250 0.4785
vn 0.7684 0.4250 -0.4785
vn -0.5208 -0.0000 -0.8537
vn 0.5208 -0.0000 0.8537
vn 0.7179 0.3767 -0.5854
vn 0.8548 0.4043 -0.3253
vn 0.8616 0.4800 -0.1653
vn 0.8050 0.5762 -0.1413
vn 0.7344 0.2975 -0.6100
vn 0.9211 0.2952 -0.2539
vn 0.9397 0.3327 -0.0790
vn 0.9127 0.4032 -0.0662
vn -0.5208 -0.0000 0.8537
vn 0.5208 -0.0000 -0.8537
vn -0.7684 0.4250 -0.4785
vn 0.7684 -0.4250 0.4785
vn -0.7344 0.2975 -0.6100
vn -0.9127 0.4032 -0.0662
vn -0.9397 0.3327 -0.0790
vn -0.9211 0.2952 -0.2539
vn -0.7178 0.3767 -0.5855
vn -0.8050 0.5762 -0.1413
vn -0.8616 0.4800 -0.1653
vn -0.8548 0.4043 -0.3253
vn 0.6659 0.4397 0.6027
vn 0.7285 0.6675 0.1543
vn 0.8037 0.5648 0.1872
vn 0.8051 0.4778 0.3514
vn 0.6828 0.4202 -0.5977
vn 0.8217 0.4548 -0.3435
vn 0.8231 0.5385 -0.1806
vn 0.7539 0.6396 -0.1504
vn -0.0000 -0.8714 0.4905
vn -0.0000 0.8714 -0.4905
vn -0.6658 0.4397 0.6028
vn -0.8052 0.4778 0.3512
vn -0.8037 0.5648 0.1873
vn -0.7285 0.6675 0.1543
vn -0.6828 0.4202 -0.5977
vn -0.7539 0.6396 -0.1503
vn -0.8231 0.5385 -0.1806
vn -0.8217 0.4548 -0.3435
vn -0.0000 0.9902 -0.1393
vn -0.0000 -0.9902 0.1393
vn -0.0000 -0.9433 0.3318
vn -0.0000 0.9626 -0.2709
vn -0.0000 0.8179 0.5754
vn -0.0000 0.8179 -0.5754
vn -0.0000 0.9213 0.3889
vn -0.0000 0.9975 0.0702
vn -0.0000 -0.9975 -0.0702
vn -0.0301 -0.0000 0.9995
vn -0.0573 -0.0000 0.9984
vn -0.1035 0.0535 0.9932
vn 0.6564 -0.7262 0.2044
vn -0.6706 0.7419 -0.0000
vn -0.1304 -0.8640 -0.4863
vn 0.1304 0.8640 0.4863
vn -0.0477 -0.7632 -0.6444
vn -0.2050 -0.0000 0.9788
vn 0.1438 -0.9526 -0.2681
vn -0.0000 0.7641 -0.6451
vn -0.0000 -0.6641 0.7476
vn -0.0320 -0.0000 -0.9995
vn -0.3530 0.6666 -0.6566
vn 0.1734 -0.7016 -0.6911
vn -0.0000 0.8714 0.4905
vn -0.0000 0.9902 0.1393
vn -0.0000 -0.9626 0.2709
vn -0.0000 -0.2168 -0.9762
vn -0.0000 0.2168 0.9762
vn -0.0000 -0.8714 -0.4905
vn 0.3451 0.8679 0.3572
vn 0.5569 0.7566 0.3426
vn 0.3250 0.4729 0.8190
vn 0.3405 0.8725 0.3504
vn 0.5465 0.7695 0.3303
vn 0.3372 0.4805 0.8096
vn 0.9419 0.2801 0.1853
vn 0.7247 0.6672 0.1724
vn 0.5844 0.3410 0.7364
vn 0.9463 0.2657 0.1844
vn 0.7445 0.6449 0.1726
vn 0.5930 0.3272 0.7358
vn -0.3451 0.8679 0.3573
vn -0.3250 0.4727 0.8191
vn -0.5569 0.7566 0.3426
vn -0.3405 0.8725 0.3505
vn -0.3373 0.4805 0.8095
vn -0.5466 0.7695 0.3303
vn -0.9385 0.2005 0.2811
vn -0.6006 0.3434 0.7220
vn -0.6745 0.6952 0.2484
vn -0.9413 0.1837 0.2832
vn -0.6095 0.3300 0.7209
vn -0.6916 0.6765 0.2531
vn 0.3309 0.8902 -0.3132
vn 0.1040 0.6591 -0.7448
vn 0.5384 0.7434 -0.3968
vn 0.3534 0.8571 -0.3748
vn 0.2851 0.4563 -0.8429
vn 0.5771 0.7245 -0.3769
vn 0.9567 0.2271 -0.1822
vn 0.6144 0.2885 -0.7344
vn 0.7951 0.5811 -0.1738
vn -0.3534 0.8571 -0.3748
vn -0.5771 0.7245 -0.3769
vn -0.2851 0.4563 -0.8429
vn -0.3309 0.8902 -0.3132
vn -0.5384 0.7434 -0.3968
vn -0.1040 0.6591 -0.7448
vn -0.9567 0.2271 -0.1822
vn -0.7951 0.5811 -0.1738
vn -0.6144 0.2886 -0.7344
vn 0.9421 0.2796 0.1854
vn 0.7255 0.6663 0.1724
vn 0.5847 0.3404 0.7364
vn 0.9471 0.2628 -0.1842
vn 0.5947 0.3243 -0.7357
vn 0.7486 0.6401 -0.1726
vn -0.3459 0.8670 -0.3586
vn -0.5589 0.7540 -0.3452
vn -0.3222 0.4713 -0.8210
vn -0.3407 0.8723 0.3507
vn -0.3368 0.4802 0.8099
vn -0.5469 0.7691 0.3308
vn 0.3459 0.8670 -0.3586
vn 0.3222 0.4713 -0.8210
vn 0.5589 0.7540 -0.3452
vn 0.3407 0.8723 0.3507
vn 0.5469 0.7691 0.3308
vn 0.3368 0.4802 0.8099
vn -0.9386 0.1999 0.2811
vn -0.6010 0.3429 0.7220
vn -0.6751 0.6945 0.2486
vn -0.9471 0.2627 -0.1842
vn -0.7486 0.6402 -0.1726
vn -0.5947 0.3243 -0.7357
vn 0.2760 -0.9505 0.1426
vn 0.3684 -0.9009 0.2294
vn 0.5059 -0.8307 0.2324
vn 0.6046 -0.7828 0.1471
vn -0.2760 -0.9505 0.1426
vn -0.6046 -0.7828 0.1471
vn -0.5059 -0.8307 0.2324
vn -0.3684 -0.9009 0.2294
vn -0.2838 -0.9476 0.1467
vn -0.6229 -0.7674 0.1516
vn -0.5211 -0.8192 0.2393
vn -0.3791 -0.8947 0.2361
vn 0.2905 -0.9444 0.1540
vn 0.3791 -0.8947 0.2361
vn 0.5343 -0.8128 0.2321
vn 0.6280 -0.7626 0.1551
vn 0.3797 -0.8743 -0.3023
vn 0.8277 -0.4952 -0.2639
vn 0.7119 -0.5763 -0.4014
vn 0.5221 -0.7432 -0.4184
vn -0.3797 -0.8743 -0.3023
vn -0.5221 -0.7432 -0.4185
vn -0.7119 -0.5763 -0.4014
vn -0.8277 -0.4952 -0.2639
vn -0.3029 -0.9401 -0.1565
vn -0.4055 -0.8785 -0.2525
vn -0.5584 -0.7889 -0.2565
vn -0.6680 -0.7262 -0.1625
vn 0.3029 -0.9401 -0.1565
vn 0.6680 -0.7262 -0.1625
vn 0.5584 -0.7889 -0.2565
vn 0.4055 -0.8785 -0.2525
vn 0.2854 -0.9470 -0.1475
vn 0.6266 -0.7643 -0.1525
vn 0.5242 -0.8168 -0.2407
vn 0.3813 -0.8934 -0.2375
vn -0.2922 -0.9437 -0.1548
vn -0.3813 -0.8934 -0.2374
vn -0.5374 -0.8103 -0.2336
vn -0.6317 -0.7594 -0.1560
vn -0.2688 -0.9532 0.1382
vn -0.5989 -0.7880 0.1430
vn -0.4958 -0.8386 0.2258
vn -0.3572 -0.9072 0.2224
vn 0.2828 -0.9474 0.1499
vn 0.3688 -0.9007 0.2297
vn 0.5193 -0.8243 0.2257
vn 0.6103 -0.7777 0.1507
vn -0.2291 -0.9734 -0.0000
vn 0.4468 -0.8947 -0.0000
vn -0.9401 0.3409 -0.0000
vn 0.9401 -0.3409 -0.0000
vn 0.9970 -0.0000 0.0776
vn 0.4468 0.8947 -0.0000
vn -0.9548 -0.0000 -0.2973
vn -0.2659 -0.9640 -0.0000
vn -0.9976 -0.0690 -0.0000
vn 0.9976 0.0690 -0.0000
vn -0.9976 0.0690 -0.0000
vn 0.9976 -0.0690 -0.0000
vn 0.8443 0.4670 0.2629
vn -0.8443 -0.4670 -0.2629
vn 0.8443 -0.4670 -0.2629
vn -0.8443 0.4670 0.2629
vn -0.5653 0.4299 0.7040
vn 0.5653 -0.4299 -0.7040
vn -0.8358 -0.5490 -0.0000
vn 0.8358 0.5490 -0.0000
vn -0.0000 -0.3395 0.9406
vn -0.0000 0.3395 -0.9406
vn -0.8225 0.5687 -0.0000
vn 0.8225 -0.5687 -0.0000
vn -0.0000 0.9363 0.3513
vn 0.9715 -0.0000 -0.2369
vn -0.9715 -0.0000 0.2369
vn 0.8489 -0.0000 -0.5286
vn -0.8489 -0.0000 0.5286
vn 0.6261 -0.0000 0.7797
vn -0.6261 -0.0000 -0.7797
vn -0.4149 0.6043 -0.6802
vn 0.4149 -0.6043 0.6802
vn -0.4149 -0.6043 0.6802
vn 0.4149 0.6043 -0.6802
vn 0.3622 0.6190 0.6969
vn -0.3622 -0.6190 -0.6969
vn 0.0537 -0.0000 0.9986
vn 0.2904 -0.6355 0.7154
vn -0.5050 0.8631 -0.0000
vn 0.0505 0.9614 0.2706
vn 0.0646 0.8696 0.4895
vn -0.0552 -0.8701 -0.4897
vn -0.0712 0.2162 0.9737
vn 0.0712 -0.2162 -0.9737
vn 0.1566 -0.4009 0.9026
vn -0.1566 0.4009 -0.9026
vn -0.0578 -0.9812 -0.1841
vn 0.0437 0.9893 0.1392
vn -0.0069 -0.2786 0.9604
vn -0.0933 -0.3261 0.9407
vn 0.1777 0.8828 0.4348
vn 0.4639 -0.5132 0.7221
vn -0.3264 0.7222 -0.6098
vn -0.1492 0.9888 -0.0000
vn 0.1492 -0.9888 -0.0000
vn 0.1566 0.4009 -0.9026
vn -0.1566 -0.4009 0.9026
vn -0.0194 -0.2839 -0.9587
vn -0.0756 -0.0979 -0.9923
vn 0.0636 0.1933 0.9791
vn 0.0593 -0.9982 -0.0000
vn -0.0610 0.9608 0.2704
vn 0.0505 -0.9614 -0.2706
vn 0.4599 0.6785 -0.5728
vn -0.2833 -0.8357 0.4704
vn -0.0615 0.2680 -0.9615
vn 0.1792 -0.9064 -0.3826
vn 0.0056 0.2269 -0.9739
vn -0.0000 0.9996 0.0281
vn -0.0000 0.9784 0.2065
vn -0.3060 0.9427 -0.1327
vn 0.3060 -0.9427 0.1327
vn 0.0516 -0.9962 -0.0701
vn 0.2786 0.9510 -0.1338
vn -0.9626 -0.0000 0.2708
vn -0.3060 -0.9427 0.1327
vn 0.3060 0.9427 -0.1327
vn -0.8570 0.2343 0.4590
vn -0.9302 0.2554 0.2637
vn -0.9380 0.3162 0.1417
vn -0.9166 0.3743 0.1404
vn 0.8476 0.2323 0.4771
vn 0.9154 0.3743 0.1482
vn 0.9399 0.3092 0.1447
vn 0.9301 0.2550 0.2644
vn 0.6798 0.4237 -0.5986
vn 0.8188 0.4589 -0.3449
vn 0.8197 0.5432 -0.1819
vn 0.7494 0.6446 -0.1511
vn -0.6798 0.4236 -0.5987
vn -0.7494 0.6446 -0.1511
vn -0.8197 0.5432 -0.1818
vn -0.8188 0.4589 -0.3450
vn 0.6653 0.4403 -0.6030
vn 0.8046 0.4785 -0.3516
vn 0.8031 0.5656 -0.1875
vn 0.7276 0.6684 -0.1544
vn 0.6658 0.4397 -0.6028
vn 0.8052 0.4778 -0.3512
vn 0.8037 0.5648 -0.1873
vn 0.7285 0.6675 -0.1543
vn -0.6653 0.4402 -0.6030
vn -0.7276 0.6684 -0.1544
vn -0.8030 0.5657 -0.1875
vn -0.8047 0.4784 -0.3516
vn -0.6659 0.4397 -0.6027
vn -0.7285 0.6675 -0.1543
vn -0.8037 0.5648 -0.1872
vn -0.8052 0.4777 -0.3514
vn -0.7179 0.3767 0.5854
vn -0.8548 0.4043 0.3253
vn -0.8616 0.4800 0.1653
vn -0.8050 0.5762 0.1413
vn -0.6828 0.4202 0.5977
vn -0.8217 0.4548 0.3435
vn -0.8231 0.5385 0.1806
vn -0.7539 0.6396 0.1504
vn 0.7178 0.3767 0.5855
vn 0.8050 0.5762 0.1413
vn 0.8615 0.4800 0.1653
vn 0.8548 0.4042 0.3253
vn 0.6828 0.4202 0.5977
vn 0.7539 0.6396 0.1503
vn 0.8230 0.5385 0.1806
vn 0.8217 0.4548 0.3435
vn -0.3406 0.8725 -0.3504
vn -0.5465 0.7696 -0.3303
vn -0.3372 0.4805 -0.8096
vn 0.3405 0.8725 -0.3504
vn 0.3373 0.4805 -0.8096
vn 0.5465 0.7696 -0.3303
vn 0.3451 0.8679 -0.3572
vn 0.3249 0.4727 -0.8191
vn 0.5569 0.7566 -0.3426
vn -0.3451 0.8679 -0.3572
vn -0.5569 0.7566 -0.3426
vn -0.3249 0.4727 -0.8191
vn -0.4066 0.7073 0.5782
vn -0.1497 0.1272 0.9805
vn -0.6459 0.4561 0.6122
vn 0.4066 0.7074 0.5782
vn 0.6459 0.4561 0.6122
vn 0.1497 0.1272 0.9805
vn 0.3534 0.8571 0.3748
vn 0.5771 0.7245 0.3769
vn 0.2851 0.4563 0.8429
vn -0.3534 0.8571 0.3748
vn -0.2851 0.4563 0.8429
vn -0.5771 0.7245 0.3769
vn -0.3459 0.8670 0.3586
vn -0.3222 0.4713 0.8210
vn -0.5588 0.7540 0.3452
vn 0.3459 0.8670 0.3586
vn 0.5588 0.7540 0.3452
vn 0.3222 0.4713 0.8210
vn 0.3407 0.8723 -0.3507
vn 0.3368 0.4802 -0.8099
vn 0.5469 0.7691 -0.3308
vn -0.3407 0.8723 -0.3507
vn -0.5469 0.7691 -0.3308
vn -0.3368 0.4802 -0.8099
vn 0.9413 0.1837 -0.2832
vn 0.6095 0.3300 -0.7208
vn 0.6915 0.6765 -0.2531
vn -0.9462 0.2657 -0.1844
vn -0.7446 0.6449 -0.1726
vn -0.5929 0.3272 -0.7358
vn 0.9385 0.2005 -0.2811
vn 0.6006 0.3433 -0.7221
vn 0.6745 0.6952 -0.2484
vn 0.9386 0.1999 -0.2811
vn 0.6010 0.3429 -0.7220
vn 0.6751 0.6945 -0.2486
vn -0.9419 0.2801 -0.1853
vn -0.7247 0.6672 -0.1723
vn -0.5843 0.3409 -0.7364
vn -0.9421 0.2795 -0.1854
vn -0.7255 0.6663 -0.1724
vn -0.5847 0.3405 -0.7363
vn -0.9567 0.2271 0.1822
vn -0.6144 0.2886 0.7344
vn -0.7951 0.5811 0.1738
vn -0.9471 0.2628 0.1842
vn -0.5947 0.3243 0.7357
vn -0.7486 0.6401 0.1726
vn 0.9567 0.2271 0.1822
vn 0.7951 0.5811 0.1738
vn 0.6144 0.2886 0.7344
vn 0.9471 0.2627 0.1842
vn 0.7486 0.6401 0.1726
vn 0.5947 0.3243 0.7357
vn -0.0000 -0.9933 -0.1156
vn 0.9889 -0.1485 -0.0000
vn 0.9924 -0.1230 -0.0000
vn 0.9963 -0.0851 -0.0099
vn -0.9924 -0.1230 -0.0000
vn -0.9889 -0.1485 -0.0000
vn -0.9963 -0.0851 -0.0099
vn 0.9867 -0.1625 -0.0000
vn 0.9868 -0.1620 -0.0000
vn 0.9886 -0.1508 -0.0000
vn -0.9868 -0.1620 -0.0000
vn -0.9867 -0.1625 -0.0000
vn -0.9886 -0.1508 -0.0000
vn 0.9980 -0.0625 -0.0073
vn -0.9852 -0.1701 -0.0198
vn -0.9980 -0.0625 -0.0073
vn 0.9852 -0.1701 -0.0198
vn -0.8453 -0.5343 -0.0000
vn -0.9978 -0.0664 -0.0000
vn 0.9978 -0.0664 -0.0000
vn 0.8453 -0.5343 -0.0000
vn -0.9974 -0.0720 -0.0000
vn -0.8259 -0.5639 -0.0000
vn -0.8259 -0.5638 -0.0000
vn -0.8266 -0.5627 -0.0000
vn -0.9974 -0.0718 -0.0000
vn 0.8259 -0.5638 -0.0000
vn 0.8259 -0.5639 -0.0000
vn 0.8266 -0.5627 -0.0000
vn 0.8266 -0.5628 -0.0000
vn 0.9974 -0.0720 -0.0000
vn 0.9974 -0.0718 -0.0000
vn 0.9986 -0.0535 -0.0000
vn 0.8897 -0.4565 -0.0000
vn 0.8491 -0.5282 -0.0000
vn 0.9979 -0.0653 -0.0000
vn -0.8897 -0.4565 -0.0000
vn -0.8491 -0.5282 -0.0000
vn -0.9986 -0.0535 -0.0000
vn -0.9979 -0.0653 -0.0000
vn -0.0000 -0.0002 1.0000
vn -0.0000 0.3149 -0.9491
vn -0.0000 0.3148 -0.9491
vn -0.0000 0.0001 1.0000
vn 0.0683 0.3073 -0.9492
vn -0.0683 0.3073 -0.9492
vn 0.3466 0.0555 0.9364
vn 0.7989 0.1269 0.5879
vn 0.3328 -0.0208 -0.9428
vn -0.0876 0.3544 -0.9310
vn -0.3328 -0.0208 -0.9428
vn 0.0876 0.3544 -0.9310
vn 0.3403 0.0261 0.9399
vn 0.7989 0.0622 0.5982
vn -0.0000 0.9857 0.1687
vn -0.0000 0.7093 0.7049
vn -0.0000 0.6859 0.7277
vn -0.0000 0.9837 0.1797
vn -0.0000 0.6747 -0.7381
vn -0.0000 0.9823 -0.1876
vn -0.0000 0.9773 -0.2116
vn -0.0000 0.6215 -0.7834
vn -0.0000 0.6810 -0.7323
vn -0.0000 0.9833 -0.1820
vn -0.0000 0.7084 0.7058
vn -0.0000 0.9856 0.1691
vn -0.9558 0.1435 -0.2564
vn -0.5370 0.0806 -0.8397
vn -0.5483 0.0679 -0.8335
vn -0.9607 0.1190 -0.2506
vn -0.9663 0.1539 -0.2065
vn -0.5526 0.3051 -0.7756
vn 0.5483 0.0679 -0.8335
vn 0.9607 0.1190 -0.2506
vn 0.9558 0.1435 -0.2564
vn 0.5370 0.0806 -0.8397
vn 0.9663 0.1539 -0.2065
vn 0.5526 0.3051 -0.7756
vn -0.5320 0.0876 0.8422
vn -0.9531 0.1569 0.2589
vn -0.9532 0.1565 0.2588
vn -0.5322 0.0874 0.8421
vn -0.9554 0.1457 0.2569
vn -0.5361 0.0818 0.8402
vn 0.9532 0.1565 0.2588
vn 0.5322 0.0874 0.8421
vn 0.5320 0.0876 0.8422
vn 0.9531 0.1569 0.2589
vn 0.9554 0.1457 0.2569
vn 0.5361 0.0818 0.8402
vn -0.9685 0.0607 -0.2414
vn -0.3524 0.0221 -0.9356
vn 0.9484 0.2493 -0.1960
vn 0.5210 0.3951 -0.7566
vn 0.9685 0.0607 -0.2414
vn 0.3524 0.0221 -0.9356
vn -0.9484 0.2493 -0.1960
vn -0.5210 0.3951 -0.7566
vn 0.8210 0.5190 0.2380
vn 0.4848 0.3064 0.8192
vn 0.9619 0.0640 0.2658
vn 0.5275 0.0351 0.8488
vn -0.9535 0.0638 0.2947
vn -0.5462 0.0365 0.8368
vn -0.8210 0.5190 0.2380
vn -0.4848 0.3064 0.8192
vn 0.9609 0.0694 0.2679
vn 0.5241 0.0378 0.8508
vn 0.8027 0.5480 0.2353
vn 0.4776 0.3261 0.8158
vn 0.8034 0.5469 0.2354
vn 0.4779 0.3253 0.8159
vn 0.9610 0.0692 0.2678
vn 0.5242 0.0377 0.8507
vn -0.4776 0.3260 0.8158
vn -0.8027 0.5480 0.2353
vn -0.8034 0.5469 0.2354
vn -0.4779 0.3253 0.8159
vn -0.9528 0.0691 0.2957
vn -0.5418 0.0393 0.8396
vn -0.9528 0.0689 0.2957
vn -0.5420 0.0392 0.8395
vn -0.9644 0.0516 -0.2592
vn -0.5381 0.0288 -0.8424
vn -0.8633 0.4429 -0.2420
vn -0.5044 0.2588 -0.8238
vn -0.8246 0.5130 -0.2385
vn -0.4864 0.3025 -0.8197
vn -0.9621 0.0630 -0.2653
vn -0.5283 0.0346 -0.8484
vn 0.5044 0.2588 -0.8238
vn 0.8633 0.4429 -0.2420
vn 0.8246 0.5130 -0.2385
vn 0.4864 0.3025 -0.8197
vn 0.9644 0.0516 -0.2592
vn 0.5381 0.0288 -0.8424
vn 0.9621 0.0630 -0.2653
vn 0.5283 0.0346 -0.8484
vn 0.2400 0.3110 -0.9196
vn 0.8283 0.5232 -0.2003
vn -0.4008 0.4091 -0.8198
vn -0.6796 0.6938 -0.2385
vn 0.3585 0.4517 0.8169
vn 0.6041 0.7611 0.2362
vn -0.3619 0.4487 -0.8171
vn -0.6100 0.7563 -0.2363
vn -0.3695 0.4646 0.8047
vn -0.6012 0.7561 0.2585
vn 0.3422 0.4661 0.8159
vn 0.5752 0.7835 0.2353
vn 0.4008 0.4091 -0.8198
vn 0.6796 0.6938 -0.2385
vn 0.3619 0.4487 -0.8171
vn 0.6100 0.7563 -0.2363
vn 0.3428 0.4656 0.8159
vn 0.5763 0.7826 0.2354
vn -0.2400 0.3110 -0.9196
vn -0.8283 0.5232 -0.2003
vn -0.3517 0.4783 0.8047
vn -0.5727 0.7788 0.2559
vn -0.3524 0.4778 0.8047
vn -0.5738 0.7780 0.2560
vn -0.9980 -0.0625 -0.0072
vn -0.0000 0.0002 -1.0000
vn -0.0000 -0.3148 0.9491
vn -0.0683 -0.3073 0.9492
vn 0.0682 -0.3073 0.9492
vn 0.0683 -0.3073 0.9492
vn -0.7989 -0.1269 -0.5879
vn -0.3466 -0.0554 -0.9364
vn -0.3328 0.0208 0.9428
vn 0.0876 -0.3544 0.9310
vn 0.3328 0.0208 0.9428
vn -0.0875 -0.3544 0.9310
vn -0.0877 -0.3544 0.9310
vn -0.0000 -0.0001 -1.0000
vn -0.7989 -0.0622 -0.5982
vn -0.3403 -0.0261 -0.9399
vn -0.0000 0.7092 -0.7050
vn -0.0000 0.9857 -0.1687
vn -0.0000 0.9837 -0.1797
vn -0.0000 0.6859 -0.7277
vn -0.0000 0.8949 0.4463
vn -0.0000 0.1800 0.9837
vn -0.0000 0.6215 0.7834
vn -0.0000 0.9773 0.2116
vn -0.0000 0.9833 0.1820
vn -0.0000 0.6810 0.7323
vn -0.0000 0.9856 -0.1691
vn -0.0000 0.7085 -0.7057
vn -0.5370 0.0806 0.8397
vn -0.9558 0.1435 0.2564
vn -0.9607 0.1190 0.2506
vn -0.5483 0.0679 0.8335
vn -0.6332 -0.1914 0.7500
vn -0.9752 0.0135 0.2210
vn 0.9607 0.1190 0.2506
vn 0.5483 0.0679 0.8335
vn 0.5370 0.0806 0.8397
vn 0.9558 0.1435 0.2564
vn 0.6332 -0.1914 0.7500
vn 0.9752 0.0135 0.2210
vn -0.9531 0.1569 -0.2589
vn -0.5320 0.0876 -0.8422
vn -0.5322 0.0874 -0.8421
vn -0.9532 0.1565 -0.2588
vn -0.5361 0.0818 -0.8402
vn -0.9554 0.1457 -0.2569
vn 0.5322 0.0874 -0.8421
vn 0.9532 0.1565 -0.2588
vn 0.9531 0.1569 -0.2589
vn 0.5320 0.0876 -0.8422
vn 0.5361 0.0818 -0.8402
vn 0.9554 0.1457 -0.2569
vn -0.7314 0.0458 0.6804
vn -0.9739 0.0610 0.2185
vn 0.6381 -0.1822 0.7481
vn 0.9695 0.0836 0.2302
vn 0.7314 0.0458 0.6804
vn 0.9739 0.0610 0.2185
vn -0.6381 -0.1822 0.7481
vn -0.9695 0.0836 0.2302
vn 0.4848 0.3065 -0.8191
vn 0.8210 0.5189 -0.2380
vn 0.5463 0.0365 -0.8368
vn 0.9535 0.0638 -0.2947
vn -0.5275 0.0351 -0.8488
vn -0.9619 0.0640 -0.2658
vn -0.4848 0.3065 -0.8191
vn -0.8210 0.5190 -0.2380
vn 0.5417 0.0393 -0.8396
vn 0.9528 0.0691 -0.2957
vn 0.4776 0.3261 -0.8159
vn 0.8027 0.5480 -0.2353
vn 0.4779 0.3253 -0.8159
vn 0.8034 0.5469 -0.2354
vn 0.5420 0.0392 -0.8395
vn 0.9528 0.0689 -0.2957
vn -0.8027 0.5480 -0.2353
vn -0.4776 0.3261 -0.8158
vn -0.4779 0.3253 -0.8159
vn -0.8034 0.5469 -0.2354
vn -0.5241 0.0378 -0.8508
vn -0.9609 0.0694 -0.2679
vn -0.5242 0.0377 -0.8507
vn -0.9610 0.0692 -0.2678
vn -0.5381 0.0288 0.8424
vn -0.9644 0.0516 0.2592
vn -0.5044 0.2588 0.8238
vn -0.8633 0.4429 0.2420
vn -0.4864 0.3025 0.8197
vn -0.8246 0.5130 0.2385
vn -0.5283 0.0346 0.8484
vn -0.9621 0.0630 0.2653
vn 0.8633 0.4429 0.2420
vn 0.5044 0.2588 0.8238
vn 0.4864 0.3025 0.8197
vn 0.8246 0.5130 0.2385
vn 0.5381 0.0288 0.8424
vn 0.9644 0.0516 0.2592
vn 0.5283 0.0346 0.8484
vn 0.9621 0.0630 0.2653
vn 0.8511 0.4492 0.2717
vn 0.6548 0.2525 0.7123
vn -0.6796 0.6938 0.2385
vn -0.4008 0.4091 0.8198
vn 0.6012 0.7561 -0.2585
vn 0.3695 0.4647 -0.8047
vn -0.6100 0.7563 0.2363
vn -0.3619 0.4487 0.8171
vn -0.6041 0.7611 -0.2362
vn -0.3585 0.4517 -0.8169
vn 0.5727 0.7788 -0.2559
vn 0.3517 0.4783 -0.8047
vn 0.6796 0.6938 0.2385
vn 0.4007 0.4091 0.8198
vn 0.6100 0.7563 0.2363
vn 0.3619 0.4487 0.8171
vn 0.5738 0.7780 -0.2560
vn 0.3524 0.4778 -0.8047
vn -0.8511 0.4492 0.2716
vn -0.6548 0.2525 0.7123
vn -0.5752 0.7835 -0.2353
vn -0.3421 0.4660 -0.8160
vn -0.5763 0.7826 -0.2354
vn -0.3428 0.4656 -0.8159
vn -0.3321 0.9369 0.1090
vn -0.8456 0.5303 0.0617
vn 0.2604 0.9655 -0.0000
vn 0.6530 0.7574 -0.0000
vn -0.6336 -0.7737 -0.0000
vn -0.2532 -0.9674 -0.0000
vn 0.6336 -0.7737 -0.0000
vn 0.2532 -0.9674 -0.0000
vn 0.7573 0.6531 0.0014
vn 0.9641 0.2657 0.0016
vn 0.2604 -0.9655 -0.0000
vn 0.6530 -0.7574 -0.0000
vn -0.2604 -0.9655 -0.0000
vn -0.6530 -0.7574 -0.0000
vn -0.7573 0.6531 -0.0014
vn -0.9641 0.2657 -0.0016
vn -0.3321 -0.9369 -0.1090
vn -0.8456 -0.5303 -0.0617
vn 0.3321 -0.9369 -0.1090
vn 0.8456 -0.5303 -0.0617
vn 0.6998 0.7144 -0.0000
vn 0.6998 0.7143 -0.0000
vn 0.9631 0.2692 -0.0000
vn 0.8298 0.5580 -0.0000
vn -0.2604 0.9655 -0.0000
vn -0.6530 0.7574 -0.0000
vn 0.7007 -0.7134 -0.0000
vn 0.2778 -0.9606 -0.0000
vn -0.7007 -0.7134 -0.0000
vn -0.2778 -0.9606 -0.0000
vn 0.7386 0.6741 0.0013
vn 0.9595 0.2818 0.0016
vn -0.2618 -0.9651 -0.0000
vn -0.6569 -0.7540 -0.0000
vn 0.2618 -0.9651 -0.0000
vn 0.6569 -0.7540 -0.0000
vn 0.2532 0.9674 -0.0000
vn 0.6336 0.7737 -0.0000
vn 0.2535 -0.9673 -0.0000
vn 0.6343 -0.7731 -0.0000
vn -0.2535 -0.9673 -0.0000
vn -0.6343 -0.7731 -0.0000
vn 0.5918 0.8061 -0.0000
vn 0.2534 0.9673 -0.0000
vn 0.6343 0.7731 -0.0000
vn 0.6278 0.7783 -0.0000
vn 0.9525 0.3045 -0.0000
vn 0.7847 0.6199 -0.0000
vn 0.7393 0.6733 0.0013
vn 0.9597 0.2812 0.0016
vn -0.6336 0.7737 -0.0000
vn -0.2532 0.9674 -0.0000
vn -0.2534 0.9673 -0.0000
vn -0.6343 0.7731 -0.0000
vn -0.7386 0.6741 -0.0013
vn -0.9595 0.2818 -0.0016
vn -0.7393 0.6734 -0.0013
vn -0.9597 0.2812 -0.0016
vn 0.5929 0.8053 -0.0000
vn -0.8298 0.5580 -0.0000
vn -0.9631 0.2692 -0.0000
vn -0.2779 0.9606 -0.0000
vn -0.7007 0.7134 -0.0000
vn -0.8656 0.4973 0.0579
vn -0.8657 0.4973 0.0579
vn -0.2618 0.9651 -0.0000
vn -0.6569 0.7540 -0.0000
vn -0.5918 0.8061 -0.0000
vn -0.7847 0.6199 -0.0000
vn -0.9525 0.3045 -0.0000
vn -0.5929 0.8053 -0.0000
vn 0.7007 0.7134 -0.0000
vn 0.2779 0.9606 -0.0000
vn 0.2618 0.9651 -0.0000
vn 0.6569 0.7540 -0.0000
vn 0.8656 0.4973 0.0579
vn -0.6998 0.7144 -0.0000
vn -0.6998 0.7143 -0.0000
vn 0.3321 0.9369 0.1090
vn 0.8456 0.5303 0.0617
vn 0.6217 0.7833 -0.0000
vn 0.6216 0.7833 -0.0000
vn -0.6278 0.7783 -0.0000
vn -0.6217 0.7833 -0.0000
vn -0.6216 0.7833 -0.0000
vn 0.9963 0.0856 -0.0000
vn 0.9681 0.1533 0.1984
vn 0.6278 0.7784 -0.0000
vn -0.6278 0.7784 -0.0000
vn 0.8453 0.5343 -0.0000
vn 0.8259 0.5638 -0.0000
vn 0.9974 0.0720 -0.0000
vn 0.9978 0.0664 -0.0000
vn -0.8453 0.5343 -0.0000
vn -0.8259 0.5638 -0.0000
vn -0.9974 0.0720 -0.0000
vn -0.9978 0.0664 -0.0000
vn -0.0000 0.9933 0.1156
vn 0.9852 0.1701 0.0198
vn 0.8897 0.4565 -0.0000
vn 0.9986 0.0535 -0.0000
vn 0.9980 0.0625 0.0073
vn -0.8897 0.4565 -0.0000
vn -0.9852 0.1701 0.0198
vn -0.9980 0.0625 0.0073
vn -0.9986 0.0535 -0.0000
vn 0.9974 0.0718 -0.0000
vn 0.9979 0.0653 -0.0000
vn -0.8491 0.5282 -0.0000
vn -0.8266 0.5627 -0.0000
vn 0.8491 0.5282 -0.0000
vn 0.8266 0.5627 -0.0000
vn -0.9974 0.0718 -0.0000
vn -0.9979 0.0653 -0.0000
vn 0.9886 0.1508 -0.0000
vn 0.9867 0.1625 -0.0000
vn -0.9867 0.1625 -0.0000
vn -0.9886 0.1508 -0.0000
vn -0.9963 0.0851 0.0099
vn -0.9924 0.1230 -0.0000
vn 0.9924 0.1230 -0.0000
vn 0.9963 0.0851 0.0099
vn -0.9889 0.1485 -0.0000
vn -0.9868 0.1620 -0.0000
vn 0.9868 0.1620 -0.0000
vn 0.9889 0.1485 -0.0000
vn -0.0876 -0.3544 0.9310
vt 0.000000 0.000000
s 0
f 596/580/583 600/580/583 601/580/583 604/580/583
f 597/580/584 602/580/584 601/580/584 600/580/584
f 598/580/585 603/580/585 601/580/585 602/580/585
f 599/580/586 604/580/586 601/580/586 603/580/586
f 605/580/587 609/580/587 610/580/587 613/580/587
f 606/580/588 611/580/588 610/580/588 609/580/588
f 607/580/589 612/580/589 610/580/589 611/580/589
f 608/580/590 613/580/590 610/580/590 612/580/590
f 614/580/591 617/580/591 618/580/591 620/580/591
f 615/580/592 619/580/592 618/580/592 617/580/592
f 616/580/593 620/580/593 618/580/593 619/580/593
f 621/580/591 624/580/591 625/580/591 627/580/591
f 622/580/594 626/580/594 625/580/594 624/580/594
f 623/580/595 627/580/595 625/580/595 626/580/595
f 628/580/596 632/580/596 633/580/596 636/580/596
f 629/580/597 634/580/597 633/580/597 632/580/597
f 630/580/598 635/580/598 633/580/598 634/580/598
f 631/580/599 636/580/599 633/580/599 635/580/599
f 637/580/600 641/580/600 642/580/600 645/580/600
f 638/580/601 643/580/601 642/580/601 641/580/601
f 639/580/602 644/580/602 642/580/602 643/580/602
f 640/580/603 645/580/603 642/580/603 644/580/603
f 646/580/591 649/580/591 650/580/591 652/580/591
f 647/580/604 651/580/604 650/580/604 649/580/604
f 648/580/605 652/580/605 650/580/605 651/580/605
f 653/580/591 656/580/591 657/580/591 659/580/591
f 654/580/594 658/580/594 657/580/594 656/580/594
f 655/580/595 659/580/595 657/580/595 658/580/595
f 660/580/606 664/580/606 665/580/606 668/580/606
f 661/580/607 666/580/607 665/580/607 664/580/607
f 662/580/608 667/580/608 665/580/608 666/580/608
f 663/580/609 668/580/609 665/580/609 667/580/609
f 669/580/610 673/580/610 674/580/610 677/580/610
f 670/580/611 675/580/611 674/580/611 673/580/611
f 671/580/612 676/580/612 674/580/612 675/580/612
f 672/580/613 677/580/613 674/580/613 676/580/613
f 678/580/591 681/580/591 682/580/591 684/580/591
f 679/580/614 683/580/614 682/580/614 681/580/614
f 680/580/615 684/580/615 682/580/615 683/580/615
f 685/580/591 688/580/591 689/580/591 691/580/591
f 686/580/616 690/580/616 689/580/616 688/580/616
f 687/580/617 691/580/617 689/580/617 690/580/617
f 692/580/618 696/580/618 697/580/618 700/580/618
f 693/580/619 698/580/619 697/580/619 696/580/619
f 694/580/620 699/580/620 697/580/620 698/580/620
f 695/580/621 700/580/621 697/580/621 699/580/621
f 701/580/622 705/580/622 706/580/622 709/580/622
f 702/580/623 707/580/623 706/580/623 705/580/623
f 703/580/624 708/580/624 706/580/624 707/580/624
f 704/580/625 709/580/625 706/580/625 708/580/625
f 710/580/591 713/580/591 714/580/591 716/580/591
f 711/580/626 715/580/626 714/580/626 713/580/626
f 712/580/627 716/580/627 714/580/627 715/580/627
f 717/580/591 720/580/591 721/580/591 723/580/591
f 718/580/628 722/580/628 721/580/628 720/580/628
f 719/580/629 723/580/629 721/580/629 722/580/629
f 724/580/591 727/580/591 728/580/591 730/580/591
f 725/580/630 729/580/630 728/580/630 727/580/630
f 726/580/631 730/580/631 728/580/631 729/580/631
f 731/580/591 734/580/591 735/580/591 737/580/591
f 732/580/632 736/580/632 735/580/632 734/580/632
f 733/580/633 737/580/633 735/580/633 736/580/633
f 738/580/634 742/580/634 743/580/634 746/580/634
f 739/580/635 744/580/635 743/580/635 742/580/635
f 740/580/636 745/580/636 743/580/636 744/580/636
f 741/580/637 746/580/637 743/580/637 745/580/637
f 747/580/638 751/580/638 752/580/638 755/580/638
f 748/580/639 753/580/639 752/580/639 751/580/639
f 749/580/640 754/580/640 752/580/640 753/580/640
f 750/580/641 755/580/641 752/580/641 754/580/641
f 756/580/642 760/580/642 761/580/642 764/580/642
f 757/580/643 762/580/643 761/580/643 760/580/643
f 758/580/644 763/580/644 761/580/644 762/580/644
f 759/580/645 764/580/645 761/580/645 763/580/645
f 765/580/646 769/580/646 770/580/646 773/580/646
f 766/580/647 771/580/647 770/580/647 769/580/647
f 767/580/648 772/580/648 770/580/648 771/580/648
f 768/580/649 773/580/649 770/580/649 772/580/649
f 774/580/591 777/580/591 778/580/591 780/580/591
f 775/580/650 779/580/650 778/580/650 777/580/650
f 776/580/651 780/580/651 778/580/651 779/580/651
f 781/580/591 784/580/591 785/580/591 787/580/591
f 782/580/652 786/580/652 785/580/652 784/580/652
f 783/580/653 787/580/653 785/580/653 786/580/653
f 788/580/591 791/580/591 792/580/591 794/580/591
f 789/580/591 793/580/591 792/580/591 791/580/591
f 790/580/591 794/580/591 792/580/591 793/580/591
f 795/580/654 798/580/654 799/580/654 801/580/654
f 796/580/591 800/580/591 799/580/591 798/580/591
f 797/580/591 801/580/591 799/580/591 800/580/591
f 802/580/655 805/580/655 806/580/655 808/580/655
f 803/580/656 807/580/656 806/580/656 805/580/656
f 804/580/591 808/580/591 806/580/591 807/580/591
f 809/580/591 812/580/591 813/580/591 815/580/591
f 810/580/594 814/580/594 813/580/594 812/580/594
f 811/580/595 815/580/595 813/580/595 814/580/595
f 816/580/594 819/580/594 820/580/594 822/580/594
f 817/580/595 821/580/595 820/580/595 819/580/595
f 818/580/595 822/580/595 820/580/595 821/580/595
f 823/580/591 826/580/591 827/580/591 829/580/591
f 824/580/657 828/580/657 827/580/657 826/580/657
f 825/580/658 829/580/658 827/580/658 828/580/658
f 830/580/591 833/580/591 834/580/591 836/580/591
f 831/580/591 835/580/591 834/580/591 833/580/591
f 832/580/654 836/580/654 834/580/654 835/580/654
f 837/580/591 840/580/591 841/580/591 843/580/591
f 838/580/591 842/580/591 841/580/591 840/580/591
f 839/580/591 843/580/591 841/580/591 842/580/591
f 844/580/659 847/580/659 848/580/659 850/580/659
f 845/580/660 849/580/660 848/580/660 847/580/660
f 846/580/591 850/580/591 848/580/591 849/580/591
f 851/580/595 854/580/595 855/580/595 857/580/595
f 852/580/594 856/580/594 855/580/594 854/580/594
f 853/580/591 857/580/591 855/580/591 856/580/591
f 858/580/661 861/580/661 862/580/661 864/580/661
f 859/580/662 863/580/662 862/580/662 861/580/662
f 860/580/591 864/580/591 862/580/591 863/580/591
f 865/580/591 868/580/591 869/580/591 871/580/591
f 866/580/594 870/580/594 869/580/594 868/580/594
f 867/580/595 871/580/595 869/580/595 870/580/595
f 872/580/595 875/580/595 876/580/595 878/580/595
f 873/580/594 877/580/594 876/580/594 875/580/594
f 874/580/594 878/580/594 876/580/594 877/580/594
f 879/580/591 882/580/591 883/580/591 885/580/591
f 880/580/591 884/580/591 883/580/591 882/580/591
f 881/580/654 885/580/654 883/580/654 884/580/654
f 886/580/591 889/580/591 890/580/591 892/580/591
f 887/580/595 891/580/595 890/580/595 889/580/595
f 888/580/594 892/580/594 890/580/594 891/580/594
f 893/580/595 896/580/595 897/580/595 899/580/595
f 894/580/591 898/580/591 897/580/591 896/580/591
f 895/580/595 899/580/595 897/580/595 898/580/595
f 900/580/654 903/580/654 904/580/654 906/580/654
f 901/580/663 905/580/663 904/580/663 903/580/663
f 902/580/664 906/580/664 904/580/664 905/580/664
f 907/580/595 910/580/595 911/580/595 913/580/595
f 908/580/594 912/580/594 911/580/594 910/580/594
f 909/580/591 913/580/591 911/580/591 912/580/591
f 914/580/591 917/580/591 918/580/591 920/580/591
f 915/580/595 919/580/595 918/580/595 917/580/595
f 916/580/594 920/580/594 918/580/594 919/580/594
f 921/580/665 924/580/665 925/580/665 927/580/665
f 922/580/666 926/580/666 925/580/666 924/580/666
f 923/580/591 927/580/591 925/580/591 926/580/591
f 928/580/591 931/580/591 932/580/591 934/580/591
f 929/580/667 933/580/667 932/580/667 931/580/667
f 930/580/668 934/580/668 932/580/668 933/580/668
f 938/580/591 941/580/591 942/580/591 944/580/591
f 939/580/595 943/580/595 942/580/595 941/580/595
f 940/580/594 944/580/594 942/580/594 943/580/594
f 945/580/669 948/580/669 949/580/669 951/580/669
f 946/580/670 950/580/670 949/580/670 948/580/670
f 947/580/671 951/580/671 949/580/671 950/580/671
f 952/580/591 955/580/591 956/580/591 958/580/591
f 953/580/654 957/580/654 956/580/654 955/580/654
f 954/580/591 958/580/591 956/580/591 957/580/591
f 959/580/591 962/580/591 963/580/591 965/580/591
f 960/580/672 964/580/672 963/580/672 962/580/672
f 961/580/673 965/580/673 963/580/673 964/580/673
f 966/580/674 970/580/674 971/580/674 974/580/674
f 967/580/675 972/580/675 971/580/675 970/580/675
f 968/580/676 973/580/676 971/580/676 972/580/676
f 969/580/677 974/580/677 971/580/677 973/580/677
f 975/580/678 979/580/678 980/580/678 983/580/678
f 976/580/679 981/580/679 980/580/679 979/580/679
f 977/580/680 982/580/680 980/580/680 981/580/680
f 978/580/681 983/580/681 980/580/681 982/580/681
f 984/580/682 987/580/682 988/580/682 990/580/682
f 985/580/683 989/580/683 988/580/683 987/580/683
f 986/580/591 990/580/591 988/580/591 989/580/591
f 991/580/673 994/580/673 995/580/673 997/580/673
f 992/580/672 996/580/672 995/580/672 994/580/672
f 993/580/591 997/580/591 995/580/591 996/580/591
f 998/580/684 1002/580/684 1003/580/684 1006/580/684
f 999/580/685 1004/580/685 1003/580/685 1002/580/685
f 1000/580/686 1005/580/686 1003/580/686 1004/580/686
f 1001/580/687 1006/580/687 1003/580/687 1005/580/687
f 1007/580/688 1011/580/688 1012/580/688 1015/580/688
f 1008/580/689 1013/580/689 1012/580/689 1011/580/689
f 1009/580/690 1014/580/690 1012/580/690 1013/580/690
f 1010/580/691 1015/580/691 1012/580/691 1014/580/691
f 1016/580/692 1019/580/692 1020/580/692 1022/580/692
f 1017/580/693 1021/580/693 1020/580/693 1019/580/693
f 1018/580/591 1022/580/591 1020/580/591 1021/580/591
f 1023/580/694 1026/580/694 1027/580/694 1029/580/694
f 1024/580/695 1028/580/695 1027/580/695 1026/580/695
f 1025/580/591 1029/580/591 1027/580/591 1028/580/591
f 1030/580/696 1034/580/696 1035/580/696 1038/580/696
f 1031/580/697 1036/580/697 1035/580/697 1034/580/697
f 1032/580/698 1037/580/698 1035/580/698 1036/580/698
f 1033/580/699 1038/580/699 1035/580/699 1037/580/699
f 1039/580/700 1043/580/700 1044/580/700 1047/580/700
f 1040/580/701 1045/580/701 1044/580/701 1043/580/701
f 1041/580/702 1046/580/702 1044/580/702 1045/580/702
f 1042/580/703 1047/580/703 1044/580/703 1046/580/703
f 1048/580/591 1051/580/591 1052/580/591 1054/580/591
f 1049/580/704 1053/580/704 1052/580/704 1051/580/704
f 1050/580/705 1054/580/705 1052/580/705 1053/580/705
f 1055/580/591 1058/580/591 1059/580/591 1061/580/591
f 1056/580/706 1060/580/706 1059/580/706 1058/580/706
f 1057/580/707 1061/580/707 1059/580/707 1060/580/707
f 1062/580/708 1066/580/708 1067/580/708 1070/580/708
f 1063/580/709 1068/580/709 1067/580/709 1066/580/709
f 1064/580/710 1069/580/710 1067/580/710 1068/580/710
f 1065/580/711 1070/580/711 1067/580/711 1069/580/711
f 1071/580/712 1075/580/712 1076/580/712 1079/580/712
f 1072/580/713 1077/580/713 1076/580/713 1075/580/713
f 1073/580/714 1078/580/714 1076/580/714 1077/580/714
f 1074/580/715 1079/580/715 1076/580/715 1078/580/715
f 1080/580/716 1084/580/716 1085/580/716 1088/580/716
f 1081/580/717 1086/580/717 1085/580/717 1084/580/717
f 1082/580/718 1087/580/718 1085/580/718 1086/580/718
f 1083/580/719 1088/580/719 1085/580/719 1087/580/719
f 1089/580/720 1093/580/720 1094/580/720 1097/580/720
f 1090/580/721 1095/580/721 1094/580/721 1093/580/721
f 1091/580/722 1096/580/722 1094/580/722 1095/580/722
f 1092/580/723 1097/580/723 1094/580/723 1096/580/723
f 1098/580/591 1101/580/591 1102/580/591 1104/580/591
f 1099/580/673 1103/580/673 1102/580/673 1101/580/673
f 1100/580/672 1104/580/672 1102/580/672 1103/580/672
f 1105/580/724 1108/580/724 1109/580/724 1111/580/724
f 1106/580/725 1110/580/725 1109/580/725 1108/580/725
f 1107/580/591 1111/580/591 1109/580/591 1110/580/591
f 1112/580/672 1115/580/672 1116/580/672 1118/580/672
f 1113/580/673 1117/580/673 1116/580/673 1115/580/673
f 1114/580/591 1118/580/591 1116/580/591 1117/580/591
f 1119/580/591 1122/580/591 1123/580/591 1125/580/591
f 1120/580/725 1124/580/725 1123/580/725 1122/580/725
f 1121/580/724 1125/580/724 1123/580/724 1124/580/724
f 1126/580/726 1130/580/726 1131/580/726 1134/580/726
f 1127/580/727 1132/580/727 1131/580/727 1130/580/727
f 1128/580/728 1133/580/728 1131/580/728 1132/580/728
f 1129/580/729 1134/580/729 1131/580/729 1133/580/729
f 1135/580/730 1139/580/730 1140/580/730 1143/580/730
f 1136/580/731 1141/580/731 1140/580/731 1139/580/731
f 1137/580/732 1142/580/732 1140/580/732 1141/580/732
f 1138/580/733 1143/580/733 1140/580/733 1142/580/733
f 1144/580/654 1147/580/654 1148/580/654 1150/580/654
f 1145/580/591 1149/580/591 1148/580/591 1147/580/591
f 1146/580/591 1150/580/591 1148/580/591 1149/580/591
f 1151/580/591 1154/580/591 1155/580/591 1157/580/591
f 1152/580/673 1156/580/673 1155/580/673 1154/580/673
f 1153/580/672 1157/580/672 1155/580/672 1156/580/672
f 1158/580/591 1161/580/591 1162/580/591 1164/580/591
f 1159/580/734 1163/580/734 1162/580/734 1161/580/734
f 1160/580/735 1164/580/735 1162/580/735 1163/580/735
f 1165/580/736 1168/580/736 1169/580/736 1171/580/736
f 1166/580/672 1170/580/672 1169/580/672 1168/580/672
f 1167/580/591 1171/580/591 1169/580/591 1170/580/591
f 1172/580/672 1175/580/672 1176/580/672 1178/580/672
f 1173/580/737 1177/580/737 1176/580/737 1175/580/737
f 1174/580/673 1178/580/673 1176/580/673 1177/580/673
f 1179/580/738 1182/580/738 1183/580/738 1185/580/738
f 1180/580/739 1184/580/739 1183/580/739 1182/580/739
f 1181/580/740 1185/580/740 1183/580/740 1184/580/740
f 1186/580/672 1189/580/672 1190/580/672 1192/580/672
f 1187/580/673 1191/580/673 1190/580/673 1189/580/673
f 1188/580/591 1192/580/591 1190/580/591 1191/580/591
f 1193/580/591 1196/580/591 1197/580/591 1199/580/591
f 1194/580/741 1198/580/741 1197/580/741 1196/580/741
f 1195/580/742 1199/580/742 1197/580/742 1198/580/742
f 1200/580/743 1203/580/743 1204/580/743 1206/580/743
f 1201/580/744 1205/580/744 1204/580/744 1203/580/744
f 1202/580/745 1206/580/745 1204/580/745 1205/580/745
f 1207/580/591 1210/580/591 1211/580/591 1213/580/591
f 1208/580/746 1212/580/746 1211/580/746 1210/580/746
f 1209/580/747 1213/580/747 1211/580/747 1212/580/747
f 1214/580/591 1217/580/591 1218/580/591 1220/580/591
f 1215/580/673 1219/580/673 1218/580/673 1217/580/673
f 1216/580/672 1220/580/672 1218/580/672 1219/580/672
f 1221/580/748 1224/580/748 1225/580/748 1227/580/748
f 1222/580/749 1226/580/749 1225/580/749 1224/580/749
f 1223/580/591 1227/580/591 1225/580/591 1226/580/591
f 1228/580/750 1231/580/750 1232/580/750 1234/580/750
f 1229/580/751 1233/580/751 1232/580/751 1231/580/751
f 1230/580/752 1234/580/752 1232/580/752 1233/580/752
f 1235/580/672 1238/580/672 1239/580/672 1241/580/672
f 1236/580/673 1240/580/673 1239/580/673 1238/580/673
f 1237/580/591 1241/580/591 1239/580/591 1240/580/591
f 1242/580/753 1245/580/753 1246/580/753 1248/580/753
f 1243/580/754 1247/580/754 1246/580/754 1245/580/754
f 1244/580/591 1248/580/591 1246/580/591 1247/580/591
f 1249/580/755 1252/580/755 1253/580/755 1255/580/755
f 1250/580/756 1254/580/756 1253/580/756 1252/580/756
f 1251/580/757 1255/580/757 1253/580/757 1254/580/757
f 1256/580/758 1259/580/758 1260/580/758 1262/580/758
f 1257/580/591 1261/580/591 1260/580/591 1259/580/591
f 1258/580/683 1262/580/683 1260/580/683 1261/580/683
f 1263/580/591 1266/580/591 1267/580/591 1269/580/591
f 1264/580/673 1268/580/673 1267/580/673 1266/580/673
f 1265/580/672 1269/580/672 1267/580/672 1268/580/672
f 1270/580/673 1273/580/673 1274/580/673 1276/580/673
f 1271/580/672 1275/580/672 1274/580/672 1273/580/672
f 1272/580/591 1276/580/591 1274/580/591 1275/580/591
f 1277/580/673 1280/580/673 1281/580/673 1283/580/673
f 1278/580/759 1282/580/759 1281/580/759 1280/580/759
f 1279/580/673 1283/580/673 1281/580/673 1282/580/673
f 1284/580/760 1287/580/760 1288/580/760 1290/580/760
f 1285/580/737 1289/580/737 1288/580/737 1287/580/737
f 1286/580/591 1290/580/591 1288/580/591 1289/580/591
f 1294/580/761 1297/580/761 1298/580/761 1300/580/761
f 1295/580/762 1299/580/762 1298/580/762 1297/580/762
f 1296/580/591 1300/580/591 1298/580/591 1299/580/591
f 1301/580/682 1304/580/682 1305/580/682 1307/580/682
f 1302/580/763 1306/580/763 1305/580/763 1304/580/763
f 1303/580/591 1307/580/591 1305/580/591 1306/580/591
f 1308/580/764 1311/580/764 1312/580/764 1314/580/764
f 1309/580/765 1313/580/765 1312/580/765 1311/580/765
f 1310/580/766 1314/580/766 1312/580/766 1313/580/766
f 1315/580/767 1318/580/767 1319/580/767 1321/580/767
f 1316/580/768 1320/580/768 1319/580/768 1318/580/768
f 1317/580/769 1321/580/769 1319/580/769 1320/580/769
f 1322/580/770 1325/580/770 1326/580/770 1328/580/770
f 1323/580/771 1327/580/771 1326/580/771 1325/580/771
f 1324/580/772 1328/580/772 1326/580/772 1327/580/772
f 1329/580/773 1332/580/773 1333/580/773 1335/580/773
f 1330/580/774 1334/580/774 1333/580/774 1332/580/774
f 1331/580/775 1335/580/775 1333/580/775 1334/580/775
f 1336/580/776 1339/580/776 1340/580/776 1342/580/776
f 1337/580/777 1341/580/777 1340/580/777 1339/580/777
f 1338/580/778 1342/580/778 1340/580/778 1341/580/778
f 1343/580/779 1346/580/779 1347/580/779 1349/580/779
f 1344/580/780 1348/580/780 1347/580/780 1346/580/780
f 1345/580/781 1349/580/781 1347/580/781 1348/580/781
f 1350/580/782 1353/580/782 1354/580/782 1356/580/782
f 1351/580/783 1355/580/783 1354/580/783 1353/580/783
f 1352/580/784 1356/580/784 1354/580/784 1355/580/784
f 1357/580/785 1360/580/785 1361/580/785 1363/580/785
f 1358/580/786 1362/580/786 1361/580/786 1360/580/786
f 1359/580/787 1363/580/787 1361/580/787 1362/580/787
f 1364/580/788 1367/580/788 1368/580/788 1370/580/788
f 1365/580/789 1369/580/789 1368/580/789 1367/580/789
f 1366/580/790 1370/580/790 1368/580/790 1369/580/790
f 1371/580/791 1374/580/791 1375/580/791 1377/580/791
f 1372/580/792 1376/580/792 1375/580/792 1374/580/792
f 1373/580/793 1377/580/793 1375/580/793 1376/580/793
f 1378/580/794 1381/580/794 1382/580/794 1384/580/794
f 1379/580/795 1383/580/795 1382/580/795 1381/580/795
f 1380/580/796 1384/580/796 1382/580/796 1383/580/796
f 1388/580/797 1391/580/797 1392/580/797 1394/580/797
f 1389/580/798 1393/580/798 1392/580/798 1391/580/798
f 1390/580/799 1394/580/799 1392/580/799 1393/580/799
f 1395/580/800 1398/580/800 1399/580/800 1401/580/800
f 1396/580/801 1400/580/801 1399/580/801 1398/580/801
f 1397/580/802 1401/580/802 1399/580/802 1400/580/802
f 1405/580/803 1408/580/803 1409/580/803 1411/580/803
f 1406/580/804 1410/580/804 1409/580/804 1408/580/804
f 1407/580/805 1411/580/805 1409/580/805 1410/580/805
f 1412/580/806 1415/580/806 1416/580/806 1418/580/806
f 1413/580/807 1417/580/807 1416/580/807 1415/580/807
f 1414/580/808 1418/580/808 1416/580/808 1417/580/808
f 1419/580/809 1422/580/809 1423/580/809 1425/580/809
f 1420/580/810 1424/580/810 1423/580/810 1422/580/810
f 1421/580/811 1425/580/811 1423/580/811 1424/580/811
f 1426/580/812 1429/580/812 1430/580/812 1432/580/812
f 1427/580/813 1431/580/813 1430/580/813 1429/580/813
f 1428/580/814 1432/580/814 1430/580/814 1431/580/814
f 1433/580/815 1436/580/815 1437/580/815 1439/580/815
f 1434/580/816 1438/580/816 1437/580/816 1436/580/816
f 1435/580/817 1439/580/817 1437/580/817 1438/580/817
f 1440/580/818 1443/580/818 1444/580/818 1446/580/818
f 1441/580/819 1445/580/819 1444/580/819 1443/580/819
f 1442/580/820 1446/580/820 1444/580/820 1445/580/820
f 1447/580/821 1450/580/821 1451/580/821 1453/580/821
f 1448/580/822 1452/580/822 1451/580/822 1450/580/822
f 1449/580/823 1453/580/823 1451/580/823 1452/580/823
f 1454/580/824 1457/580/824 1458/580/824 1460/580/824
f 1455/580/825 1459/580/825 1458/580/825 1457/580/825
f 1456/580/826 1460/580/826 1458/580/826 1459/580/826
f 1461/580/827 1464/580/827 1465/580/827 1467/580/827
f 1462/580/828 1466/580/828 1465/580/828 1464/580/828
f 1463/580/829 1467/580/829 1465/580/829 1466/580/829
f 1540/580/830 1544/580/830 1545/580/830 1548/580/830
f 1541/580/831 1546/580/831 1545/580/831 1544/580/831
f 1542/580/832 1547/580/832 1545/580/832 1546/580/832
f 1543/580/833 1548/580/833 1545/580/833 1547/580/833
f 1549/580/834 1553/580/834 1554/580/834 1557/580/834
f 1550/580/835 1555/580/835 1554/580/835 1553/580/835
f 1551/580/836 1556/580/836 1554/580/836 1555/580/836
f 1552/580/837 1557/580/837 1554/580/837 1556/580/837
f 1558/580/838 1562/580/838 1563/580/838 1566/580/838
f 1559/580/839 1564/580/839 1563/580/839 1562/580/839
f 1560/580/840 1565/580/840 1563/580/840 1564/580/840
f 1561/580/841 1566/580/841 1563/580/841 1565/580/841
f 1567/580/842 1571/580/842 1572/580/842 1575/580/842
f 1568/580/843 1573/580/843 1572/580/843 1571/580/843
f 1569/580/844 1574/580/844 1572/580/844 1573/580/844
f 1570/580/845 1575/580/845 1572/580/845 1574/580/845
f 1576/580/846 1580/580/846 1581/580/846 1584/580/846
f 1577/580/847 1582/580/847 1581/580/847 1580/580/847
f 1578/580/848 1583/580/848 1581/580/848 1582/580/848
f 1579/580/849 1584/580/849 1581/580/849 1583/580/849
f 1585/580/850 1589/580/850 1590/580/850 1593/580/850
f 1586/580/851 1591/580/851 1590/580/851 1589/580/851
f 1587/580/852 1592/580/852 1590/580/852 1591/580/852
f 1588/580/853 1593/580/853 1590/580/853 1592/580/853
f 1594/580/854 1598/580/854 1599/580/854 1602/580/854
f 1595/580/855 1600/580/855 1599/580/855 1598/580/855
f 1596/580/856 1601/580/856 1599/580/856 1600/580/856
f 1597/580/857 1602/580/857 1599/580/857 1601/580/857
f 1603/580/858 1607/580/858 1608/580/858 1611/580/858
f 1604/580/859 1609/580/859 1608/580/859 1607/580/859
f 1605/580/860 1610/580/860 1608/580/860 1609/580/860
f 1606/580/861 1611/580/861 1608/580/861 1610/580/861
f 1612/580/862 1616/580/862 1617/580/862 1620/580/862
f 1613/580/863 1618/580/863 1617/580/863 1616/580/863
f 1614/580/864 1619/580/864 1617/580/864 1618/580/864
f 1615/580/865 1620/580/865 1617/580/865 1619/580/865
f 1621/580/866 1625/580/866 1626/580/866 1629/580/866
f 1622/580/867 1627/580/867 1626/580/867 1625/580/867
f 1623/580/868 1628/580/868 1626/580/868 1627/580/868
f 1624/580/869 1629/580/869 1626/580/869 1628/580/869
f 1630/580/870 1634/580/870 1635/580/870 1638/580/870
f 1631/580/871 1636/580/871 1635/580/871 1634/580/871
f 1632/580/872 1637/580/872 1635/580/872 1636/580/872
f 1633/580/873 1638/580/873 1635/580/873 1637/580/873
f 1639/580/874 1643/580/874 1644/580/874 1647/580/874
f 1640/580/875 1645/580/875 1644/580/875 1643/580/875
f 1641/580/876 1646/580/876 1644/580/876 1645/580/876
f 1642/580/877 1647/580/877 1644/580/877 1646/580/877
f 1648/580/664 1651/580/664 1652/580/664 1654/580/664
f 1649/580/878 1653/580/878 1652/580/878 1651/580/878
f 1650/580/879 1654/580/879 1652/580/879 1653/580/879
f 1655/580/591 1658/580/591 1659/580/591 1661/580/591
f 1656/580/594 1660/580/594 1659/580/594 1658/580/594
f 1657/580/595 1661/580/595 1659/580/595 1660/580/595
f 1662/580/591 1665/580/591 1666/580/591 1668/580/591
f 1663/580/880 1667/580/880 1666/580/880 1665/580/880
f 1664/580/881 1668/580/881 1666/580/881 1667/580/881
f 1669/580/594 1672/580/594 1673/580/594 1675/580/594
f 1670/580/595 1674/580/595 1673/580/595 1672/580/595
f 1671/580/591 1675/580/591 1673/580/591 1674/580/591
f 1676/580/594 1679/580/594 1680/580/594 1682/580/594
f 1677/580/673 1681/580/673 1680/580/673 1679/580/673
f 1678/580/882 1682/580/882 1680/580/882 1681/580/882
f 1683/580/591 1686/580/591 1687/580/591 1689/580/591
f 1684/580/594 1688/580/594 1687/580/594 1686/580/594
f 1685/580/595 1689/580/595 1687/580/595 1688/580/595
f 1690/580/591 1693/580/591 1694/580/591 1696/580/591
f 1691/580/591 1695/580/591 1694/580/591 1693/580/591
f 1692/580/591 1696/580/591 1694/580/591 1695/580/591
f 1697/580/655 1700/580/655 1701/580/655 1703/580/655
f 1698/580/656 1702/580/656 1701/580/656 1700/580/656
f 1699/580/591 1703/580/591 1701/580/591 1702/580/591
f 1704/580/594 1707/580/594 1708/580/594 1710/580/594
f 1705/580/595 1709/580/595 1708/580/595 1707/580/595
f 1706/580/591 1710/580/591 1708/580/591 1709/580/591
f 1711/580/883 1714/580/883 1715/580/883 1717/580/883
f 1712/580/667 1716/580/667 1715/580/667 1714/580/667
f 1713/580/669 1717/580/669 1715/580/669 1716/580/669
f 1718/580/594 1721/580/594 1722/580/594 1724/580/594
f 1719/580/595 1723/580/595 1722/580/595 1721/580/595
f 1720/580/591 1724/580/591 1722/580/591 1723/580/591
f 1725/580/595 1728/580/595 1729/580/595 1731/580/595
f 1726/580/884 1730/580/884 1729/580/884 1728/580/884
f 1727/580/595 1731/580/595 1729/580/595 1730/580/595
f 1732/580/595 1735/580/595 1736/580/595 1738/580/595
f 1733/580/595 1737/580/595 1736/580/595 1735/580/595
f 1734/580/594 1738/580/594 1736/580/594 1737/580/594
f 1739/580/658 1742/580/658 1743/580/658 1745/580/658
f 1740/580/657 1744/580/657 1743/580/657 1742/580/657
f 1741/580/591 1745/580/591 1743/580/591 1744/580/591
f 1746/580/594 1749/580/594 1750/580/594 1752/580/594
f 1747/580/595 1751/580/595 1750/580/595 1749/580/595
f 1748/580/591 1752/580/591 1750/580/591 1751/580/591
f 1753/580/591 1756/580/591 1757/580/591 1759/580/591
f 1754/580/885 1758/580/885 1757/580/885 1756/580/885
f 1755/580/669 1759/580/669 1757/580/669 1758/580/669
f 1760/580/655 1763/580/655 1764/580/655 1766/580/655
f 1761/580/656 1765/580/656 1764/580/656 1763/580/656
f 1762/580/591 1766/580/591 1764/580/591 1765/580/591
f 1767/580/591 1770/580/591 1771/580/591 1773/580/591
f 1768/580/591 1772/580/591 1771/580/591 1770/580/591
f 1769/580/591 1773/580/591 1771/580/591 1772/580/591
f 1777/580/591 1780/580/591 1781/580/591 1783/580/591
f 1778/580/656 1782/580/656 1781/580/656 1780/580/656
f 1779/580/655 1783/580/655 1781/580/655 1782/580/655
f 1784/580/595 1787/580/595 1788/580/595 1790/580/595
f 1785/580/594 1789/580/594 1788/580/594 1787/580/594
f 1786/580/591 1790/580/591 1788/580/591 1789/580/591
f 1791/580/591 1794/580/591 1795/580/591 1797/580/591
f 1792/580/591 1796/580/591 1795/580/591 1794/580/591
f 1793/580/591 1797/580/591 1795/580/591 1796/580/591
f 1798/580/591 1801/580/591 1802/580/591 1804/580/591
f 1799/580/657 1803/580/657 1802/580/657 1801/580/657
f 1800/580/658 1804/580/658 1802/580/658 1803/580/658
f 1805/580/591 1808/580/591 1809/580/591 1811/580/591
f 1806/580/591 1810/580/591 1809/580/591 1808/580/591
f 1807/580/654 1811/580/654 1809/580/654 1810/580/654
f 1812/580/591 1815/580/591 1816/580/591 1818/580/591
f 1813/580/654 1817/580/654 1816/580/654 1815/580/654
f 1814/580/591 1818/580/591 1816/580/591 1817/580/591
f 1819/580/591 1822/580/591 1823/580/591 1825/580/591
f 1820/580/886 1824/580/886 1823/580/886 1822/580/886
f 1821/580/887 1825/580/887 1823/580/887 1824/580/887
f 1826/580/591 1829/580/591 1830/580/591 1832/580/591
f 1827/580/888 1831/580/888 1830/580/888 1829/580/888
f 1828/580/889 1832/580/889 1830/580/889 1831/580/889
f 1833/580/591 1836/580/591 1837/580/591 1839/580/591
f 1834/580/890 1838/580/890 1837/580/890 1836/580/890
f 1835/580/891 1839/580/891 1837/580/891 1838/580/891
f 1843/580/591 1846/580/591 1847/580/591 1849/580/591
f 1844/580/892 1848/580/892 1847/580/892 1846/580/892
f 1845/580/893 1849/580/893 1847/580/893 1848/580/893
f 1850/580/591 1853/580/591 1854/580/591 1856/580/591
f 1851/580/894 1855/580/894 1854/580/894 1853/580/894
f 1852/580/895 1856/580/895 1854/580/895 1855/580/895
f 1857/580/591 1860/580/591 1861/580/591 1863/580/591
f 1858/580/896 1862/580/896 1861/580/896 1860/580/896
f 1859/580/897 1863/580/897 1861/580/897 1862/580/897
f 1864/580/591 1867/580/591 1868/580/591 1870/580/591
f 1865/580/898 1869/580/898 1868/580/898 1867/580/898
f 1866/580/899 1870/580/899 1868/580/899 1869/580/899
f 1871/580/591 1874/580/591 1875/580/591 1877/580/591
f 1872/580/900 1876/580/900 1875/580/900 1874/580/900
f 1873/580/901 1877/580/901 1875/580/901 1876/580/901
f 1878/580/591 1881/580/591 1882/580/591 1884/580/591
f 1879/580/899 1883/580/899 1882/580/899 1881/580/899
f 1880/580/898 1884/580/898 1882/580/898 1883/580/898
f 1885/580/591 1888/580/591 1889/580/591 1891/580/591
f 1886/580/682 1890/580/682 1889/580/682 1888/580/682
f 1887/580/683 1891/580/683 1889/580/683 1890/580/683
f 1892/580/902 1895/580/902 1896/580/902 1898/580/902
f 1893/580/673 1897/580/673 1896/580/673 1895/580/673
f 1894/580/754 1898/580/754 1896/580/754 1897/580/754
f 1899/580/903 1902/580/903 1903/580/903 1905/580/903
f 1900/580/904 1904/580/904 1903/580/904 1902/580/904
f 1901/580/591 1905/580/591 1903/580/591 1904/580/591
f 1906/580/591 1909/580/591 1910/580/591 1912/580/591
f 1907/580/595 1911/580/595 1910/580/595 1909/580/595
f 1908/580/594 1912/580/594 1910/580/594 1911/580/594
f 1913/580/905 1916/580/905 1917/580/905 1919/580/905
f 1914/580/906 1918/580/906 1917/580/906 1916/580/906
f 1915/580/591 1919/580/591 1917/580/591 1918/580/591
f 1920/580/591 1923/580/591 1924/580/591 1926/580/591
f 1921/580/907 1925/580/907 1924/580/907 1923/580/907
f 1922/580/908 1926/580/908 1924/580/908 1925/580/908
f 1927/580/591 1930/580/591 1931/580/591 1933/580/591
f 1928/580/909 1932/580/909 1931/580/909 1930/580/909
f 1929/580/910 1933/580/910 1931/580/910 1932/580/910
f 1934/580/911 1937/580/911 1938/580/911 1940/580/911
f 1935/580/912 1939/580/912 1938/580/912 1937/580/912
f 1936/580/591 1940/580/591 1938/580/591 1939/580/591
f 1941/580/913 1944/580/913 1945/580/913 1947/580/913
f 1942/580/914 1946/580/914 1945/580/914 1944/580/914
f 1943/580/591 1947/580/591 1945/580/591 1946/580/591
f 1948/580/915 1951/580/915 1952/580/915 1954/580/915
f 1949/580/916 1953/580/916 1952/580/916 1951/580/916
f 1950/580/917 1954/580/917 1952/580/917 1953/580/917
f 1955/580/672 1958/580/672 1959/580/672 1961/580/672
f 1956/580/673 1960/580/673 1959/580/673 1958/580/673
f 1957/580/591 1961/580/591 1959/580/591 1960/580/591
f 1962/580/591 1965/580/591 1966/580/591 1968/580/591
f 1963/580/673 1967/580/673 1966/580/673 1965/580/673
f 1964/580/672 1968/580/672 1966/580/672 1967/580/672
f 1969/580/918 1972/580/918 1973/580/918 1975/580/918
f 1970/580/919 1974/580/919 1973/580/919 1972/580/919
f 1971/580/920 1975/580/920 1973/580/920 1974/580/920
f 1976/580/921 1979/580/921 1980/580/921 1982/580/921
f 1977/580/922 1981/580/922 1980/580/922 1979/580/922
f 1978/580/591 1982/580/591 1980/580/591 1981/580/591
f 1983/580/923 1986/580/923 1987/580/923 1989/580/923
f 1984/580/924 1988/580/924 1987/580/924 1986/580/924
f 1985/580/591 1989/580/591 1987/580/591 1988/580/591
f 1990/580/591 1993/580/591 1994/580/591 1996/580/591
f 1991/580/925 1995/580/925 1994/580/925 1993/580/925
f 1992/580/926 1996/580/926 1994/580/926 1995/580/926
f 1997/580/927 2000/580/927 2001/580/927 2003/580/927
f 1998/580/928 2002/580/928 2001/580/928 2000/580/928
f 1999/580/929 2003/580/929 2001/580/929 2002/580/929
f 2004/580/930 2007/580/930 2008/580/930 2010/580/930
f 2005/580/931 2009/580/931 2008/580/931 2007/580/931
f 2006/580/591 2010/580/591 2008/580/591 2009/580/591
f 2011/580/932 2014/580/932 2015/580/932 2017/580/932
f 2012/580/933 2016/580/933 2015/580/933 2014/580/933
f 2013/580/591 2017/580/591 2015/580/591 2016/580/591
f 2018/580/591 2021/580/591 2022/580/591 2024/580/591
f 2019/580/934 2023/580/934 2022/580/934 2021/580/934
f 2020/580/935 2024/580/935 2022/580/935 2023/580/935
f 2025/580/936 2028/580/936 2029/580/936 2031/580/936
f 2026/580/937 2030/580/937 2029/580/937 2028/580/937
f 2027/580/938 2031/580/938 2029/580/938 2030/580/938
f 2032/580/939 2035/580/939 2036/580/939 2038/580/939
f 2033/580/940 2037/580/940 2036/580/940 2035/580/940
f 2034/580/941 2038/580/941 2036/580/941 2037/580/941
f 2039/580/591 2042/580/591 2043/580/591 2045/580/591
f 2040/580/942 2044/580/942 2043/580/942 2042/580/942
f 2041/580/943 2045/580/943 2043/580/943 2044/580/943
f 2046/580/944 2049/580/944 2050/580/944 2052/580/944
f 2047/580/945 2051/580/945 2050/580/945 2049/580/945
f 2048/580/946 2052/580/946 2050/580/946 2051/580/946
f 2053/580/741 2056/580/741 2057/580/741 2059/580/741
f 2054/580/672 2058/580/672 2057/580/672 2056/580/672
f 2055/580/947 2059/580/947 2057/580/947 2058/580/947
f 2060/580/591 2063/580/591 2064/580/591 2066/580/591
f 2061/580/735 2065/580/735 2064/580/735 2063/580/735
f 2062/580/734 2066/580/734 2064/580/734 2065/580/734
f 2067/580/654 2070/580/654 2071/580/654 2073/580/654
f 2068/580/682 2072/580/682 2071/580/682 2070/580/682
f 2069/580/672 2073/580/672 2071/580/672 2072/580/672
f 2074/580/591 2077/580/591 2078/580/591 2080/580/591
f 2075/580/591 2079/580/591 2078/580/591 2077/580/591
f 2076/580/948 2080/580/948 2078/580/948 2079/580/948
f 2081/580/591 2084/580/591 2085/580/591 2087/580/591
f 2082/580/949 2086/580/949 2085/580/949 2084/580/949
f 2083/580/950 2087/580/950 2085/580/950 2086/580/950
f 2088/580/595 2091/580/595 2092/580/595 2094/580/595
f 2089/580/594 2093/580/594 2092/580/594 2091/580/594
f 2090/580/591 2094/580/591 2092/580/591 2093/580/591
f 2095/580/591 2098/580/591 2099/580/591 2101/580/591
f 2096/580/741 2100/580/741 2099/580/741 2098/580/741
f 2097/580/742 2101/580/742 2099/580/742 2100/580/742
f 2105/580/734 2108/580/734 2109/580/734 2111/580/734
f 2106/580/735 2110/580/735 2109/580/735 2108/580/735
f 2107/580/591 2111/580/591 2109/580/591 2110/580/591
f 2112/580/673 2115/580/673 2116/580/673 2118/580/673
f 2113/580/673 2117/580/673 2116/580/673 2115/580/673
f 2114/580/672 2118/580/672 2116/580/672 2117/580/672
f 2119/580/951 2122/580/951 2123/580/951 2125/580/951
f 2120/580/952 2124/580/952 2123/580/952 2122/580/952
f 2121/580/953 2125/580/953 2123/580/953 2124/580/953
f 2126/580/954 2129/580/954 2130/580/954 2132/580/954
f 2127/580/955 2131/580/955 2130/580/955 2129/580/955
f 2128/580/591 2132/580/591 2130/580/591 2131/580/591
f 2133/580/956 2137/580/956 2138/580/956 2141/580/956
f 2134/580/957 2139/580/957 2138/580/957 2137/580/957
f 2135/580/958 2140/580/958 2138/580/958 2139/580/958
f 2136/580/959 2141/580/959 2138/580/959 2140/580/959
f 2142/580/960 2146/580/960 2147/580/960 2150/580/960
f 2143/580/961 2148/580/961 2147/580/961 2146/580/961
f 2144/580/962 2149/580/962 2147/580/962 2148/580/962
f 2145/580/963 2150/580/963 2147/580/963 2149/580/963
f 2151/580/964 2155/580/964 2156/580/964 2159/580/964
f 2152/580/965 2157/580/965 2156/580/965 2155/580/965
f 2153/580/966 2158/580/966 2156/580/966 2157/580/966
f 2154/580/967 2159/580/967 2156/580/967 2158/580/967
f 2160/580/968 2164/580/968 2165/580/968 2168/580/968
f 2161/580/969 2166/580/969 2165/580/969 2164/580/969
f 2162/580/970 2167/580/970 2165/580/970 2166/580/970
f 2163/580/971 2168/580/971 2165/580/971 2167/580/971
f 2169/580/972 2173/580/972 2174/580/972 2177/580/972
f 2170/580/973 2175/580/973 2174/580/973 2173/580/973
f 2171/580/974 2176/580/974 2174/580/974 2175/580/974
f 2172/580/975 2177/580/975 2174/580/975 2176/580/975
f 2178/580/976 2182/580/976 2183/580/976 2186/580/976
f 2179/580/977 2184/580/977 2183/580/977 2182/580/977
f 2180/580/978 2185/580/978 2183/580/978 2184/580/978
f 2181/580/979 2186/580/979 2183/580/979 2185/580/979
f 2187/580/980 2191/580/980 2192/580/980 2195/580/980
f 2188/580/981 2193/580/981 2192/580/981 2191/580/981
f 2189/580/982 2194/580/982 2192/580/982 2193/580/982
f 2190/580/983 2195/580/983 2192/580/983 2194/580/983
f 2196/580/984 2200/580/984 2201/580/984 2204/580/984
f 2197/580/985 2202/580/985 2201/580/985 2200/580/985
f 2198/580/986 2203/580/986 2201/580/986 2202/580/986
f 2199/580/987 2204/580/987 2201/580/987 2203/580/987
f 2205/580/988 2209/580/988 2210/580/988 2213/580/988
f 2206/580/989 2211/580/989 2210/580/989 2209/580/989
f 2207/580/990 2212/580/990 2210/580/990 2211/580/990
f 2208/580/991 2213/580/991 2210/580/991 2212/580/991
f 2214/580/992 2218/580/992 2219/580/992 2222/580/992
f 2215/580/993 2220/580/993 2219/580/993 2218/580/993
f 2216/580/994 2221/580/994 2219/580/994 2220/580/994
f 2217/580/995 2222/580/995 2219/580/995 2221/580/995
f 2223/580/996 2227/580/996 2228/580/996 2231/580/996
f 2224/580/997 2229/580/997 2228/580/997 2227/580/997
f 2225/580/998 2230/580/998 2228/580/998 2229/580/998
f 2226/580/999 2231/580/999 2228/580/999 2230/580/999
f 2232/580/1000 2236/580/1000 2237/580/1000 2240/580/1000
f 2233/580/1001 2238/580/1001 2237/580/1001 2236/580/1001
f 2234/580/1002 2239/580/1002 2237/580/1002 2238/580/1002
f 2235/580/1003 2240/580/1003 2237/580/1003 2239/580/1003
f 2241/580/1004 2244/580/1004 2245/580/1004 2247/580/1004
f 2242/580/1005 2246/580/1005 2245/580/1005 2244/580/1005
f 2243/580/1006 2247/580/1006 2245/580/1006 2246/580/1006
f 2248/580/1007 2251/580/1007 2252/580/1007 2254/580/1007
f 2249/580/1008 2253/580/1008 2252/580/1008 2251/580/1008
f 2250/580/1009 2254/580/1009 2252/580/1009 2253/580/1009
f 2255/580/1010 2258/580/1010 2259/580/1010 2261/580/1010
f 2256/580/1011 2260/580/1011 2259/580/1011 2258/580/1011
f 2257/580/1012 2261/580/1012 2259/580/1012 2260/580/1012
f 2262/580/1013 2265/580/1013 2266/580/1013 2268/580/1013
f 2263/580/1014 2267/580/1014 2266/580/1014 2265/580/1014
f 2264/580/1015 2268/580/1015 2266/580/1015 2267/580/1015
f 2269/580/1016 2272/580/1016 2273/580/1016 2275/580/1016
f 2270/580/1017 2274/580/1017 2273/580/1017 2272/580/1017
f 2271/580/1018 2275/580/1018 2273/580/1018 2274/580/1018
f 2276/580/1019 2279/580/1019 2280/580/1019 2282/580/1019
f 2277/580/1020 2281/580/1020 2280/580/1020 2279/580/1020
f 2278/580/1021 2282/580/1021 2280/580/1021 2281/580/1021
f 2283/580/1022 2286/580/1022 2287/580/1022 2289/580/1022
f 2284/580/1023 2288/580/1023 2287/580/1023 2286/580/1023
f 2285/580/1024 2289/580/1024 2287/580/1024 2288/580/1024
f 2290/580/1025 2293/580/1025 2294/580/1025 2296/580/1025
f 2291/580/1026 2295/580/1026 2294/580/1026 2293/580/1026
f 2292/580/1027 2296/580/1027 2294/580/1027 2295/580/1027
f 2297/580/1028 2300/580/1028 2301/580/1028 2303/580/1028
f 2298/580/1029 2302/580/1029 2301/580/1029 2300/580/1029
f 2299/580/1030 2303/580/1030 2301/580/1030 2302/580/1030
f 2304/580/1031 2307/580/1031 2308/580/1031 2310/580/1031
f 2305/580/1032 2309/580/1032 2308/580/1032 2307/580/1032
f 2306/580/1033 2310/580/1033 2308/580/1033 2309/580/1033
f 2311/580/1034 2314/580/1034 2315/580/1034 2317/580/1034
f 2312/580/1035 2316/580/1035 2315/580/1035 2314/580/1035
f 2313/580/1036 2317/580/1036 2315/580/1036 2316/580/1036
f 2318/580/1037 2321/580/1037 2322/580/1037 2324/580/1037
f 2319/580/1038 2323/580/1038 2322/580/1038 2321/580/1038
f 2320/580/1039 2324/580/1039 2322/580/1039 2323/580/1039
f 2403/580/1040 2406/580/1040 2407/580/1040 2409/580/1040
f 2404/580/1041 2408/580/1041 2407/580/1041 2406/580/1041
f 2405/580/1042 2409/580/1042 2407/580/1042 2408/580/1042
f 2410/580/1043 2413/580/1043 2414/580/1043 2416/580/1043
f 2411/580/1044 2415/580/1044 2414/580/1044 2413/580/1044
f 2412/580/1045 2416/580/1045 2414/580/1045 2415/580/1045
f 2417/580/1046 2420/580/1046 2421/580/1046 2423/580/1046
f 2418/580/1047 2422/580/1047 2421/580/1047 2420/580/1047
f 2419/580/1048 2423/580/1048 2421/580/1048 2422/580/1048
f 2424/580/1049 2427/580/1049 2428/580/1049 2430/580/1049
f 2425/580/1050 2429/580/1050 2428/580/1050 2427/580/1050
f 2426/580/1051 2430/580/1051 2428/580/1051 2429/580/1051
f 2431/580/1052 2434/580/1052 2435/580/1052 2437/580/1052
f 2432/580/1053 2436/580/1053 2435/580/1053 2434/580/1053
f 2433/580/1054 2437/580/1054 2435/580/1054 2436/580/1054
f 2438/580/1055 2441/580/1055 2442/580/1055 2444/580/1055
f 2439/580/1056 2443/580/1056 2442/580/1056 2441/580/1056
f 2440/580/1057 2444/580/1057 2442/580/1057 2443/580/1057
f 2445/580/1058 2448/580/1058 2449/580/1058 2451/580/1058
f 2446/580/1059 2450/580/1059 2449/580/1059 2448/580/1059
f 2447/580/1060 2451/580/1060 2449/580/1060 2450/580/1060
f 2452/580/1061 2455/580/1061 2456/580/1061 2458/580/1061
f 2453/580/1062 2457/580/1062 2456/580/1062 2455/580/1062
f 2454/580/1063 2458/580/1063 2456/580/1063 2457/580/1063
f 2459/580/1064 2462/580/1064 2463/580/1064 2465/580/1064
f 2460/580/1065 2464/580/1065 2463/580/1065 2462/580/1065
f 2461/580/1066 2465/580/1066 2463/580/1066 2464/580/1066
f 2466/580/1067 2469/580/1067 2470/580/1067 2472/580/1067
f 2467/580/1068 2471/580/1068 2470/580/1068 2469/580/1068
f 2468/580/1069 2472/580/1069 2470/580/1069 2471/580/1069
f 640/580/654 606/580/654 609/580/654 645/580/654
f 645/580/654 609/580/654 605/580/654 637/580/654
f 596/580/654 628/580/654 636/580/654 600/580/654
f 600/580/654 636/580/654 631/580/654 597/580/654
f 701/580/1070 660/580/1070 668/580/1070 705/580/1070
f 705/580/1070 668/580/1070 663/580/1070 702/580/1070
f 672/580/654 693/580/654 696/580/654 677/580/654
f 677/580/654 696/580/654 692/580/654 669/580/654
f 738/580/654 756/580/654 764/580/654 742/580/654
f 742/580/654 764/580/654 759/580/654 739/580/654
f 765/580/654 747/580/654 755/580/654 769/580/654
f 769/580/654 755/580/654 750/580/654 766/580/654
f 902/580/1071 907/580/1071 913/580/1071 906/580/1071
f 906/580/1071 913/580/1071 909/580/1071 900/580/1071
f 860/580/1072 865/580/1072 871/580/1072 864/580/1072
f 864/580/1072 871/580/1072 867/580/1072 858/580/1072
f 846/580/1073 851/580/1073 857/580/1073 850/580/1073
f 850/580/1073 857/580/1073 853/580/1073 844/580/1073
f 874/580/1074 879/580/1074 885/580/1074 878/580/1074
f 878/580/1074 885/580/1074 881/580/1074 872/580/1074
f 940/580/1075 945/580/1075 951/580/1075 944/580/1075
f 944/580/1075 951/580/1075 947/580/1075 938/580/1075
f 888/580/1076 893/580/1076 899/580/1076 892/580/1076
f 892/580/1076 899/580/1076 895/580/1076 886/580/1076
f 818/580/1077 823/580/1077 829/580/1077 822/580/1077
f 822/580/1077 829/580/1077 825/580/1077 816/580/1077
f 916/580/1078 921/580/1078 927/580/1078 920/580/1078
f 920/580/1078 927/580/1078 923/580/1078 914/580/1078
f 832/580/1079 837/580/1079 843/580/1079 836/580/1079
f 836/580/1079 843/580/1079 839/580/1079 830/580/1079
f 930/580/1080 935/580/1080 937/580/1080 934/580/1080
f 934/580/1080 937/580/1080 936/580/1080 928/580/1080
f 804/580/1081 809/580/1081 815/580/1081 808/580/1081
f 808/580/1081 815/580/1081 811/580/1081 802/580/1081
f 790/580/1082 795/580/1082 801/580/1082 794/580/1082
f 794/580/1082 801/580/1082 797/580/1082 788/580/1082
f 852/580/1083 711/580/1083 713/580/1083 856/580/1083
f 856/580/1083 713/580/1083 710/580/1083 853/580/1083
f 894/580/1084 662/580/1084 666/580/1084 898/580/1084
f 898/580/1084 666/580/1084 661/580/1084 895/580/1084
f 687/580/1085 887/580/1085 889/580/1085 691/580/1085
f 691/580/1085 889/580/1085 886/580/1085 685/580/1085
f 703/580/1086 845/580/1086 847/580/1086 708/580/1086
f 708/580/1086 847/580/1086 844/580/1086 704/580/1086
f 598/580/1087 789/580/1087 791/580/1087 603/580/1087
f 603/580/1087 791/580/1087 788/580/1087 599/580/1087
f 796/580/1088 622/580/1088 624/580/1088 800/580/1088
f 800/580/1088 624/580/1088 621/580/1088 797/580/1088
f 655/580/1089 831/580/1089 833/580/1089 659/580/1089
f 659/580/1089 833/580/1089 830/580/1089 653/580/1089
f 838/580/1090 630/580/1090 634/580/1090 842/580/1090
f 842/580/1090 634/580/1090 629/580/1090 839/580/1090
f 803/580/1091 615/580/1091 617/580/1091 807/580/1091
f 807/580/1091 617/580/1091 614/580/1091 804/580/1091
f 607/580/1092 810/580/1092 812/580/1092 612/580/1092
f 612/580/1093 812/580/1093 809/580/1093 608/580/1093
f 767/580/1094 929/580/1094 931/580/1094 772/580/1094
f 772/580/1094 931/580/1094 928/580/1094 768/580/1094
f 935/580/1095 725/580/1095 727/580/1095 937/580/1095
f 937/580/1095 727/580/1095 724/580/1095 936/580/1095
f 638/580/1096 818/580/1096 821/580/1096 643/580/1096
f 643/580/1097 821/580/1097 817/580/1097 639/580/1097
f 922/580/1098 749/580/1098 753/580/1098 926/580/1098
f 926/580/1099 753/580/1099 748/580/1099 923/580/1099
f 648/580/1100 824/580/1100 826/580/1100 652/580/1100
f 652/580/1100 826/580/1100 823/580/1100 646/580/1100
f 776/580/1101 915/580/1101 917/580/1101 780/580/1101
f 780/580/1101 917/580/1101 914/580/1101 774/580/1101
f 859/580/1102 718/580/1102 720/580/1102 863/580/1102
f 863/580/1102 720/580/1102 717/580/1102 860/580/1102
f 694/580/1103 866/580/1103 868/580/1103 699/580/1103
f 699/580/1103 868/580/1103 865/580/1103 695/580/1103
f 740/580/1104 901/580/1104 903/580/1104 745/580/1104
f 745/580/1104 903/580/1104 900/580/1104 741/580/1104
f 908/580/1105 782/580/1105 784/580/1105 912/580/1105
f 912/580/1105 784/580/1105 781/580/1105 909/580/1105
f 670/580/1106 874/580/1106 877/580/1106 675/580/1106
f 675/580/1106 877/580/1106 873/580/1106 671/580/1106
f 946/580/1107 758/580/1107 762/580/1107 950/580/1107
f 950/580/1107 762/580/1107 757/580/1107 947/580/1107
f 680/580/1108 880/580/1108 882/580/1108 684/580/1108
f 684/580/1108 882/580/1108 879/580/1108 678/580/1108
f 733/580/1109 939/580/1109 941/580/1109 737/580/1109
f 737/580/1109 941/580/1109 938/580/1109 731/580/1109
f 993/580/673 959/580/673 965/580/673 997/580/673
f 997/580/1110 965/580/1110 961/580/1110 991/580/1110
f 954/580/673 984/580/673 990/580/673 958/580/673
f 958/580/673 990/580/673 986/580/673 952/580/673
f 1057/580/1111 1016/580/1111 1022/580/1111 1061/580/1111
f 1061/580/1112 1022/580/1112 1018/580/1112 1055/580/1112
f 1025/580/672 1048/580/672 1054/580/672 1029/580/672
f 1029/580/672 1054/580/672 1050/580/672 1023/580/672
f 1100/580/672 1112/580/672 1118/580/672 1104/580/672
f 1104/580/672 1118/580/672 1114/580/672 1098/580/672
f 1121/580/1113 1105/580/1113 1111/580/1113 1125/580/1113
f 1125/580/1113 1111/580/1113 1107/580/1113 1119/580/1113
f 1258/580/672 1263/580/672 1269/580/672 1262/580/672
f 1262/580/672 1269/580/672 1265/580/672 1256/580/672
f 1216/580/672 1221/580/672 1227/580/672 1220/580/672
f 1220/580/672 1227/580/672 1223/580/672 1214/580/672
f 1202/580/1114 1207/580/1114 1213/580/1114 1206/580/1114
f 1206/580/1114 1213/580/1114 1209/580/1114 1200/580/1114
f 1230/580/672 1235/580/672 1241/580/672 1234/580/672
f 1234/580/672 1241/580/672 1237/580/672 1228/580/672
f 1296/580/672 1301/580/672 1307/580/672 1300/580/672
f 1300/580/672 1307/580/672 1303/580/672 1294/580/672
f 1244/580/1115 1249/580/1115 1255/580/1115 1248/580/1115
f 1248/580/1115 1255/580/1115 1251/580/1115 1242/580/1115
f 1174/580/673 1179/580/673 1185/580/673 1178/580/673
f 1178/580/673 1185/580/673 1181/580/673 1172/580/673
f 1272/580/673 1277/580/673 1283/580/673 1276/580/673
f 1276/580/673 1283/580/673 1279/580/673 1270/580/673
f 1188/580/673 1193/580/673 1199/580/673 1192/580/673
f 1192/580/673 1199/580/673 1195/580/673 1186/580/673
f 1286/580/1116 1291/580/1116 1293/580/1116 1290/580/1116
f 1290/580/1117 1293/580/1117 1292/580/1117 1284/580/1117
f 1160/580/673 1165/580/673 1171/580/673 1164/580/673
f 1164/580/673 1171/580/673 1167/580/673 1158/580/673
f 1146/580/673 1151/580/673 1157/580/673 1150/580/673
f 1150/580/673 1157/580/673 1153/580/673 1144/580/673
f 1207/580/1118 1062/580/1118 1070/580/1118 1210/580/1118
f 1210/580/1118 1070/580/1118 1065/580/1118 1208/580/1118
f 1249/580/1119 1018/580/1119 1021/580/1119 1252/580/1119
f 1252/580/1119 1021/580/1119 1017/580/1119 1250/580/1119
f 1039/580/1120 1244/580/1120 1247/580/1120 1043/580/1120
f 1043/580/1120 1247/580/1120 1243/580/1120 1040/580/1120
f 1055/580/1121 1202/580/1121 1205/580/1121 1058/580/1121
f 1058/580/1121 1205/580/1121 1201/580/1121 1056/580/1121
f 952/580/673 1146/580/673 1149/580/673 955/580/673
f 955/580/673 1149/580/673 1145/580/673 953/580/673
f 1151/580/673 975/580/673 983/580/673 1154/580/673
f 1154/580/673 983/580/673 978/580/673 1152/580/673
f 1007/580/673 1188/580/673 1191/580/673 1011/580/673
f 1011/580/673 1191/580/673 1187/580/673 1008/580/673
f 1193/580/673 986/580/673 989/580/673 1196/580/673
f 1196/580/673 989/580/673 985/580/673 1194/580/673
f 1158/580/673 966/580/673 974/580/673 1161/580/673
f 1161/580/673 974/580/673 969/580/673 1159/580/673
f 959/580/673 1167/580/673 1170/580/673 962/580/673
f 962/580/673 1170/580/673 1166/580/673 960/580/673
f 1119/580/673 1286/580/673 1289/580/673 1122/580/673
f 1122/580/673 1289/580/673 1285/580/673 1120/580/673
f 1291/580/1122 1080/580/1122 1088/580/1122 1293/580/1122
f 1293/580/1123 1088/580/1123 1083/580/1123 1292/580/1123
f 992/580/673 1173/580/673 1175/580/673 996/580/673
f 996/580/673 1175/580/673 1172/580/673 993/580/673
f 1277/580/673 1107/580/673 1110/580/673 1280/580/673
f 1280/580/673 1110/580/673 1106/580/673 1278/580/673
f 998/580/673 1181/580/673 1184/580/673 1002/580/673
f 1002/580/673 1184/580/673 1180/580/673 999/580/673
f 1126/580/673 1272/580/673 1275/580/673 1130/580/673
f 1130/580/673 1275/580/673 1271/580/673 1127/580/673
f 1214/580/672 1071/580/672 1079/580/672 1217/580/672
f 1217/580/672 1079/580/672 1074/580/672 1215/580/672
f 1048/580/672 1223/580/672 1226/580/672 1051/580/672
f 1051/580/672 1226/580/672 1222/580/672 1049/580/672
f 1098/580/672 1258/580/672 1261/580/672 1101/580/672
f 1101/580/672 1261/580/672 1257/580/672 1099/580/672
f 1263/580/672 1135/580/672 1143/580/672 1266/580/672
f 1266/580/672 1143/580/672 1138/580/672 1264/580/672
f 1024/580/672 1229/580/672 1231/580/672 1028/580/672
f 1028/580/672 1231/580/672 1228/580/672 1025/580/672
f 1301/580/672 1114/580/672 1117/580/672 1304/580/672
f 1304/580/672 1117/580/672 1113/580/672 1302/580/672
f 1030/580/672 1237/580/672 1240/580/672 1034/580/672
f 1034/580/672 1240/580/672 1236/580/672 1031/580/672
f 1089/580/672 1296/580/672 1299/580/672 1093/580/672
f 1093/580/672 1299/580/672 1295/580/672 1090/580/672
f 866/580/591 1222/580/591 1224/580/591 870/580/591
f 870/580/591 1224/580/591 1221/580/591 867/580/591
f 1049/580/591 694/580/591 698/580/591 1053/580/591
f 1053/580/591 698/580/591 693/580/591 1050/580/591
f 789/580/591 1145/580/591 1147/580/591 793/580/591
f 793/580/591 1147/580/591 1144/580/591 790/580/591
f 953/580/591 598/580/591 602/580/591 957/580/591
f 957/580/591 602/580/591 597/580/591 954/580/591
f 880/580/591 1236/580/591 1238/580/591 884/580/591
f 884/580/591 1238/580/591 1235/580/591 881/580/591
f 1229/580/591 873/580/591 875/580/591 1233/580/591
f 1233/580/591 875/580/591 872/580/591 1230/580/591
f 901/580/591 1257/580/591 1259/580/591 905/580/591
f 905/580/591 1259/580/591 1256/580/591 902/580/591
f 1099/580/591 740/580/591 744/580/591 1103/580/591
f 1103/580/591 744/580/591 739/580/591 1100/580/591
f 622/580/591 978/580/591 982/580/591 626/580/591
f 626/580/591 982/580/591 977/580/591 623/580/591
f 1152/580/591 796/580/591 798/580/591 1156/580/591
f 1156/580/591 798/580/591 795/580/591 1153/580/591
f 945/580/591 1303/580/591 1306/580/591 948/580/591
f 948/580/591 1306/580/591 1302/580/591 946/580/591
f 1294/580/591 940/580/591 943/580/591 1297/580/591
f 1297/580/591 943/580/591 939/580/591 1295/580/591
f 782/580/591 1138/580/591 1142/580/591 786/580/591
f 786/580/591 1142/580/591 1137/580/591 783/580/591
f 1264/580/591 908/580/591 910/580/591 1268/580/591
f 1268/580/591 910/580/591 907/580/591 1265/580/591
f 831/580/591 1187/580/591 1189/580/591 835/580/591
f 835/580/591 1189/580/591 1186/580/591 832/580/591
f 1008/580/591 655/580/591 658/580/591 1013/580/591
f 1013/580/591 658/580/591 654/580/591 1009/580/591
f 893/580/591 1251/580/591 1254/580/591 896/580/591
f 896/580/591 1254/580/591 1250/580/591 894/580/591
f 1242/580/591 888/580/591 891/580/591 1245/580/591
f 1245/580/591 891/580/591 887/580/591 1243/580/591
f 1023/580/591 672/580/591 676/580/591 1026/580/591
f 1026/580/591 676/580/591 671/580/591 1024/580/591
f 630/580/591 985/580/591 987/580/591 635/580/591
f 635/580/591 987/580/591 984/580/591 631/580/591
f 1194/580/591 838/580/591 840/580/591 1198/580/591
f 1198/580/591 840/580/591 837/580/591 1195/580/591
f 824/580/591 1180/580/591 1182/580/591 828/580/591
f 828/580/591 1182/580/591 1179/580/591 825/580/591
f 1173/580/591 817/580/591 819/580/591 1177/580/591
f 1177/580/591 819/580/591 816/580/591 1174/580/591
f 758/580/591 1113/580/591 1115/580/591 763/580/591
f 763/580/591 1115/580/591 1112/580/591 759/580/591
f 615/580/591 969/580/591 973/580/591 619/580/591
f 619/580/591 973/580/591 968/580/591 616/580/591
f 1159/580/591 803/580/591 805/580/591 1163/580/591
f 1163/580/591 805/580/591 802/580/591 1160/580/591
f 921/580/591 1279/580/591 1282/580/591 924/580/591
f 924/580/591 1282/580/591 1278/580/591 922/580/591
f 1270/580/591 916/580/591 919/580/591 1273/580/591
f 1273/580/591 919/580/591 915/580/591 1271/580/591
f 1031/580/591 680/580/591 683/580/591 1036/580/591
f 1036/580/591 683/580/591 679/580/591 1032/580/591
f 606/580/591 961/580/591 964/580/591 611/580/591
f 611/580/591 964/580/591 960/580/591 607/580/591
f 991/580/591 640/580/591 644/580/591 994/580/591
f 994/580/591 644/580/591 639/580/591 992/580/591
f 810/580/591 1166/580/591 1168/580/591 814/580/591
f 814/580/591 1168/580/591 1165/580/591 811/580/591
f 1090/580/591 733/580/591 736/580/591 1095/580/591
f 1095/580/591 736/580/591 732/580/591 1091/580/591
f 929/580/591 1285/580/591 1287/580/591 933/580/591
f 933/580/591 1287/580/591 1284/580/591 930/580/591
f 1120/580/591 767/580/591 771/580/591 1124/580/591
f 1124/580/591 771/580/591 766/580/591 1121/580/591
f 662/580/591 1017/580/591 1019/580/591 667/580/591
f 667/580/591 1019/580/591 1016/580/591 663/580/591
f 1056/580/591 703/580/591 707/580/591 1060/580/591
f 1060/580/591 707/580/591 702/580/591 1057/580/591
f 725/580/591 1083/580/591 1087/580/591 729/580/591
f 729/580/591 1087/580/591 1082/580/591 726/580/591
f 749/580/591 1106/580/591 1108/580/591 754/580/591
f 754/580/591 1108/580/591 1105/580/591 750/580/591
f 711/580/591 1065/580/591 1069/580/591 715/580/591
f 715/580/591 1069/580/591 1064/580/591 712/580/591
f 1208/580/591 852/580/591 854/580/591 1212/580/591
f 1212/580/591 854/580/591 851/580/591 1209/580/591
f 999/580/591 648/580/591 651/580/591 1004/580/591
f 1004/580/591 651/580/591 647/580/591 1000/580/591
f 1127/580/591 776/580/591 779/580/591 1132/580/591
f 1132/580/591 779/580/591 775/580/591 1128/580/591
f 1040/580/591 687/580/591 690/580/591 1045/580/591
f 1045/580/591 690/580/591 686/580/591 1041/580/591
f 1215/580/591 859/580/591 861/580/591 1219/580/591
f 1219/580/591 861/580/591 858/580/591 1216/580/591
f 718/580/591 1074/580/591 1078/580/591 722/580/591
f 722/580/591 1078/580/591 1073/580/591 719/580/591
f 845/580/591 1201/580/591 1203/580/591 849/580/591
f 849/580/591 1203/580/591 1200/580/591 846/580/591
f 1343/580/1124 1315/580/1124 1321/580/1124 1346/580/1124
f 1346/580/1125 1321/580/1125 1317/580/1125 1344/580/1125
f 1310/580/1126 1337/580/1126 1339/580/1126 1314/580/1126
f 1314/580/1127 1339/580/1127 1336/580/1127 1308/580/1127
f 1397/580/1128 1365/580/1128 1367/580/1128 1401/580/1128
f 1401/580/1129 1367/580/1129 1364/580/1129 1395/580/1129
f 1371/580/1130 1388/580/1130 1394/580/1130 1374/580/1130
f 1374/580/1131 1394/580/1131 1390/580/1131 1372/580/1131
f 1428/580/1132 1441/580/1132 1443/580/1132 1432/580/1132
f 1432/580/1133 1443/580/1133 1440/580/1133 1426/580/1133
f 1449/580/1134 1434/580/1134 1436/580/1134 1453/580/1134
f 1453/580/1135 1436/580/1135 1433/580/1135 1447/580/1135
f 1517/580/1136 1519/580/1136 1521/580/1136 1518/580/1136
f 1518/580/1137 1521/580/1137 1520/580/1137 1516/580/1137
f 1499/580/1138 1501/580/1138 1503/580/1138 1500/580/1138
f 1500/580/1139 1503/580/1139 1502/580/1139 1498/580/1139
f 1493/580/1140 1495/580/1140 1497/580/1140 1494/580/1140
f 1494/580/1141 1497/580/1141 1496/580/1141 1492/580/1141
f 1505/580/1142 1507/580/1142 1509/580/1142 1506/580/1142
f 1506/580/1143 1509/580/1143 1508/580/1143 1504/580/1143
f 1535/580/1144 1537/580/1144 1539/580/1144 1536/580/1144
f 1536/580/1145 1539/580/1145 1538/580/1145 1534/580/1145
f 1511/580/1146 1513/580/1146 1515/580/1146 1512/580/1146
f 1512/580/1147 1515/580/1147 1514/580/1147 1510/580/1147
f 1481/580/1148 1483/580/1148 1485/580/1148 1482/580/1148
f 1482/580/1149 1485/580/1149 1484/580/1149 1480/580/1149
f 1523/580/1150 1525/580/1150 1527/580/1150 1524/580/1150
f 1524/580/1151 1527/580/1151 1526/580/1151 1522/580/1151
f 1487/580/1152 1489/580/1152 1491/580/1152 1488/580/1152
f 1488/580/1153 1491/580/1153 1490/580/1153 1486/580/1153
f 1529/580/1154 1531/580/1154 1533/580/1154 1530/580/1154
f 1530/580/1155 1533/580/1155 1532/580/1155 1528/580/1155
f 1475/580/1156 1477/580/1156 1479/580/1156 1476/580/1156
f 1476/580/1157 1479/580/1157 1478/580/1157 1474/580/1157
f 1469/580/1158 1471/580/1158 1473/580/1158 1470/580/1158
f 1470/580/1159 1473/580/1159 1472/580/1159 1468/580/1159
f 1495/580/1160 1402/580/1160 1404/580/1160 1497/580/1160
f 1497/580/1161 1404/580/1161 1403/580/1161 1496/580/1161
f 1513/580/1162 1366/580/1162 1369/580/1162 1515/580/1162
f 1515/580/1163 1369/580/1163 1365/580/1163 1514/580/1163
f 1386/580/1164 1511/580/1164 1512/580/1164 1387/580/1164
f 1387/580/1165 1512/580/1165 1510/580/1165 1385/580/1165
f 1396/580/1166 1493/580/1166 1494/580/1166 1400/580/1166
f 1400/580/1167 1494/580/1167 1492/580/1167 1397/580/1167
f 1309/580/1168 1469/580/1168 1470/580/1168 1313/580/1168
f 1313/580/1169 1470/580/1169 1468/580/1169 1310/580/1169
f 1471/580/1170 1329/580/1170 1335/580/1170 1473/580/1170
f 1473/580/1171 1335/580/1171 1331/580/1171 1472/580/1171
f 1357/580/1172 1487/580/1172 1488/580/1172 1360/580/1172
f 1360/580/1173 1488/580/1173 1486/580/1173 1358/580/1173
f 1489/580/1174 1338/580/1174 1341/580/1174 1491/580/1174
f 1491/580/1175 1341/580/1175 1337/580/1175 1490/580/1175
f 1474/580/1176 1322/580/1176 1328/580/1176 1476/580/1176
f 1476/580/1177 1328/580/1177 1324/580/1177 1475/580/1177
f 1316/580/1178 1478/580/1178 1479/580/1178 1320/580/1178
f 1320/580/1179 1479/580/1179 1477/580/1179 1317/580/1179
f 1448/580/1180 1529/580/1180 1530/580/1180 1452/580/1180
f 1452/580/1181 1530/580/1181 1528/580/1181 1449/580/1181
f 1531/580/1182 1412/580/1182 1418/580/1182 1533/580/1182
f 1533/580/1183 1418/580/1183 1414/580/1183 1532/580/1183
f 1344/580/1184 1481/580/1184 1482/580/1184 1348/580/1184
f 1348/580/1185 1482/580/1185 1480/580/1185 1345/580/1185
f 1525/580/1186 1435/580/1186 1438/580/1186 1527/580/1186
f 1527/580/1187 1438/580/1187 1434/580/1187 1526/580/1187
f 1350/580/1188 1484/580/1188 1485/580/1188 1353/580/1188
f 1353/580/1189 1485/580/1189 1483/580/1189 1351/580/1189
f 1454/580/1190 1523/580/1190 1524/580/1190 1457/580/1190
f 1457/580/1191 1524/580/1191 1522/580/1191 1455/580/1191
f 1498/580/1192 1405/580/1192 1411/580/1192 1500/580/1192
f 1500/580/1193 1411/580/1193 1407/580/1193 1499/580/1193
f 1389/580/1194 1502/580/1194 1503/580/1194 1393/580/1194
f 1393/580/1195 1503/580/1195 1501/580/1195 1390/580/1195
f 1427/580/1196 1517/580/1196 1518/580/1196 1431/580/1196
f 1431/580/1197 1518/580/1197 1516/580/1197 1428/580/1197
f 1519/580/1198 1461/580/1198 1467/580/1198 1521/580/1198
f 1521/580/1199 1467/580/1199 1463/580/1199 1520/580/1199
f 1372/580/1200 1505/580/1200 1506/580/1200 1376/580/1200
f 1376/580/1201 1506/580/1201 1504/580/1201 1373/580/1201
f 1537/580/1202 1442/580/1202 1445/580/1202 1539/580/1202
f 1539/580/1203 1445/580/1203 1441/580/1203 1538/580/1203
f 1378/580/1204 1508/580/1204 1509/580/1204 1381/580/1204
f 1381/580/1205 1509/580/1205 1507/580/1205 1379/580/1205
f 1419/580/1206 1535/580/1206 1536/580/1206 1422/580/1206
f 1422/580/1207 1536/580/1207 1534/580/1207 1420/580/1207
f 1385/580/1208 1039/580/1208 1047/580/1208 1387/580/1208
f 1387/580/1209 1047/580/1209 1042/580/1209 1386/580/1209
f 1071/580/1210 1407/580/1210 1410/580/1210 1075/580/1210
f 1075/580/1211 1410/580/1211 1406/580/1211 1072/580/1211
f 975/580/1212 1331/580/1212 1334/580/1212 979/580/1212
f 979/580/1213 1334/580/1213 1330/580/1213 976/580/1213
f 1135/580/1214 1463/580/1214 1466/580/1214 1139/580/1214
f 1139/580/1215 1466/580/1215 1462/580/1215 1136/580/1215
f 1358/580/1216 1007/580/1216 1015/580/1216 1362/580/1216
f 1362/580/1217 1015/580/1217 1010/580/1217 1359/580/1217
f 966/580/1218 1324/580/1218 1327/580/1218 970/580/1218
f 970/580/1219 1327/580/1219 1323/580/1219 967/580/1219
f 1379/580/1220 1030/580/1220 1038/580/1220 1383/580/1220
f 1383/580/1221 1038/580/1221 1033/580/1221 1380/580/1221
f 1420/580/1222 1089/580/1222 1097/580/1222 1424/580/1222
f 1424/580/1223 1097/580/1223 1092/580/1223 1421/580/1223
f 1080/580/1224 1414/580/1224 1417/580/1224 1084/580/1224
f 1084/580/1225 1417/580/1225 1413/580/1225 1081/580/1225
f 1062/580/1226 1403/580/1226 1404/580/1226 1066/580/1226
f 1066/580/1227 1404/580/1227 1402/580/1227 1063/580/1227
f 1351/580/1228 998/580/1228 1006/580/1228 1355/580/1228
f 1355/580/1229 1006/580/1229 1001/580/1229 1352/580/1229
f 1455/580/1230 1126/580/1230 1134/580/1230 1459/580/1230
f 1459/580/1231 1134/580/1231 1129/580/1231 1456/580/1231
f 1540/580/654 1549/580/654 1557/580/654 1544/580/654
f 1544/580/654 1557/580/654 1552/580/654 1541/580/654
f 1561/580/654 1568/580/654 1571/580/654 1566/580/654
f 1566/580/654 1571/580/654 1567/580/654 1558/580/654
f 1579/580/1070 1586/580/1070 1589/580/1070 1584/580/1070
f 1584/580/1070 1589/580/1070 1585/580/1070 1576/580/1070
f 1594/580/654 1603/580/654 1611/580/654 1598/580/654
f 1598/580/654 1611/580/654 1606/580/654 1595/580/654
f 1615/580/654 1622/580/654 1625/580/654 1620/580/654
f 1620/580/654 1625/580/654 1621/580/654 1612/580/654
f 1633/580/654 1640/580/654 1643/580/654 1638/580/654
f 1638/580/654 1643/580/654 1639/580/654 1630/580/654
f 1650/580/1071 1655/580/1071 1661/580/1071 1654/580/1071
f 1654/580/1071 1661/580/1071 1657/580/1071 1648/580/1071
f 1664/580/1072 1669/580/1072 1675/580/1072 1668/580/1072
f 1668/580/1072 1675/580/1072 1671/580/1072 1662/580/1072
f 1678/580/1073 1683/580/1073 1689/580/1073 1682/580/1073
f 1682/580/1073 1689/580/1073 1685/580/1073 1676/580/1073
f 1692/580/1074 1697/580/1074 1703/580/1074 1696/580/1074
f 1696/580/1074 1703/580/1074 1699/580/1074 1690/580/1074
f 1706/580/1075 1711/580/1075 1717/580/1075 1710/580/1075
f 1710/580/1075 1717/580/1075 1713/580/1075 1704/580/1075
f 1720/580/1076 1725/580/1076 1731/580/1076 1724/580/1076
f 1724/580/1076 1731/580/1076 1727/580/1076 1718/580/1076
f 1734/580/1077 1739/580/1077 1745/580/1077 1738/580/1077
f 1738/580/1077 1745/580/1077 1741/580/1077 1732/580/1077
f 1748/580/1078 1753/580/1078 1759/580/1078 1752/580/1078
f 1752/580/1078 1759/580/1078 1755/580/1078 1746/580/1078
f 1762/580/1079 1767/580/1079 1773/580/1079 1766/580/1079
f 1766/580/1079 1773/580/1079 1769/580/1079 1760/580/1079
f 1779/580/1081 1784/580/1081 1790/580/1081 1783/580/1081
f 1783/580/1081 1790/580/1081 1786/580/1081 1777/580/1081
f 1793/580/1082 1798/580/1082 1804/580/1082 1797/580/1082
f 1797/580/1082 1804/580/1082 1800/580/1082 1791/580/1082
f 1683/580/1083 1805/580/1083 1811/580/1083 1686/580/1083
f 1686/580/1083 1811/580/1083 1807/580/1083 1684/580/1083
f 1725/580/1084 1588/580/1084 1592/580/1084 1728/580/1084
f 1728/580/1084 1592/580/1084 1587/580/1084 1726/580/1084
f 1812/580/1085 1720/580/1085 1723/580/1085 1815/580/1085
f 1815/580/1232 1723/580/1232 1719/580/1232 1813/580/1232
f 1577/580/1086 1678/580/1086 1681/580/1086 1582/580/1086
f 1582/580/1086 1681/580/1086 1677/580/1086 1578/580/1086
f 1559/580/1087 1793/580/1087 1796/580/1087 1564/580/1087
f 1564/580/1087 1796/580/1087 1792/580/1087 1560/580/1087
f 1798/580/1088 1819/580/1088 1825/580/1088 1801/580/1088
f 1801/580/1088 1825/580/1088 1821/580/1088 1799/580/1088
f 1826/580/1089 1762/580/1089 1765/580/1089 1829/580/1089
f 1829/580/1089 1765/580/1089 1761/580/1089 1827/580/1089
f 1767/580/1090 1570/580/1090 1574/580/1090 1770/580/1090
f 1770/580/1090 1574/580/1090 1569/580/1090 1768/580/1090
f 1777/580/1091 1833/580/1091 1839/580/1091 1780/580/1091
f 1780/580/1091 1839/580/1091 1835/580/1091 1778/580/1091
f 1550/580/1093 1786/580/1093 1789/580/1093 1555/580/1093
f 1555/580/1092 1789/580/1092 1785/580/1092 1551/580/1092
f 1631/580/1094 1774/580/1094 1776/580/1094 1636/580/1094
f 1636/580/1094 1776/580/1094 1775/580/1094 1632/580/1094
f 1542/580/1097 1733/580/1097 1735/580/1097 1547/580/1097
f 1547/580/1096 1735/580/1096 1732/580/1096 1543/580/1096
f 1753/580/1098 1642/580/1098 1646/580/1098 1756/580/1098
f 1756/580/1098 1646/580/1098 1641/580/1098 1754/580/1098
f 1843/580/1100 1741/580/1100 1744/580/1100 1846/580/1100
f 1846/580/1100 1744/580/1100 1740/580/1100 1844/580/1100
f 1850/580/1101 1748/580/1101 1751/580/1101 1853/580/1101
f 1853/580/1101 1751/580/1101 1747/580/1101 1851/580/1101
f 1662/580/1102 1857/580/1102 1863/580/1102 1665/580/1102
f 1665/580/1102 1863/580/1102 1859/580/1102 1663/580/1102
f 1604/580/1103 1671/580/1103 1674/580/1103 1609/580/1103
f 1609/580/1103 1674/580/1103 1670/580/1103 1605/580/1103
f 1613/580/1104 1650/580/1104 1653/580/1104 1618/580/1104
f 1618/580/1104 1653/580/1104 1649/580/1104 1614/580/1104
f 1655/580/1105 1864/580/1105 1870/580/1105 1658/580/1105
f 1658/580/1105 1870/580/1105 1866/580/1105 1656/580/1105
f 1596/580/1106 1691/580/1106 1693/580/1106 1601/580/1106
f 1601/580/1106 1693/580/1106 1690/580/1106 1597/580/1106
f 1711/580/1107 1624/580/1107 1628/580/1107 1714/580/1107
f 1714/580/1107 1628/580/1107 1623/580/1107 1712/580/1107
f 1871/580/1108 1699/580/1108 1702/580/1108 1874/580/1108
f 1874/580/1108 1702/580/1108 1698/580/1108 1872/580/1108
f 1878/580/1109 1706/580/1109 1709/580/1109 1881/580/1109
f 1881/580/1109 1709/580/1109 1705/580/1109 1879/580/1109
f 1887/580/1233 1892/580/1233 1898/580/1233 1891/580/1233
f 1891/580/672 1898/580/672 1894/580/672 1885/580/672
f 1901/580/672 1906/580/672 1912/580/672 1905/580/672
f 1905/580/672 1912/580/672 1908/580/672 1899/580/672
f 1915/580/1234 1920/580/1234 1926/580/1234 1919/580/1234
f 1919/580/1234 1926/580/1234 1922/580/1234 1913/580/1234
f 1929/580/673 1934/580/673 1940/580/673 1933/580/673
f 1933/580/673 1940/580/673 1936/580/673 1927/580/673
f 1943/580/673 1948/580/673 1954/580/673 1947/580/673
f 1947/580/673 1954/580/673 1950/580/673 1941/580/673
f 1957/580/672 1962/580/672 1968/580/672 1961/580/672
f 1961/580/672 1968/580/672 1964/580/672 1955/580/672
f 1971/580/673 1976/580/673 1982/580/673 1975/580/673
f 1975/580/673 1982/580/673 1978/580/673 1969/580/673
f 1985/580/673 1990/580/673 1996/580/673 1989/580/673
f 1989/580/673 1996/580/673 1992/580/673 1983/580/673
f 1999/580/1235 2004/580/1235 2010/580/1235 2003/580/1235
f 2003/580/1235 2010/580/1235 2006/580/1235 1997/580/1235
f 2013/580/673 2018/580/673 2024/580/673 2017/580/673
f 2017/580/673 2024/580/673 2020/580/673 2011/580/673
f 2027/580/673 2032/580/673 2038/580/673 2031/580/673
f 2031/580/673 2038/580/673 2034/580/673 2025/580/673
f 2041/580/1236 2046/580/1236 2052/580/1236 2045/580/1236
f 2045/580/1237 2052/580/1237 2048/580/1237 2039/580/1237
f 2055/580/672 2060/580/672 2066/580/672 2059/580/672
f 2059/580/672 2066/580/672 2062/580/672 2053/580/672
f 2069/580/672 2074/580/672 2080/580/672 2073/580/672
f 2073/580/672 2080/580/672 2076/580/672 2067/580/672
f 2083/580/672 2088/580/672 2094/580/672 2087/580/672
f 2087/580/672 2094/580/672 2090/580/672 2081/580/672
f 2097/580/1238 2102/580/1238 2104/580/1238 2101/580/1238
f 2101/580/1239 2104/580/1239 2103/580/1239 2095/580/1239
f 2107/580/672 2112/580/672 2118/580/672 2111/580/672
f 2111/580/672 2118/580/672 2114/580/672 2105/580/672
f 2121/580/672 2126/580/672 2132/580/672 2125/580/672
f 2125/580/672 2132/580/672 2128/580/672 2119/580/672
f 2005/580/1240 2134/580/1240 2137/580/1240 2009/580/1240
f 2009/580/1240 2137/580/1240 2133/580/1240 2006/580/1240
f 2047/580/1241 1921/580/1241 1923/580/1241 2051/580/1241
f 2051/580/1241 1923/580/1241 1920/580/1241 2048/580/1241
f 2145/580/1242 2040/580/1242 2042/580/1242 2150/580/1242
f 2150/580/1242 2042/580/1242 2039/580/1242 2142/580/1242
f 1914/580/1243 1998/580/1243 2000/580/1243 1918/580/1243
f 1918/580/1244 2000/580/1244 1997/580/1244 1915/580/1244
f 1900/580/672 2120/580/672 2122/580/672 1904/580/672
f 1904/580/672 2122/580/672 2119/580/672 1901/580/672
f 2127/580/672 2152/580/672 2155/580/672 2131/580/672
f 2131/580/672 2155/580/672 2151/580/672 2128/580/672
f 2163/580/672 2082/580/672 2084/580/672 2168/580/672
f 2168/580/672 2084/580/672 2081/580/672 2160/580/672
f 2089/580/1245 1907/580/1245 1909/580/1245 2093/580/1245
f 2093/580/672 1909/580/672 1906/580/672 2090/580/672
f 2106/580/672 2170/580/672 2173/580/672 2110/580/672
f 2110/580/672 2173/580/672 2169/580/672 2107/580/672
f 1893/580/672 2113/580/672 2115/580/672 1897/580/672
f 1897/580/672 2115/580/672 2112/580/672 1894/580/672
f 1956/580/672 2096/580/672 2098/580/672 1960/580/672
f 1960/580/672 2098/580/672 2095/580/672 1957/580/672
f 2102/580/1246 2179/580/1246 2182/580/1246 2104/580/1246
f 2104/580/1247 2182/580/1247 2178/580/1247 2103/580/1247
f 1885/580/672 2055/580/672 2058/580/672 1888/580/672
f 1888/580/672 2058/580/672 2054/580/672 1886/580/672
f 2075/580/672 1963/580/672 1965/580/672 2079/580/672
f 2079/580/672 1965/580/672 1962/580/672 2076/580/672
f 2190/580/672 2061/580/672 2063/580/672 2195/580/672
f 2195/580/672 2063/580/672 2060/580/672 2187/580/672
f 2199/580/672 2068/580/672 2070/580/672 2204/580/672
f 2204/580/672 2070/580/672 2067/580/672 2196/580/672
f 1984/580/673 2206/580/673 2209/580/673 1988/580/673
f 1988/580/673 2209/580/673 2205/580/673 1985/580/673
f 1935/580/673 1991/580/673 1993/580/673 1939/580/673
f 1939/580/673 1993/580/673 1990/580/673 1936/580/673
f 1942/580/673 1970/580/673 1972/580/673 1946/580/673
f 1946/580/673 1972/580/673 1969/580/673 1943/580/673
f 1977/580/673 2215/580/673 2218/580/673 1981/580/673
f 1981/580/673 2218/580/673 2214/580/673 1978/580/673
f 1927/580/673 2013/580/673 2016/580/673 1930/580/673
f 1930/580/673 2016/580/673 2012/580/673 1928/580/673
f 2033/580/673 1949/580/673 1951/580/673 2037/580/673
f 2037/580/673 1951/580/673 1948/580/673 2034/580/673
f 2226/580/673 2019/580/673 2021/580/673 2231/580/673
f 2231/580/673 2021/580/673 2018/580/673 2223/580/673
f 2235/580/673 2026/580/673 2028/580/673 2240/580/673
f 2240/580/673 2028/580/673 2025/580/673 2232/580/673
f 1669/580/591 1992/580/591 1995/580/591 1672/580/591
f 1672/580/591 1995/580/591 1991/580/591 1670/580/591
f 1934/580/591 1606/580/591 1610/580/591 1937/580/591
f 1937/580/591 1610/580/591 1605/580/591 1935/580/591
f 1791/580/591 2121/580/591 2124/580/591 1794/580/591
f 1794/580/591 2124/580/591 2120/580/591 1792/580/591
f 1899/580/591 1561/580/591 1565/580/591 1902/580/591
f 1902/580/591 1565/580/591 1560/580/591 1900/580/591
f 1697/580/591 2020/580/591 2023/580/591 1700/580/591
f 1700/580/591 2023/580/591 2019/580/591 1698/580/591
f 2011/580/591 1692/580/591 1695/580/591 2014/580/591
f 2014/580/591 1695/580/591 1691/580/591 2012/580/591
f 1648/580/591 1971/580/591 1974/580/591 1651/580/591
f 1651/580/591 1974/580/591 1970/580/591 1649/580/591
f 1941/580/591 1615/580/591 1619/580/591 1944/580/591
f 1944/580/591 1619/580/591 1614/580/591 1942/580/591
f 1820/580/591 2153/580/591 2157/580/591 1824/580/591
f 1824/580/591 2157/580/591 2152/580/591 1821/580/591
f 2126/580/591 1800/580/591 1803/580/591 2129/580/591
f 2129/580/591 1803/580/591 1799/580/591 2127/580/591
f 1712/580/591 2033/580/591 2035/580/591 1716/580/591
f 1716/580/591 2035/580/591 2032/580/591 1713/580/591
f 2026/580/591 1705/580/591 1707/580/591 2030/580/591
f 2030/580/591 1707/580/591 1704/580/591 2027/580/591
f 1865/580/591 2216/580/591 2220/580/591 1869/580/591
f 1869/580/591 2220/580/591 2215/580/591 1866/580/591
f 1976/580/591 1657/580/591 1660/580/591 1979/580/591
f 1979/580/591 1660/580/591 1656/580/591 1977/580/591
f 1760/580/591 2083/580/591 2086/580/591 1763/580/591
f 1763/580/591 2086/580/591 2082/580/591 1761/580/591
f 2162/580/591 1828/580/591 1831/580/591 2167/580/591
f 2167/580/591 1831/580/591 1827/580/591 2163/580/591
f 1726/580/591 2047/580/591 2049/580/591 1730/580/591
f 1730/580/591 2049/580/591 2046/580/591 1727/580/591
f 2040/580/591 1719/580/591 1721/580/591 2044/580/591
f 2044/580/591 1721/580/591 1718/580/591 2041/580/591
f 1928/580/591 1596/580/591 1600/580/591 1932/580/591
f 1932/580/591 1600/580/591 1595/580/591 1929/580/591
f 1568/580/591 1908/580/591 1911/580/591 1573/580/591
f 1573/580/591 1911/580/591 1907/580/591 1569/580/591
f 2088/580/591 1769/580/591 1772/580/591 2091/580/591
f 2091/580/591 1772/580/591 1768/580/591 2089/580/591
f 1739/580/591 2062/580/591 2065/580/591 1742/580/591
f 1742/580/591 2065/580/591 2061/580/591 1740/580/591
f 2053/580/591 1734/580/591 1737/580/591 2056/580/591
f 2056/580/591 1737/580/591 1733/580/591 2054/580/591
f 1622/580/591 1950/580/591 1953/580/591 1627/580/591
f 1627/580/591 1953/580/591 1949/580/591 1623/580/591
f 1834/580/591 2171/580/591 2175/580/591 1838/580/591
f 1838/580/591 2175/580/591 2170/580/591 1835/580/591
f 2105/580/591 1779/580/591 1782/580/591 2108/580/591
f 2108/580/591 1782/580/591 1778/580/591 2106/580/591
f 1754/580/591 2075/580/591 2077/580/591 1758/580/591
f 1758/580/591 2077/580/591 2074/580/591 1755/580/591
f 2068/580/591 1747/580/591 1749/580/591 2072/580/591
f 2072/580/591 1749/580/591 1746/580/591 2069/580/591
f 2225/580/591 1873/580/591 1876/580/591 2230/580/591
f 2230/580/591 1876/580/591 1872/580/591 2226/580/591
f 1551/580/591 1893/580/591 1895/580/591 1556/580/591
f 1556/580/591 1895/580/591 1892/580/591 1552/580/591
f 1886/580/591 1542/580/591 1546/580/591 1890/580/591
f 1890/580/591 1546/580/591 1541/580/591 1887/580/591
f 1784/580/591 2114/580/591 2117/580/591 1787/580/591
f 1787/580/591 2117/580/591 2113/580/591 1785/580/591
f 2234/580/591 1880/580/591 1883/580/591 2239/580/591
f 2239/580/591 1883/580/591 1879/580/591 2235/580/591
f 1774/580/591 2097/580/591 2100/580/591 1776/580/591
f 1776/580/591 2100/580/591 2096/580/591 1775/580/591
f 1955/580/591 1633/580/591 1637/580/591 1958/580/591
f 1958/580/591 1637/580/591 1632/580/591 1956/580/591
f 1586/580/591 1922/580/591 1925/580/591 1591/580/591
f 1591/580/591 1925/580/591 1921/580/591 1587/580/591
f 1913/580/591 1579/580/591 1583/580/591 1916/580/591
f 1916/580/591 1583/580/591 1578/580/591 1914/580/591
f 1840/580/591 2180/580/591 2184/580/591 1842/580/591
f 1842/580/673 2184/580/673 2179/580/673 1841/580/673
f 1640/580/591 1964/580/591 1967/580/591 1645/580/591
f 1645/580/591 1967/580/591 1963/580/591 1641/580/591
f 1806/580/591 2135/580/591 2139/580/591 1810/580/591
f 1810/580/591 2139/580/591 2134/580/591 1807/580/591
f 2004/580/591 1685/580/591 1688/580/591 2007/580/591
f 2007/580/591 1688/580/591 1684/580/591 2005/580/591
f 2189/580/591 1845/580/591 1848/580/591 2194/580/591
f 2194/580/591 1848/580/591 1844/580/591 2190/580/591
f 2198/580/591 1852/580/591 1855/580/591 2203/580/591
f 2203/580/591 1855/580/591 1851/580/591 2199/580/591
f 2144/580/591 1814/580/591 1817/580/591 2149/580/591
f 2149/580/591 1817/580/591 1813/580/591 2145/580/591
f 1983/580/591 1664/580/591 1667/580/591 1986/580/591
f 1986/580/591 1667/580/591 1663/580/591 1984/580/591
f 1858/580/591 2207/580/591 2211/580/591 1862/580/591
f 1862/580/591 2211/580/591 2206/580/591 1859/580/591
f 1676/580/591 1999/580/591 2002/580/591 1679/580/591
f 1679/580/591 2002/580/591 1998/580/591 1677/580/591
f 2243/580/1248 2249/580/1248 2251/580/1248 2247/580/1248
f 2247/580/1249 2251/580/1249 2248/580/1249 2241/580/1249
f 2255/580/1250 2262/580/1250 2268/580/1250 2258/580/1250
f 2258/580/1251 2268/580/1251 2264/580/1251 2256/580/1251
f 2269/580/1252 2276/580/1252 2282/580/1252 2272/580/1252
f 2272/580/1253 2282/580/1253 2278/580/1253 2270/580/1253
f 2285/580/1254 2291/580/1254 2293/580/1254 2289/580/1254
f 2289/580/1255 2293/580/1255 2290/580/1255 2283/580/1255
f 2297/580/1256 2304/580/1256 2310/580/1256 2300/580/1256
f 2300/580/1257 2310/580/1257 2306/580/1257 2298/580/1257
f 2311/580/1258 2318/580/1258 2324/580/1258 2314/580/1258
f 2314/580/1259 2324/580/1259 2320/580/1259 2312/580/1259
f 2326/580/1260 2328/580/1260 2330/580/1260 2327/580/1260
f 2327/580/1261 2330/580/1261 2329/580/1261 2325/580/1261
f 2332/580/1262 2334/580/1262 2336/580/1262 2333/580/1262
f 2333/580/1263 2336/580/1263 2335/580/1263 2331/580/1263
f 2338/580/1264 2340/580/1264 2342/580/1264 2339/580/1264
f 2339/580/1265 2342/580/1265 2341/580/1265 2337/580/1265
f 2344/580/1266 2346/580/1266 2348/580/1266 2345/580/1266
f 2345/580/1267 2348/580/1267 2347/580/1267 2343/580/1267
f 2350/580/1268 2352/580/1268 2354/580/1268 2351/580/1268
f 2351/580/1269 2354/580/1269 2353/580/1269 2349/580/1269
f 2356/580/1270 2358/580/1270 2360/580/1270 2357/580/1270
f 2357/580/1271 2360/580/1271 2359/580/1271 2355/580/1271
f 2362/580/1272 2364/580/1272 2366/580/1272 2363/580/1272
f 2363/580/1273 2366/580/1273 2365/580/1273 2361/580/1273
f 2368/580/1274 2370/580/1274 2372/580/1274 2369/580/1274
f 2369/580/1275 2372/580/1275 2371/580/1275 2367/580/1275
f 2374/580/1276 2376/580/1276 2378/580/1276 2375/580/1276
f 2375/580/1277 2378/580/1277 2377/580/1277 2373/580/1277
f 2380/580/1278 2382/580/1278 2384/580/1278 2381/580/1278
f 2381/580/1279 2384/580/1279 2383/580/1279 2379/580/1279
f 2386/580/1280 2388/580/1280 2390/580/1280 2387/580/1280
f 2387/580/1281 2390/580/1281 2389/580/1281 2385/580/1281
f 2392/580/1282 2394/580/1282 2396/580/1282 2393/580/1282
f 2393/580/1283 2396/580/1283 2395/580/1283 2391/580/1283
f 2340/580/1284 2397/580/1284 2399/580/1284 2342/580/1284
f 2342/580/1285 2399/580/1285 2398/580/1285 2341/580/1285
f 2358/580/1286 2278/580/1286 2281/580/1286 2360/580/1286
f 2360/580/1287 2281/580/1287 2277/580/1287 2359/580/1287
f 2401/580/1288 2356/580/1288 2357/580/1288 2402/580/1288
f 2402/580/1289 2357/580/1289 2355/580/1289 2400/580/1289
f 2270/580/1290 2338/580/1290 2339/580/1290 2274/580/1290
f 2274/580/1291 2339/580/1291 2337/580/1291 2271/580/1291
f 2256/580/1292 2392/580/1292 2393/580/1292 2260/580/1292
f 2260/580/1293 2393/580/1293 2391/580/1293 2257/580/1293
f 2394/580/1294 2404/580/1294 2406/580/1294 2396/580/1294
f 2396/580/1295 2406/580/1295 2403/580/1295 2395/580/1295
f 2412/580/1296 2374/580/1296 2375/580/1296 2416/580/1296
f 2416/580/1297 2375/580/1297 2373/580/1297 2410/580/1297
f 2376/580/1298 2264/580/1298 2267/580/1298 2378/580/1298
f 2378/580/1299 2267/580/1299 2263/580/1299 2377/580/1299
f 2385/580/1300 2418/580/1300 2420/580/1300 2387/580/1300
f 2387/580/1301 2420/580/1301 2417/580/1301 2386/580/1301
f 2249/580/1302 2389/580/1302 2390/580/1302 2253/580/1302
f 2253/580/1303 2390/580/1303 2388/580/1303 2250/580/1303
f 2312/580/1304 2380/580/1304 2381/580/1304 2316/580/1304
f 2316/580/1305 2381/580/1305 2379/580/1305 2313/580/1305
f 2382/580/1306 2425/580/1306 2427/580/1306 2384/580/1306
f 2384/580/1307 2427/580/1307 2424/580/1307 2383/580/1307
f 2242/580/1308 2362/580/1308 2363/580/1308 2246/580/1308
f 2246/580/1309 2363/580/1309 2361/580/1309 2243/580/1309
f 2370/580/1310 2320/580/1310 2323/580/1310 2372/580/1310
f 2372/580/1311 2323/580/1311 2319/580/1311 2371/580/1311
f 2433/580/1312 2365/580/1312 2366/580/1312 2437/580/1312
f 2437/580/1313 2366/580/1313 2364/580/1313 2431/580/1313
f 2440/580/1314 2368/580/1314 2369/580/1314 2444/580/1314
f 2444/580/1315 2369/580/1315 2367/580/1315 2438/580/1315
f 2331/580/1316 2446/580/1316 2448/580/1316 2333/580/1316
f 2333/580/1317 2448/580/1317 2445/580/1317 2332/580/1317
f 2291/580/1318 2335/580/1318 2336/580/1318 2295/580/1318
f 2295/580/1319 2336/580/1319 2334/580/1319 2292/580/1319
f 2298/580/1320 2326/580/1320 2327/580/1320 2302/580/1320
f 2302/580/1321 2327/580/1321 2325/580/1321 2299/580/1321
f 2328/580/1322 2453/580/1322 2455/580/1322 2330/580/1322
f 2330/580/1323 2455/580/1323 2452/580/1323 2329/580/1323
f 2284/580/1324 2344/580/1324 2345/580/1324 2288/580/1324
f 2288/580/1325 2345/580/1325 2343/580/1325 2285/580/1325
f 2352/580/1326 2306/580/1326 2309/580/1326 2354/580/1326
f 2354/580/1327 2309/580/1327 2305/580/1327 2353/580/1327
f 2461/580/1328 2347/580/1328 2348/580/1328 2465/580/1328
f 2465/580/1329 2348/580/1329 2346/580/1329 2459/580/1329
f 2468/580/1330 2350/580/1330 2351/580/1330 2472/580/1330
f 2472/580/1331 2351/580/1331 2349/580/1331 2466/580/1331
f 2400/580/1332 2143/580/1332 2146/580/1332 2402/580/1332
f 2402/580/1333 2146/580/1333 2142/580/1333 2401/580/1333
f 2208/580/1334 2447/580/1334 2450/580/1334 2213/580/1334
f 2213/580/1335 2450/580/1335 2446/580/1335 2205/580/1335
f 2154/580/1336 2405/580/1336 2408/580/1336 2159/580/1336
f 2159/580/1337 2408/580/1337 2404/580/1337 2151/580/1337
f 2217/580/1338 2454/580/1338 2457/580/1338 2222/580/1338
f 2222/580/1339 2457/580/1339 2453/580/1339 2214/580/1339
f 2411/580/1340 2161/580/1340 2164/580/1340 2415/580/1340
f 2415/580/1341 2164/580/1341 2160/580/1341 2412/580/1341
f 2172/580/1342 2419/580/1342 2422/580/1342 2177/580/1342
f 2177/580/1343 2422/580/1343 2418/580/1343 2169/580/1343
f 2460/580/1344 2224/580/1344 2227/580/1344 2464/580/1344
f 2464/580/1345 2227/580/1345 2223/580/1345 2461/580/1345
f 2467/580/1346 2233/580/1346 2236/580/1346 2471/580/1346
f 2471/580/1347 2236/580/1347 2232/580/1347 2468/580/1347
f 2181/580/1348 2426/580/1348 2429/580/1348 2186/580/1348
f 2186/580/1349 2429/580/1349 2425/580/1349 2178/580/1349
f 2136/580/1350 2398/580/1350 2399/580/1350 2141/580/1350
f 2141/580/1351 2399/580/1351 2397/580/1351 2133/580/1351
f 2432/580/1352 2188/580/1352 2191/580/1352 2436/580/1352
f 2436/580/1353 2191/580/1353 2187/580/1353 2433/580/1353
f 2439/580/1354 2197/580/1354 2200/580/1354 2443/580/1354
f 2443/580/1355 2200/580/1355 2196/580/1355 2440/580/1355
f 1395/580/1356 2269/580/1356 2275/580/1356 1398/580/1356
f 1398/580/1357 2275/580/1357 2271/580/1357 1396/580/1357
f 1308/580/1358 2255/580/1358 2261/580/1358 1311/580/1358
f 1311/580/1359 2261/580/1359 2257/580/1359 1309/580/1359
f 608/580/1360 1550/580/1360 1553/580/1360 613/580/1360
f 613/580/1361 1553/580/1361 1549/580/1361 605/580/1361
f 1543/580/1362 638/580/1362 641/580/1362 1548/580/1362
f 1548/580/1363 641/580/1363 637/580/1363 1540/580/1363
f 2405/580/1364 1330/580/1364 1332/580/1364 2409/580/1364
f 2409/580/1365 1332/580/1365 1329/580/1365 2403/580/1365
f 628/580/1366 1567/580/1366 1575/580/1366 632/580/1366
f 632/580/1367 1575/580/1367 1570/580/1367 629/580/1367
f 1558/580/1368 596/580/1368 604/580/1368 1562/580/1368
f 1562/580/1369 604/580/1369 599/580/1369 1559/580/1369
f 1359/580/1370 2411/580/1370 2413/580/1370 1363/580/1370
f 1363/580/1371 2413/580/1371 2410/580/1371 1357/580/1371
f 660/580/1372 1585/580/1372 1593/580/1372 664/580/1372
f 664/580/1373 1593/580/1373 1588/580/1373 661/580/1373
f 1576/580/1374 701/580/1374 709/580/1374 1580/580/1374
f 1580/580/1375 709/580/1375 704/580/1375 1577/580/1375
f 1032/580/1376 2225/580/1376 2229/580/1376 1037/580/1376
f 1037/580/1377 2229/580/1377 2224/580/1377 1033/580/1377
f 2459/580/1378 1378/580/1378 1384/580/1378 2462/580/1378
f 2462/580/1379 1384/580/1379 1380/580/1379 2460/580/1379
f 2262/580/1380 1336/580/1380 1342/580/1380 2265/580/1380
f 2265/580/1381 1342/580/1381 1338/580/1381 2263/580/1381
f 695/580/1382 1604/580/1382 1607/580/1382 700/580/1382
f 700/580/1383 1607/580/1383 1603/580/1383 692/580/1383
f 1597/580/1384 670/580/1384 673/580/1384 1602/580/1384
f 1602/580/1385 673/580/1385 669/580/1385 1594/580/1385
f 2419/580/1386 1323/580/1386 1325/580/1386 2423/580/1386
f 2423/580/1387 1325/580/1387 1322/580/1387 2417/580/1387
f 756/580/1388 1621/580/1388 1629/580/1388 760/580/1388
f 760/580/1389 1629/580/1389 1624/580/1389 757/580/1389
f 1612/580/1390 738/580/1390 746/580/1390 1616/580/1390
f 1616/580/1391 746/580/1391 741/580/1391 1613/580/1391
f 1315/580/1392 2248/580/1392 2254/580/1392 1318/580/1392
f 1318/580/1393 2254/580/1393 2250/580/1393 1316/580/1393
f 747/580/1394 1639/580/1394 1647/580/1394 751/580/1394
f 751/580/1395 1647/580/1395 1642/580/1395 748/580/1395
f 1630/580/1396 765/580/1396 773/580/1396 1634/580/1396
f 1634/580/1397 773/580/1397 768/580/1397 1631/580/1397
f 967/580/1398 2172/580/1398 2176/580/1398 972/580/1398
f 972/580/1398 2176/580/1398 2171/580/1398 968/580/1398
f 1833/580/1091 614/580/1091 620/580/1091 1836/580/1091
f 1836/580/1091 620/580/1091 616/580/1091 1834/580/1091
f 1447/580/1399 2311/580/1399 2317/580/1399 1450/580/1399
f 1450/580/1400 2317/580/1400 2313/580/1400 1448/580/1400
f 1091/580/1401 2234/580/1401 2238/580/1401 1096/580/1401
f 1096/580/1401 2238/580/1401 2233/580/1401 1092/580/1401
f 2466/580/1402 1419/580/1402 1425/580/1402 2469/580/1402
f 2469/580/1403 1425/580/1403 1421/580/1403 2467/580/1403
f 2426/580/1404 1413/580/1404 1415/580/1404 2430/580/1404
f 2430/580/1405 1415/580/1405 1412/580/1405 2424/580/1405
f 1345/580/1406 2242/580/1406 2244/580/1406 1349/580/1406
f 1349/580/1407 2244/580/1407 2241/580/1407 1343/580/1407
f 2318/580/1408 1433/580/1408 1439/580/1408 2321/580/1408
f 2321/580/1409 1439/580/1409 1435/580/1409 2319/580/1409
f 678/580/1108 1871/580/1108 1877/580/1108 681/580/1108
f 681/580/1108 1877/580/1108 1873/580/1108 679/580/1108
f 1352/580/1410 2432/580/1410 2434/580/1410 1356/580/1410
f 1356/580/1411 2434/580/1411 2431/580/1411 1350/580/1411
f 1456/580/1412 2439/580/1412 2441/580/1412 1460/580/1412
f 1460/580/1413 2441/580/1413 2438/580/1413 1454/580/1413
f 2180/580/1414 1082/580/1414 1086/580/1414 2185/580/1414
f 2185/580/1414 1086/580/1414 1081/580/1414 2181/580/1414
f 2447/580/1415 1406/580/1415 1408/580/1415 2451/580/1415
f 2451/580/1416 1408/580/1416 1405/580/1416 2445/580/1416
f 1388/580/1417 2290/580/1417 2296/580/1417 1391/580/1417
f 1391/580/1418 2296/580/1418 2292/580/1418 1389/580/1418
f 731/580/1109 1878/580/1109 1884/580/1109 734/580/1109
f 734/580/1109 1884/580/1109 1880/580/1109 732/580/1109
f 2135/580/1419 1064/580/1419 1068/580/1419 2140/580/1419
f 2140/580/1420 1068/580/1420 1063/580/1420 2136/580/1420
f 1426/580/1421 2297/580/1421 2303/580/1421 1429/580/1421
f 1429/580/1422 2303/580/1422 2299/580/1422 1427/580/1422
f 1000/580/1423 2189/580/1423 2193/580/1423 1005/580/1423
f 1005/580/1423 2193/580/1423 2188/580/1423 1001/580/1423
f 2454/580/1424 1462/580/1424 1464/580/1424 2458/580/1424
f 2458/580/1425 1464/580/1425 1461/580/1425 2452/580/1425
f 1128/580/1426 2198/580/1426 2202/580/1426 1133/580/1426
f 1133/580/1426 2202/580/1426 2197/580/1426 1129/580/1426
f 1373/580/1427 2284/580/1427 2286/580/1427 1377/580/1427
f 1377/580/1428 2286/580/1428 2283/580/1428 1371/580/1428
f 2304/580/1429 1440/580/1429 1446/580/1429 2307/580/1429
f 2307/580/1430 1446/580/1430 1442/580/1430 2305/580/1430
f 712/580/1083 1806/580/1083 1808/580/1083 716/580/1083
f 716/580/1083 1808/580/1083 1805/580/1083 710/580/1083
f 1841/580/1095 724/580/1095 730/580/1095 1842/580/1095
f 1842/580/1095 730/580/1095 726/580/1095 1840/580/1095
f 1814/580/1085 686/580/1085 688/580/1085 1818/580/1085
f 1818/580/1085 688/580/1085 685/580/1085 1812/580/1085
f 1041/580/1431 2144/580/1431 2148/580/1431 1046/580/1431
f 1046/580/1431 2148/580/1431 2143/580/1431 1042/580/1431
f 623/580/1088 1820/580/1088 1822/580/1088 627/580/1088
f 627/580/1088 1822/580/1088 1819/580/1088 621/580/1088
f 646/580/1100 1843/580/1100 1849/580/1100 649/580/1100
f 649/580/1100 1849/580/1100 1845/580/1100 647/580/1100
f 2207/580/1432 1073/580/1432 1077/580/1432 2212/580/1432
f 2212/580/1433 1077/580/1433 1072/580/1433 2208/580/1433
f 1828/580/1089 654/580/1089 656/580/1089 1832/580/1089
f 1832/580/1089 656/580/1089 653/580/1089 1826/580/1089
f 774/580/1101 1850/580/1101 1856/580/1101 777/580/1101
f 777/580/1101 1856/580/1101 1852/580/1101 775/580/1101
f 1857/580/1102 717/580/1102 723/580/1102 1860/580/1102
f 1860/580/1102 723/580/1102 719/580/1102 1858/580/1102
f 2276/580/1434 1364/580/1434 1370/580/1434 2279/580/1434
f 2279/580/1435 1370/580/1435 1366/580/1435 2277/580/1435
f 2153/580/1436 977/580/1436 981/580/1436 2158/580/1436
f 2158/580/1437 981/580/1437 976/580/1437 2154/580/1437
f 783/580/1105 1865/580/1105 1867/580/1105 787/580/1105
f 787/580/1105 1867/580/1105 1864/580/1105 781/580/1105
f 2216/580/1438 1137/580/1438 1141/580/1438 2221/580/1438
f 2221/580/1438 1141/580/1438 1136/580/1438 2217/580/1438
f 1009/580/1439 2162/580/1439 2166/580/1439 1014/580/1439
f 1014/580/1440 2166/580/1440 2161/580/1440 1010/580/1440
f 596/580/654 1558/580/654 1567/580/654 628/580/654
f 597/580/591 631/580/591 984/580/591 954/580/591
f 599/580/1087 788/580/1087 1793/580/1087 1559/580/1087
f 598/580/591 953/580/591 1145/580/591 789/580/591
f 637/580/654 605/580/654 1549/580/654 1540/580/654
f 640/580/591 991/580/591 961/580/591 606/580/591
f 608/580/1093 809/580/1093 1786/580/1093 1550/580/1093
f 607/580/591 960/580/591 1166/580/591 810/580/591
f 804/580/1091 614/580/1091 1833/580/1091 1777/580/1091
f 803/580/591 1159/580/591 969/580/591 615/580/591
f 616/580/591 968/580/591 2171/580/591 1834/580/591
f 797/580/1088 621/580/1088 1819/580/1088 1798/580/1088
f 796/580/591 1152/580/591 978/580/591 622/580/591
f 623/580/591 977/580/591 2153/580/591 1820/580/591
f 838/580/591 1194/580/591 985/580/591 630/580/591
f 839/580/1090 629/580/1090 1570/580/1090 1767/580/1090
f 639/580/591 817/580/591 1173/580/591 992/580/591
f 638/580/1096 1543/580/1096 1732/580/1096 818/580/1096
f 646/580/1100 823/580/1100 1741/580/1100 1843/580/1100
f 648/580/591 999/580/591 1180/580/591 824/580/591
f 1000/580/591 647/580/591 1845/580/591 2189/580/591
f 653/580/1089 830/580/1089 1762/580/1089 1826/580/1089
f 655/580/591 1008/580/591 1187/580/591 831/580/591
f 1009/580/591 654/580/591 1828/580/591 2162/580/591
f 701/580/1070 1576/580/1070 1585/580/1070 660/580/1070
f 894/580/591 1250/580/591 1017/580/591 662/580/591
f 702/580/591 663/580/591 1016/580/591 1057/580/591
f 895/580/1084 661/580/1084 1588/580/1084 1725/580/1084
f 669/580/654 692/580/654 1603/580/654 1594/580/654
f 671/580/591 873/580/591 1229/580/591 1024/580/591
f 672/580/591 1023/580/591 1050/580/591 693/580/591
f 670/580/1106 1597/580/1106 1690/580/1106 874/580/1106
f 678/580/1108 879/580/1108 1699/580/1108 1871/580/1108
f 680/580/591 1031/580/591 1236/580/591 880/580/591
f 1032/580/591 679/580/591 1873/580/591 2225/580/591
f 685/580/1085 886/580/1085 1720/580/1085 1812/580/1085
f 687/580/591 1040/580/591 1243/580/591 887/580/591
f 1041/580/591 686/580/591 1814/580/591 2144/580/591
f 695/580/1103 865/580/1103 1671/580/1103 1604/580/1103
f 694/580/591 1049/580/591 1222/580/591 866/580/591
f 704/580/1086 844/580/1086 1678/580/1086 1577/580/1086
f 703/580/591 1056/580/591 1201/580/591 845/580/591
f 853/580/1083 710/580/1083 1805/580/1083 1683/580/1083
f 852/580/591 1208/580/591 1065/580/591 711/580/591
f 712/580/591 1064/580/591 2135/580/591 1806/580/591
f 860/580/1102 717/580/1102 1857/580/1102 1662/580/1102
f 859/580/591 1215/580/591 1074/580/591 718/580/591
f 719/580/591 1073/580/591 2207/580/591 1858/580/591
f 936/580/1095 724/580/1095 1841/580/1095 595/580/1095
f 935/580/1441 1292/580/1441 1083/580/1441 725/580/1441
f 726/580/591 1082/580/591 2180/580/591 1840/580/591
f 731/580/1109 938/580/1109 1706/580/1109 1878/580/1109
f 733/580/591 1090/580/591 1295/580/591 939/580/591
f 1091/580/591 732/580/591 1880/580/591 2234/580/591
f 738/580/654 1612/580/654 1621/580/654 756/580/654
f 739/580/591 759/580/591 1112/580/591 1100/580/591
f 741/580/1104 900/580/1104 1650/580/1104 1613/580/1104
f 740/580/591 1099/580/591 1257/580/591 901/580/591
f 765/580/654 1630/580/654 1639/580/654 747/580/654
f 922/580/591 1278/580/591 1106/580/591 749/580/591
f 766/580/591 750/580/591 1105/580/591 1121/580/591
f 923/580/1098 748/580/1098 1642/580/1098 1753/580/1098
f 946/580/591 1302/580/591 1113/580/591 758/580/591
f 947/580/1107 757/580/1107 1624/580/1107 1711/580/1107
f 768/580/1094 928/580/1094 1774/580/1094 1631/580/1094
f 767/580/591 1120/580/591 1285/580/591 929/580/591
f 774/580/1101 914/580/1101 1748/580/1101 1850/580/1101
f 776/580/591 1127/580/591 1271/580/591 915/580/591
f 1128/580/591 775/580/591 1852/580/591 2198/580/591
f 909/580/1105 781/580/1105 1864/580/1105 1655/580/1105
f 908/580/591 1264/580/591 1138/580/591 782/580/591
f 783/580/591 1137/580/591 2216/580/591 1865/580/591
f 788/580/1082 797/580/1082 1798/580/1082 1793/580/1082
f 790/580/591 1144/580/591 1153/580/591 795/580/591
f 804/580/1081 1777/580/1081 1786/580/1081 809/580/1081
f 802/580/591 811/580/591 1165/580/591 1160/580/591
f 818/580/1077 1732/580/1077 1741/580/1077 823/580/1077
f 816/580/591 825/580/591 1179/580/591 1174/580/591
f 830/580/1079 839/580/1079 1767/580/1079 1762/580/1079
f 832/580/591 1186/580/591 1195/580/591 837/580/591
f 844/580/1073 853/580/1073 1683/580/1073 1678/580/1073
f 846/580/591 1200/580/591 1209/580/591 851/580/591
f 860/580/1072 1662/580/1072 1671/580/1072 865/580/1072
f 858/580/591 867/580/591 1221/580/591 1216/580/591
f 874/580/1074 1690/580/1074 1699/580/1074 879/580/1074
f 872/580/591 881/580/591 1235/580/591 1230/580/591
f 886/580/1076 895/580/1076 1725/580/1076 1720/580/1076
f 888/580/591 1242/580/591 1251/580/591 893/580/591
f 900/580/1071 909/580/1071 1655/580/1071 1650/580/1071
f 902/580/591 1256/580/591 1265/580/591 907/580/591
f 914/580/1078 923/580/1078 1753/580/1078 1748/580/1078
f 916/580/591 1270/580/591 1279/580/591 921/580/591
f 928/580/1080 936/580/1080 595/580/1080 1774/580/1080
f 930/580/1442 1284/580/1442 1292/580/1442 935/580/1442
f 938/580/1075 947/580/1075 1711/580/1075 1706/580/1075
f 940/580/591 1294/580/591 1303/580/591 945/580/591
f 952/580/673 986/580/673 1337/580/673 1310/580/673
f 952/580/673 1310/580/673 1468/580/673 1146/580/673
f 993/580/673 1344/580/673 1317/580/673 959/580/673
f 959/580/673 1317/580/673 1477/580/673 1167/580/673
f 1158/580/673 1475/580/673 1324/580/673 966/580/673
f 967/580/1398 1323/580/1398 2419/580/1398 2172/580/1398
f 1151/580/673 1472/580/673 1331/580/673 975/580/673
f 976/580/1436 1330/580/1436 2405/580/1436 2154/580/1436
f 1193/580/673 1490/580/673 1337/580/673 986/580/673
f 993/580/673 1172/580/673 1481/580/673 1344/580/673
f 998/580/673 1351/580/673 1483/580/673 1181/580/673
f 1352/580/1423 1001/580/1423 2188/580/1423 2432/580/1423
f 1007/580/673 1358/580/673 1486/580/673 1188/580/673
f 1359/580/1439 1010/580/1439 2161/580/1439 2411/580/1439
f 1055/580/1112 1018/580/1112 1365/580/1112 1397/580/1112
f 1249/580/1119 1514/580/1119 1365/580/1119 1018/580/1119
f 1025/580/672 1372/580/672 1390/580/672 1048/580/672
f 1025/580/672 1228/580/672 1505/580/672 1372/580/672
f 1030/580/672 1379/580/672 1507/580/672 1237/580/672
f 1380/580/1376 1033/580/1376 2224/580/1376 2460/580/1376
f 1039/580/1120 1385/580/1120 1510/580/1120 1244/580/1120
f 1386/580/1431 1042/580/1431 2143/580/1431 2400/580/1431
f 1048/580/672 1390/580/672 1501/580/672 1223/580/672
f 1055/580/1121 1397/580/1121 1492/580/1121 1202/580/1121
f 1207/580/1118 1496/580/1118 1403/580/1118 1062/580/1118
f 1063/580/1419 1402/580/1419 2398/580/1419 2136/580/1419
f 1214/580/672 1499/580/672 1407/580/672 1071/580/672
f 1072/580/1432 1406/580/1432 2447/580/1432 2208/580/1432
f 1291/580/673 1532/580/673 1414/580/673 1080/580/673
f 1081/580/1414 1413/580/1414 2426/580/1414 2181/580/1414
f 1089/580/672 1420/580/672 1534/580/672 1296/580/672
f 1421/580/1443 1092/580/1443 2233/580/1443 2467/580/1443
f 1098/580/672 1114/580/672 1441/580/672 1428/580/672
f 1098/580/672 1428/580/672 1516/580/672 1258/580/672
f 1119/580/673 1107/580/673 1434/580/673 1449/580/673
f 1277/580/673 1526/580/673 1434/580/673 1107/580/673
f 1301/580/672 1538/580/672 1441/580/672 1114/580/672
f 1119/580/673 1449/580/673 1528/580/673 1286/580/673
f 1126/580/673 1455/580/673 1522/580/673 1272/580/673
f 1456/580/1426 1129/580/1426 2197/580/1426 2439/580/1426
f 1263/580/672 1520/580/672 1463/580/672 1135/580/672
f 1136/580/1444 1462/580/1444 2454/580/1444 2217/580/1444
f 1146/580/673 1468/580/673 1472/580/673 1151/580/673
f 1158/580/673 1167/580/673 1477/580/673 1475/580/673
f 1172/580/673 1181/580/673 1483/580/673 1481/580/673
f 1188/580/673 1486/580/673 1490/580/673 1193/580/673
f 1202/580/1114 1492/580/1114 1496/580/1114 1207/580/1114
f 1214/580/672 1223/580/672 1501/580/672 1499/580/672
f 1228/580/672 1237/580/672 1507/580/672 1505/580/672
f 1244/580/1115 1510/580/1115 1514/580/1115 1249/580/1115
f 1258/580/672 1516/580/672 1520/580/672 1263/580/672
f 1272/580/673 1522/580/673 1526/580/673 1277/580/673
f 1286/580/673 1528/580/673 1532/580/673 1291/580/673
f 1296/580/672 1534/580/672 1538/580/672 1301/580/672
f 1336/580/591 2262/580/591 2255/580/591 1308/580/591
f 1469/580/1445 1309/580/1445 2257/580/1445 2391/580/1445
f 1315/580/591 1343/580/591 2241/580/591 2248/580/591
f 1478/580/1446 1316/580/1446 2250/580/1446 2388/580/1446
f 1322/580/1447 1474/580/1447 2386/580/1447 2417/580/1447
f 1329/580/1448 1471/580/1448 2395/580/1448 2403/580/1448
f 1338/580/1449 1489/580/1449 2377/580/1449 2263/580/1449
f 1480/580/1450 2362/580/1450 2242/580/1450 1345/580/1450
f 1484/580/1451 1350/580/1451 2431/580/1451 2364/580/1451
f 1487/580/1452 1357/580/1452 2410/580/1452 2373/580/1452
f 1364/580/1453 2276/580/1453 2269/580/1453 1395/580/1453
f 1366/580/1454 1513/580/1454 2359/580/1454 2277/580/1454
f 1388/580/591 1371/580/591 2283/580/591 2290/580/591
f 1504/580/1455 2344/580/1455 2284/580/1455 1373/580/1455
f 1508/580/1456 1378/580/1456 2459/580/1456 2346/580/1456
f 1511/580/1457 1386/580/1457 2400/580/1457 2355/580/1457
f 1502/580/1458 1389/580/1458 2292/580/1458 2334/580/1458
f 1493/580/1459 1396/580/1459 2271/580/1459 2337/580/1459
f 1402/580/1460 1495/580/1460 2341/580/1460 2398/580/1460
f 1405/580/1461 1498/580/1461 2332/580/1461 2445/580/1461
f 1412/580/1462 1531/580/1462 2383/580/1462 2424/580/1462
f 1535/580/1463 1419/580/1463 2466/580/1463 2349/580/1463
f 1440/580/591 2304/580/591 2297/580/591 1426/580/591
f 1517/580/1464 1427/580/1464 2299/580/1464 2325/580/1464
f 1433/580/591 2318/580/591 2311/580/591 1447/580/591
f 1435/580/1465 1525/580/1465 2371/580/1465 2319/580/1465
f 1442/580/1466 1537/580/1466 2353/580/1466 2305/580/1466
f 1529/580/1467 1448/580/1467 2313/580/1467 2379/580/1467
f 1523/580/1468 1454/580/1468 2438/580/1468 2367/580/1468
f 1461/580/1469 1519/580/1469 2329/580/1469 2452/580/1469
f 1471/580/1470 1469/580/1470 2391/580/1470 2395/580/1470
f 1478/580/1471 2388/580/1471 2386/580/1471 1474/580/1471
f 1484/580/1472 2364/580/1472 2362/580/1472 1480/580/1472
f 1489/580/1473 1487/580/1473 2373/580/1473 2377/580/1473
f 1495/580/1474 1493/580/1474 2337/580/1474 2341/580/1474
f 1502/580/1475 2334/580/1475 2332/580/1475 1498/580/1475
f 1508/580/1476 2346/580/1476 2344/580/1476 1504/580/1476
f 1513/580/1477 1511/580/1477 2355/580/1477 2359/580/1477
f 1519/580/1478 1517/580/1478 2325/580/1478 2329/580/1478
f 1525/580/1479 1523/580/1479 2367/580/1479 2371/580/1479
f 1531/580/1480 1529/580/1480 2379/580/1480 2383/580/1480
f 1537/580/1481 1535/580/1481 2349/580/1481 2353/580/1481
f 1541/580/591 1552/580/591 1892/580/591 1887/580/591
f 1542/580/591 1886/580/591 2054/580/591 1733/580/591
f 1551/580/591 1785/580/591 2113/580/591 1893/580/591
f 1560/580/591 1792/580/591 2120/580/591 1900/580/591
f 1561/580/591 1899/580/591 1908/580/591 1568/580/591
f 1768/580/591 1569/580/591 1907/580/591 2089/580/591
f 1578/580/591 1677/580/591 1998/580/591 1914/580/591
f 1579/580/591 1913/580/591 1922/580/591 1586/580/591
f 1726/580/591 1587/580/591 1921/580/591 2047/580/591
f 1595/580/591 1606/580/591 1934/580/591 1929/580/591
f 1596/580/591 1928/580/591 2012/580/591 1691/580/591
f 1605/580/591 1670/580/591 1991/580/591 1935/580/591
f 1614/580/591 1649/580/591 1970/580/591 1942/580/591
f 1615/580/591 1941/580/591 1950/580/591 1622/580/591
f 1712/580/591 1623/580/591 1949/580/591 2033/580/591
f 1632/580/591 1775/580/591 2096/580/591 1956/580/591
f 1633/580/591 1955/580/591 1964/580/591 1640/580/591
f 1754/580/591 1641/580/591 1963/580/591 2075/580/591
f 1648/580/591 1657/580/591 1976/580/591 1971/580/591
f 1656/580/591 1866/580/591 2215/580/591 1977/580/591
f 1663/580/591 1859/580/591 2206/580/591 1984/580/591
f 1664/580/591 1983/580/591 1992/580/591 1669/580/591
f 1676/580/591 1685/580/591 2004/580/591 1999/580/591
f 1684/580/591 1807/580/591 2134/580/591 2005/580/591
f 1692/580/591 2011/580/591 2020/580/591 1697/580/591
f 1872/580/591 1698/580/591 2019/580/591 2226/580/591
f 1704/580/591 1713/580/591 2032/580/591 2027/580/591
f 1879/580/591 1705/580/591 2026/580/591 2235/580/591
f 1718/580/591 1727/580/591 2046/580/591 2041/580/591
f 1813/580/591 1719/580/591 2040/580/591 2145/580/591
f 1734/580/591 2053/580/591 2062/580/591 1739/580/591
f 1844/580/591 1740/580/591 2061/580/591 2190/580/591
f 1746/580/591 1755/580/591 2074/580/591 2069/580/591
f 1851/580/591 1747/580/591 2068/580/591 2199/580/591
f 1760/580/591 1769/580/591 2088/580/591 2083/580/591
f 1827/580/591 1761/580/591 2082/580/591 2163/580/591
f 1774/580/1080 595/580/1080 2102/580/1080 2097/580/1080
f 1778/580/591 1835/580/591 2170/580/591 2106/580/591
f 1779/580/591 2105/580/591 2114/580/591 1784/580/591
f 1791/580/591 1800/580/591 2126/580/591 2121/580/591
f 1799/580/591 1821/580/591 2152/580/591 2127/580/591
f 595/580/1095 1841/580/1095 2179/580/1095 2102/580/1095
f 1885/580/672 1894/580/672 2249/580/672 2243/580/672
f 1885/580/672 2243/580/672 2361/580/672 2055/580/672
f 1894/580/672 2112/580/672 2389/580/672 2249/580/672
f 1901/580/672 2256/580/672 2264/580/672 1906/580/672
f 1901/580/672 2119/580/672 2392/580/672 2256/580/672
f 2090/580/672 1906/580/672 2264/580/672 2376/580/672
f 1915/580/1234 2270/580/1234 2278/580/1234 1920/580/1234
f 1915/580/1482 1997/580/1482 2338/580/1482 2270/580/1482
f 2048/580/1241 1920/580/1241 2278/580/1241 2358/580/1241
f 1927/580/673 1936/580/673 2291/580/673 2285/580/673
f 1927/580/673 2285/580/673 2343/580/673 2013/580/673
f 1936/580/673 1990/580/673 2335/580/673 2291/580/673
f 1943/580/673 2298/580/673 2306/580/673 1948/580/673
f 1943/580/673 1969/580/673 2326/580/673 2298/580/673
f 2034/580/673 1948/580/673 2306/580/673 2352/580/673
f 1957/580/672 2312/580/672 2320/580/672 1962/580/672
f 1957/580/672 2095/580/672 2380/580/672 2312/580/672
f 2076/580/672 1962/580/672 2320/580/672 2370/580/672
f 1969/580/673 1978/580/673 2328/580/673 2326/580/673
f 1978/580/673 2214/580/673 2453/580/673 2328/580/673
f 1985/580/673 2331/580/673 2335/580/673 1990/580/673
f 1985/580/673 2205/580/673 2446/580/673 2331/580/673
f 1997/580/1235 2006/580/1235 2340/580/1235 2338/580/1235
f 2006/580/1240 2133/580/1240 2397/580/1240 2340/580/1240
f 2013/580/673 2343/580/673 2347/580/673 2018/580/673
f 2223/580/673 2018/580/673 2347/580/673 2461/580/673
f 2025/580/673 2034/580/673 2352/580/673 2350/580/673
f 2232/580/673 2025/580/673 2350/580/673 2468/580/673
f 2039/580/1237 2048/580/1237 2358/580/1237 2356/580/1237
f 2142/580/1242 2039/580/1242 2356/580/1242 2401/580/1242
f 2055/580/672 2361/580/672 2365/580/672 2060/580/672
f 2187/580/672 2060/580/672 2365/580/672 2433/580/672
f 2067/580/672 2076/580/672 2370/580/672 2368/580/672
f 2196/580/672 2067/580/672 2368/580/672 2440/580/672
f 2081/580/672 2090/580/672 2376/580/672 2374/580/672
f 2160/580/672 2081/580/672 2374/580/672 2412/580/672
f 2095/580/672 2103/580/672 2382/580/672 2380/580/672
f 2103/580/672 2178/580/672 2425/580/672 2382/580/672
f 2107/580/672 2385/580/672 2389/580/672 2112/580/672
f 2107/580/672 2169/580/672 2418/580/672 2385/580/672
f 2119/580/672 2128/580/672 2394/580/672 2392/580/672
f 2128/580/672 2151/580/672 2404/580/672 2394/580/672
o Boat_Top_Trim
v -0.002459 1.035084 2.226050
v -0.786226 0.991077 -4.210279
v 0.786918 0.991077 -4.210279
v -1.087423 0.988902 -2.032948
v -1.011234 0.989389 -2.865744
v 1.088114 0.988902 -2.032948
v 1.011925 0.989389 -2.865744
v -0.828397 0.990058 0.429160
v -0.507025 0.988818 1.181289
v 0.507716 0.988818 1.181289
v 0.829088 0.990058 0.429160
v -1.084396 0.988928 -1.189903
v -0.995416 0.989435 -0.354312
v 1.085087 0.988928 -1.189903
v 0.996107 0.989435 -0.354312
v 0.000346 0.993498 1.739099
v -0.648407 0.993498 -4.010847
v 0.649098 0.993498 -4.010847
v -0.886846 0.993498 -1.917679
v -0.820310 0.993498 -2.642920
v 0.887537 0.993498 -1.917679
v 0.821001 0.993498 -2.642920
v -0.664575 0.993498 0.206322
v -0.385362 0.993498 0.857914
v 0.386053 0.993498 0.857914
v 0.665266 0.993498 0.206322
v -0.884255 0.993498 -1.187619
v -0.807164 0.993498 -0.464437
v 0.884947 0.993498 -1.187619
v 0.807855 0.993498 -0.464437
v -0.786226 1.084523 -4.210055
v 0.786918 1.084523 -4.210055
v -1.087423 1.082347 -2.032725
v -1.011234 1.082834 -2.865520
v 1.011925 1.082834 -2.865520
v 1.088114 1.082347 -2.032725
v -0.507025 1.082263 1.181513
v -0.828397 1.083503 0.429384
v 0.829088 1.083503 0.429384
v 0.507716 1.082263 1.181513
v 1.085087 1.082374 -1.189679
v 0.996107 1.082880 -0.354089
v -0.995416 1.082880 -0.354089
v -1.084396 1.082374 -1.189680
v -0.002459 1.128530 2.226273
v 0.649098 1.086943 -4.010624
v -0.648407 1.086943 -4.010624
v -0.820310 1.086943 -2.642696
v -0.886846 1.086943 -1.917456
v 0.887537 1.086943 -1.917456
v 0.821001 1.086943 -2.642696
v -0.664575 1.086943 0.206546
v -0.385362 1.086943 0.858138
v 0.386053 1.086943 0.858138
v 0.665266 1.086943 0.206546
v 0.807855 1.086943 -0.464213
v 0.884947 1.086943 -1.187395
v -0.884255 1.086943 -1.187395
v -0.807164 1.086943 -0.464213
v 0.000346 1.086943 1.739322
vn -0.0000 -0.9999 0.0121
vn 0.0209 -0.9998 0.0016
vn -0.0209 -0.9998 0.0016
vn 0.0147 -0.9999 -0.0072
vn -0.0147 -0.9999 -0.0072
vn -0.0217 -0.9998 -0.0020
vn 0.0217 -0.9998 -0.0020
vn 0.0174 -0.9998 0.0019
vn 0.0229 -0.9997 -0.0001
vn -0.0229 -0.9997 -0.0001
vn -0.0174 -0.9998 0.0019
vn -0.0349 -0.9986 0.0401
vn 0.0181 -0.9998 -0.0034
vn 0.0351 -0.9986 0.0403
vn -0.0181 -0.9998 -0.0034
vn -0.0000 0.9999 -0.0121
vn -0.0209 0.9998 -0.0016
vn 0.0209 0.9998 -0.0016
vn -0.0147 0.9999 0.0072
vn 0.0147 0.9999 0.0072
vn 0.0217 0.9998 0.0020
vn -0.0217 0.9998 0.0020
vn -0.0174 0.9998 -0.0019
vn -0.0229 0.9997 0.0001
vn 0.0229 0.9997 0.0001
vn 0.0174 0.9998 -0.0019
vn 0.0349 0.9986 -0.0401
vn -0.0181 0.9998 0.0034
vn -0.0351 0.9986 -0.0403
vn 0.0181 0.9998 0.0034
vn -0.9192 0.0009 -0.3939
vn -0.9944 -0.0003 0.1059
vn -0.9944 0.0003 -0.1060
vn -0.9863 0.0004 -0.1651
vn 0.9944 0.0003 -0.1060
vn -1.0000 -0.0000 0.0036
vn 0.9922 -0.0003 0.1247
vn 1.0000 -0.0000 0.0036
vn 1.0000 -0.0000 -0.0035
vn 0.9863 0.0004 -0.1651
vn -1.0000 -0.0000 -0.0035
vn -0.9005 -0.0010 0.4349
vn -0.9922 -0.0003 0.1247
vn -0.9780 -0.0005 0.2085
vn 0.9161 0.0010 -0.4010
vn 0.8986 -0.0010 0.4388
vn -0.0000 0.0024 -1.0000
vn 0.9781 0.0005 -0.2079
vn 0.9780 -0.0005 0.2085
vn -0.9958 0.0002 -0.0911
vn -0.9161 0.0010 -0.4010
vn -0.0000 -0.0024 1.0000
vn 0.9958 0.0002 -0.0911
vn -0.9781 0.0005 -0.2079
vn 0.9958 -0.0002 0.0914
vn -0.9196 -0.0009 0.3929
vn -0.9958 -0.0002 0.0914
vn 0.9196 -0.0009 0.3929
vn 0.9192 0.0009 -0.3939
vn 0.9944 -0.0003 0.1059
vt 0.625000 0.500000
vt 0.625000 0.250000
vt 0.625000 0.230675
vt 0.625000 0.519325
vt 0.625000 0.099076
vt 0.625000 0.050263
vt 0.625000 0.699737
vt 0.625000 0.650924
vt 0.625000 0.602741
vt 0.625000 0.557804
vt 0.625000 0.192196
vt 0.625000 0.147259
vt 0.625000 0.000000
vt 0.625000 0.750000
s 0
f 2475/581/1483 2490/581/1483 2489/582/1483 2474/582/1483
f 2477/582/1484 2492/582/1484 2491/583/1484 2476/583/1484
f 2478/584/1485 2493/584/1485 2494/581/1485 2479/581/1485
f 2480/585/1486 2495/585/1486 2496/586/1486 2481/586/1486
f 2482/587/1487 2497/587/1487 2498/588/1487 2483/588/1487
f 2487/589/1488 2502/589/1488 2501/590/1488 2486/590/1488
f 2484/591/1489 2499/591/1489 2500/592/1489 2485/592/1489
f 2474/582/1490 2489/582/1490 2492/582/1490 2477/582/1490
f 2476/583/1491 2491/583/1491 2499/591/1491 2484/591/1491
f 2486/590/1492 2501/590/1492 2493/584/1492 2478/584/1492
f 2479/581/1493 2494/581/1493 2490/581/1493 2475/581/1493
f 2481/586/1494 2496/586/1494 2488/593/1494 2473/593/1494
f 2485/592/1495 2500/592/1495 2495/585/1495 2480/585/1495
f 2473/594/1496 2488/594/1496 2497/587/1496 2482/587/1496
f 2483/588/1497 2498/588/1497 2502/589/1497 2487/589/1497
f 2504/581/1498 2503/582/1498 2519/582/1498 2518/581/1498
f 2506/582/1499 2505/583/1499 2521/583/1499 2520/582/1499
f 2508/584/1500 2507/581/1500 2523/581/1500 2522/584/1500
f 2510/585/1501 2509/586/1501 2525/586/1501 2524/585/1501
f 2512/587/1502 2511/588/1502 2527/588/1502 2526/587/1502
f 2514/589/1503 2513/590/1503 2529/590/1503 2528/589/1503
f 2516/591/1504 2515/592/1504 2531/592/1504 2530/591/1504
f 2503/582/1505 2506/582/1505 2520/582/1505 2519/582/1505
f 2505/583/1506 2516/591/1506 2530/591/1506 2521/583/1506
f 2513/590/1507 2508/584/1507 2522/584/1507 2529/590/1507
f 2507/581/1508 2504/581/1508 2518/581/1508 2523/581/1508
f 2509/586/1509 2517/593/1509 2532/593/1509 2525/586/1509
f 2515/592/1510 2510/585/1510 2524/585/1510 2531/592/1510
f 2517/594/1511 2512/587/1511 2526/587/1511 2532/594/1511
f 2511/588/1512 2514/589/1512 2528/589/1512 2527/588/1512
f 2498/588/1513 2497/587/1513 2526/587/1513 2527/588/1513
f 2484/591/1514 2485/592/1514 2515/592/1514 2516/591/1514
f 2501/590/1515 2502/589/1515 2528/589/1515 2529/590/1515
f 2474/582/1516 2477/582/1516 2506/582/1516 2503/582/1516
f 2500/592/1517 2499/591/1517 2530/591/1517 2531/592/1517
f 2476/583/1518 2484/591/1518 2516/591/1518 2505/583/1518
f 2492/582/1519 2489/582/1519 2519/582/1519 2520/582/1519
f 2486/590/1520 2478/584/1520 2508/584/1520 2513/590/1520
f 2499/591/1521 2491/583/1521 2521/583/1521 2530/591/1521
f 2479/581/1522 2475/581/1522 2504/581/1522 2507/581/1522
f 2493/584/1523 2501/590/1523 2529/590/1523 2522/584/1523
f 2481/586/1524 2473/593/1524 2517/593/1524 2509/586/1524
f 2490/581/1525 2494/581/1525 2523/581/1525 2518/581/1525
f 2485/592/1526 2480/585/1526 2510/585/1526 2515/592/1526
f 2488/593/1527 2496/586/1527 2525/586/1527 2532/593/1527
f 2473/594/1528 2482/587/1528 2512/587/1528 2517/594/1528
f 2475/581/1529 2474/582/1529 2503/582/1529 2504/581/1529
f 2495/585/1530 2500/592/1530 2531/592/1530 2524/585/1530
f 2483/588/1531 2487/589/1531 2514/589/1531 2511/588/1531
f 2477/582/1532 2476/583/1532 2505/583/1532 2506/582/1532
f 2497/587/1533 2488/594/1533 2532/594/1533 2526/587/1533
f 2489/582/1534 2490/581/1534 2518/581/1534 2519/582/1534
f 2478/584/1535 2479/581/1535 2507/581/1535 2508/584/1535
f 2502/589/1536 2498/588/1536 2527/588/1536 2528/589/1536
f 2491/583/1537 2492/582/1537 2520/582/1537 2521/583/1537
f 2480/585/1538 2481/586/1538 2509/586/1538 2510/585/1538
f 2494/581/1539 2493/584/1539 2522/584/1539 2523/581/1539
f 2482/587/1540 2483/588/1540 2511/588/1540 2512/587/1540
f 2496/586/1541 2495/585/1541 2524/585/1541 2525/586/1541
f 2487/589/1542 2486/590/1542 2513/590/1542 2514/589/1542
o Inner_Rim
v 0.014500 0.620793 1.776864
v -0.014500 0.620793 1.776864
v -0.000000 0.600723 1.742786
v -0.726641 0.612608 -4.062530
v -0.700137 0.612458 -4.097361
v -0.701326 0.592571 -4.069646
v 0.723861 0.612608 -4.062555
v 0.698964 0.592572 -4.069504
v 0.697281 0.612458 -4.097361
v -0.859542 0.597850 -2.811785
v -0.878977 0.617855 -2.850392
v -0.950088 0.617210 -2.039846
v -0.929128 0.597219 -2.019206
v 0.929380 0.597219 -2.019454
v 0.950088 0.617210 -2.039846
v 0.878977 0.617855 -2.850392
v 0.859853 0.597850 -2.812401
v 0.392219 0.600214 1.016569
v 0.400663 0.620269 1.062224
v 0.712383 0.619032 0.333989
v 0.697198 0.599002 0.303331
v -0.697151 0.599002 0.303237
v -0.712383 0.619031 0.333989
v -0.400663 0.620269 1.062224
v -0.392208 0.600214 1.016506
v 0.846214 0.597927 -0.430554
v 0.864913 0.617933 -0.415667
v 0.947318 0.617224 -1.223913
v 0.926680 0.597233 -1.221306
v -0.926503 0.597233 -1.221284
v -0.947318 0.617224 -1.223913
v -0.864913 0.617933 -0.415667
v -0.846111 0.597926 -0.430636
v 0.013563 0.620464 1.550413
v -0.000000 0.600576 1.642203
v -0.013563 0.620464 1.550413
v -0.626901 0.613130 -3.930585
v -0.643495 0.592886 -3.993166
v -0.600355 0.613000 -3.965402
v 0.626901 0.613130 -3.930585
v 0.600355 0.613000 -3.965402
v 0.642996 0.592885 -3.993307
v -0.787155 0.617833 -2.668102
v -0.806654 0.597838 -2.706787
v -0.871883 0.597246 -1.962902
v -0.850838 0.617256 -1.942229
v 0.850838 0.617256 -1.942229
v 0.871642 0.597246 -1.962666
v 0.806358 0.597838 -2.706200
v 0.787155 0.617833 -2.668102
v 0.358808 0.619996 0.835786
v 0.367348 0.600051 0.882011
v 0.653289 0.598917 0.214614
v 0.637965 0.618887 0.183626
v -0.637965 0.618887 0.183626
v -0.653334 0.598917 0.214705
v -0.367359 0.600052 0.882074
v -0.358808 0.619996 0.835786
v 0.774561 0.617903 -0.487718
v 0.793393 0.597909 -0.472676
v 0.869110 0.597259 -1.214103
v 0.848357 0.617268 -1.211532
v -0.848357 0.617268 -1.211532
v -0.869279 0.597259 -1.214124
v -0.793492 0.597909 -0.472597
v -0.774561 0.617903 -0.487718
v 0.864913 0.657187 -0.415716
v 0.846214 0.677181 -0.430653
v 0.697198 0.678257 0.303234
v 0.712383 0.658286 0.333940
v 0.400663 0.659524 1.062174
v 0.392220 0.679469 1.016473
v 0.014506 0.660048 1.776560
v -0.000000 0.679978 1.742173
v -0.014506 0.660048 1.776560
v -0.712383 0.658286 0.333940
v -0.697152 0.678257 0.303140
v -0.846111 0.677181 -0.430735
v -0.864913 0.657187 -0.415716
v -0.392208 0.679469 1.016410
v -0.400663 0.659524 1.062174
v 0.950088 0.656464 -2.039896
v 0.929381 0.676474 -2.019554
v 0.926681 0.676488 -1.221405
v 0.947318 0.656478 -1.223962
v 0.723861 0.651863 -4.062604
v 0.697281 0.651712 -4.097410
v 0.698965 0.671827 -4.069604
v 0.859853 0.677105 -2.812501
v 0.878977 0.657109 -2.850441
v -0.947318 0.656478 -1.223962
v -0.926504 0.676488 -1.221383
v -0.929128 0.676474 -2.019305
v -0.950088 0.656464 -2.039896
v -0.878977 0.657109 -2.850441
v -0.859543 0.677105 -2.811885
v -0.726641 0.651863 -4.062579
v -0.701326 0.671826 -4.069746
v -0.700137 0.651712 -4.097410
v 0.793393 0.677164 -0.472775
v 0.774561 0.657158 -0.487767
v 0.637965 0.658142 0.183577
v 0.653289 0.678172 0.214515
v 0.367347 0.679306 0.881912
v 0.358808 0.659250 0.835737
v 0.013563 0.659719 1.550364
v -0.013563 0.659719 1.550364
v -0.000000 0.679831 1.642104
v -0.653334 0.678172 0.214606
v -0.637965 0.658142 0.183577
v -0.774561 0.657158 -0.487767
v -0.793492 0.677164 -0.472696
v -0.358808 0.659251 0.835737
v -0.367359 0.679306 0.881975
v 0.871642 0.676501 -1.962765
v 0.850838 0.656510 -1.942278
v 0.848357 0.656523 -1.211581
v 0.869110 0.676514 -1.214202
v 0.626901 0.652385 -3.930634
v 0.642996 0.672140 -3.993406
v 0.600355 0.652255 -3.965451
v 0.787155 0.657088 -2.668151
v 0.806358 0.677093 -2.706299
v -0.869279 0.676514 -1.214223
v -0.848357 0.656523 -1.211581
v -0.850838 0.656510 -1.942278
v -0.871883 0.676501 -1.963001
v -0.806654 0.677093 -2.706887
v -0.787155 0.657088 -2.668151
v -0.626901 0.652385 -3.930634
v -0.600355 0.652255 -3.965451
v -0.643495 0.672141 -3.993266
vn -0.0000 -0.8617 0.5075
vn -0.6248 -0.6215 -0.4727
vn 0.6280 -0.6149 -0.4769
vn -0.0000 -0.9773 -0.2118
vn 0.2895 -0.9305 0.2242
vn -0.2911 -0.9298 0.2254
vn -0.0000 0.8652 0.5014
vn 0.6267 0.6128 -0.4813
vn -0.6235 0.6194 -0.4771
vn -0.0000 0.9768 -0.2141
vn -0.2911 0.9314 0.2185
vn 0.2896 0.9322 0.2173
vn 0.6731 -0.7266 0.1379
vn 0.4995 -0.8230 0.2704
vn -0.6716 -0.7280 0.1376
vn -0.4993 -0.8232 0.2703
vn 0.6958 -0.7182 0.0024
vn 0.6399 -0.7644 -0.0786
vn -0.6921 -0.7218 0.0023
vn -0.6344 -0.7692 -0.0765
vn -0.6975 -0.7130 0.0716
vn 0.7000 -0.7105 0.0719
vn -0.5610 -0.7919 0.2413
vn 0.5617 -0.7912 0.2417
vn 0.6631 -0.7462 -0.0588
vn -0.6579 -0.7509 -0.0583
vn -0.0000 -0.8132 -0.5820
vn -0.6707 -0.7293 -0.1355
vn -0.5258 -0.8120 -0.2535
vn 0.6692 -0.7307 -0.1352
vn 0.5255 -0.8122 -0.2534
vn -0.6943 -0.7197 -0.0023
vn -0.6359 -0.7673 0.0836
vn 0.6908 -0.7230 -0.0024
vn 0.6293 -0.7727 0.0828
vn 0.6956 -0.7150 -0.0704
vn -0.6980 -0.7127 -0.0706
vn 0.5580 -0.7951 -0.2376
vn -0.5588 -0.7944 -0.2380
vn -0.6626 -0.7468 0.0576
vn 0.6576 -0.7512 0.0571
vn -0.0000 -0.8105 0.5857
vn 0.6737 0.7264 0.1359
vn 0.4974 0.8250 0.2682
vn -0.6722 0.7278 0.1355
vn -0.4972 0.8252 0.2681
vn 0.6962 0.7179 0.0023
vn 0.6364 0.7667 -0.0847
vn -0.6924 0.7215 0.0023
vn -0.6309 0.7714 -0.0826
vn -0.6977 0.7129 0.0704
vn 0.7002 0.7104 0.0707
vn -0.5619 0.7919 0.2390
vn 0.5627 0.7913 0.2394
vn 0.6642 0.7453 -0.0577
vn -0.6590 0.7500 -0.0572
vn -0.0000 0.8095 -0.5871
vn -0.6701 0.7294 -0.1375
vn -0.5272 0.8105 -0.2553
vn 0.6686 0.7309 -0.1373
vn 0.5269 0.8107 -0.2552
vn -0.6940 0.7200 -0.0024
vn -0.6387 0.7655 0.0782
vn 0.6905 0.7234 -0.0024
vn 0.6322 0.7709 0.0773
vn 0.6953 0.7151 -0.0716
vn -0.6977 0.7128 -0.0718
vn 0.5571 0.7950 -0.2400
vn -0.5579 0.7944 -0.2403
vn -0.6615 0.7477 0.0587
vn 0.6565 0.7520 0.0582
vn -0.0000 0.8142 0.5806
vn 0.7948 -0.0008 -0.6069
vn -0.7958 -0.0008 -0.6056
vn -0.0000 0.0077 1.0000
vn 0.7952 0.0008 0.6063
vn -0.7952 0.0008 0.6063
vn -0.0000 -0.0013 -1.0000
vn 0.8797 0.0021 0.4755
vn -0.0010 -1.0000 0.0012
vn 0.0010 -1.0000 0.0012
vn -0.8797 0.0021 0.4755
vn -0.9922 -0.0002 -0.1247
vn -0.0000 -1.0000 0.0041
vn -0.0032 -1.0000 0.0036
vn 0.9919 -0.0002 -0.1269
vn 0.0033 -1.0000 0.0036
vn -0.9962 -0.0001 -0.0874
vn 0.0011 -1.0000 -0.0007
vn -1.0000 -0.0000 0.0034
vn 0.0004 -1.0000 -0.0000
vn 1.0000 -0.0000 0.0034
vn -0.0005 -1.0000 -0.0000
vn 0.9962 -0.0001 -0.0874
vn -0.0011 -1.0000 -0.0007
vn 0.9193 0.0005 0.3935
vn -0.0008 -1.0000 0.0014
vn 0.9799 0.0002 0.1994
vn -0.0007 -1.0000 0.0013
vn -0.9799 0.0002 0.1994
vn 0.0007 -1.0000 0.0013
vn -0.9193 0.0005 0.3935
vn 0.0008 -1.0000 0.0014
vn 0.9948 0.0001 0.1014
vn -0.0003 -1.0000 0.0008
vn -0.9948 0.0001 0.1014
vn 0.0003 -1.0000 0.0008
vn -0.9004 -0.0005 -0.4350
vn 0.9004 -0.0005 -0.4350
vn 0.9920 0.0002 0.1259
vn -0.0000 0.0013 1.0000
vn -0.9920 0.0002 0.1259
vn 0.9962 0.0001 0.0874
vn 1.0000 -0.0000 -0.0034
vn -1.0000 -0.0000 -0.0034
vn -0.9962 0.0001 0.0874
vn -0.9193 -0.0005 -0.3935
vn -0.9799 -0.0002 -0.1994
vn 0.9799 -0.0002 -0.1994
vn 0.9193 -0.0005 -0.3935
vn -0.9948 -0.0001 -0.1014
vn 0.9948 -0.0001 -0.1014
vn 0.0003 1.0000 -0.0008
vn 0.0007 1.0000 -0.0013
vn 0.0008 1.0000 -0.0014
vn -0.0010 1.0000 -0.0012
vn 0.0010 1.0000 -0.0012
vn -0.0008 1.0000 -0.0014
vn -0.0007 1.0000 -0.0013
vn -0.0003 1.0000 -0.0008
vn 0.0011 1.0000 0.0007
vn 0.0005 1.0000 -0.0000
vn -0.0000 1.0000 -0.0041
vn -0.0033 1.0000 -0.0036
vn -0.0004 1.0000 -0.0000
vn -0.0011 1.0000 0.0007
vn 0.0032 1.0000 -0.0036
vt 0.000000 0.000000
s 0
f 2533/595/1543 2534/595/1543 2535/595/1543
f 2536/595/1544 2537/595/1544 2538/595/1544
f 2539/595/1545 2540/595/1545 2541/595/1545
f 2566/595/1546 2567/595/1546 2568/595/1546
f 2569/595/1547 2570/595/1547 2571/595/1547
f 2572/595/1548 2573/595/1548 2574/595/1548
f 2605/595/1549 2606/595/1549 2607/595/1549
f 2618/595/1550 2619/595/1550 2620/595/1550
f 2629/595/1551 2630/595/1551 2631/595/1551
f 2638/595/1552 2639/595/1552 2640/595/1552
f 2651/595/1553 2652/595/1553 2653/595/1553
f 2662/595/1554 2663/595/1554 2664/595/1554
f 2559/595/1555 2552/595/1555 2553/595/1555 2558/595/1555
f 2551/595/1556 2533/595/1556 2535/595/1556 2550/595/1556
f 2555/595/1557 2564/595/1557 2565/595/1557 2554/595/1557
f 2534/595/1558 2556/595/1558 2557/595/1558 2535/595/1558
f 2547/595/1559 2560/595/1559 2561/595/1559 2546/595/1559
f 2539/595/1560 2548/595/1560 2549/595/1560 2540/595/1560
f 2563/595/1561 2544/595/1561 2545/595/1561 2562/595/1561
f 2543/595/1562 2536/595/1562 2538/595/1562 2542/595/1562
f 2564/595/1563 2563/595/1563 2562/595/1563 2565/595/1563
f 2560/595/1564 2559/595/1564 2558/595/1564 2561/595/1564
f 2556/595/1565 2555/595/1565 2554/595/1565 2557/595/1565
f 2552/595/1566 2551/595/1566 2550/595/1566 2553/595/1566
f 2548/595/1567 2547/595/1567 2546/595/1567 2549/595/1567
f 2544/595/1568 2543/595/1568 2542/595/1568 2545/595/1568
f 2537/595/1569 2541/595/1569 2540/595/1569 2538/595/1569
f 2592/595/1570 2585/595/1570 2586/595/1570 2591/595/1570
f 2584/595/1571 2567/595/1571 2566/595/1571 2583/595/1571
f 2588/595/1572 2597/595/1572 2598/595/1572 2587/595/1572
f 2567/595/1573 2589/595/1573 2590/595/1573 2568/595/1573
f 2580/595/1574 2593/595/1574 2594/595/1574 2579/595/1574
f 2574/595/1575 2581/595/1575 2582/595/1575 2572/595/1575
f 2596/595/1576 2577/595/1576 2578/595/1576 2595/595/1576
f 2576/595/1577 2570/595/1577 2569/595/1577 2575/595/1577
f 2597/595/1578 2596/595/1578 2595/595/1578 2598/595/1578
f 2593/595/1579 2592/595/1579 2591/595/1579 2594/595/1579
f 2589/595/1580 2588/595/1580 2587/595/1580 2590/595/1580
f 2585/595/1581 2584/595/1581 2583/595/1581 2586/595/1581
f 2581/595/1582 2580/595/1582 2579/595/1582 2582/595/1582
f 2577/595/1583 2576/595/1583 2575/595/1583 2578/595/1583
f 2570/595/1584 2574/595/1584 2573/595/1584 2571/595/1584
f 2600/595/1585 2601/595/1585 2602/595/1585 2599/595/1585
f 2604/595/1586 2606/595/1586 2605/595/1586 2603/595/1586
f 2609/595/1587 2610/595/1587 2611/595/1587 2608/595/1587
f 2606/595/1588 2612/595/1588 2613/595/1588 2607/595/1588
f 2615/595/1589 2616/595/1589 2617/595/1589 2614/595/1589
f 2620/595/1590 2621/595/1590 2622/595/1590 2618/595/1590
f 2624/595/1591 2625/595/1591 2626/595/1591 2623/595/1591
f 2628/595/1592 2630/595/1592 2629/595/1592 2627/595/1592
f 2610/595/1593 2624/595/1593 2623/595/1593 2611/595/1593
f 2616/595/1594 2600/595/1594 2599/595/1594 2617/595/1594
f 2612/595/1595 2609/595/1595 2608/595/1595 2613/595/1595
f 2601/595/1596 2604/595/1596 2603/595/1596 2602/595/1596
f 2621/595/1597 2615/595/1597 2614/595/1597 2622/595/1597
f 2625/595/1598 2628/595/1598 2627/595/1598 2626/595/1598
f 2630/595/1599 2620/595/1599 2619/595/1599 2631/595/1599
f 2633/595/1600 2634/595/1600 2635/595/1600 2632/595/1600
f 2637/595/1601 2638/595/1601 2640/595/1601 2636/595/1601
f 2642/595/1602 2643/595/1602 2644/595/1602 2641/595/1602
f 2639/595/1603 2645/595/1603 2646/595/1603 2640/595/1603
f 2648/595/1604 2649/595/1604 2650/595/1604 2647/595/1604
f 2651/595/1605 2654/595/1605 2655/595/1605 2652/595/1605
f 2657/595/1606 2658/595/1606 2659/595/1606 2656/595/1606
f 2661/595/1607 2662/595/1607 2664/595/1607 2660/595/1607
f 2643/595/1608 2657/595/1608 2656/595/1608 2644/595/1608
f 2649/595/1609 2633/595/1609 2632/595/1609 2650/595/1609
f 2645/595/1610 2642/595/1610 2641/595/1610 2646/595/1610
f 2634/595/1611 2637/595/1611 2636/595/1611 2635/595/1611
f 2654/595/1612 2648/595/1612 2647/595/1612 2655/595/1612
f 2658/595/1613 2661/595/1613 2660/595/1613 2659/595/1613
f 2663/595/1614 2653/595/1614 2652/595/1614 2664/595/1614
f 2541/595/1615 2619/595/1615 2618/595/1615 2539/595/1615
f 2631/595/1616 2537/595/1616 2536/595/1616 2629/595/1616
f 2533/595/1617 2605/595/1617 2607/595/1617 2534/595/1617
f 2571/595/1618 2663/595/1618 2662/595/1618 2569/595/1618
f 2653/595/1619 2573/595/1619 2572/595/1619 2651/595/1619
f 2638/595/1620 2566/595/1620 2568/595/1620 2639/595/1620
f 2551/595/1621 2603/595/1621 2605/595/1621 2533/595/1621
f 2535/595/1622 2557/595/1622 2589/595/1622 2567/595/1622
f 2550/595/1623 2535/595/1623 2567/595/1623 2584/595/1623
f 2534/595/1624 2607/595/1624 2613/595/1624 2556/595/1624
f 2543/595/1625 2627/595/1625 2629/595/1625 2536/595/1625
f 2538/595/1626 2540/595/1626 2574/595/1626 2570/595/1626
f 2542/595/1627 2538/595/1627 2570/595/1627 2576/595/1627
f 2537/595/1620 2631/595/1620 2619/595/1620 2541/595/1620
f 2539/595/1628 2618/595/1628 2622/595/1628 2548/595/1628
f 2540/595/1629 2549/595/1629 2581/595/1629 2574/595/1629
f 2544/595/1630 2626/595/1630 2627/595/1630 2543/595/1630
f 2545/595/1631 2542/595/1631 2576/595/1631 2577/595/1631
f 2563/595/1632 2623/595/1632 2626/595/1632 2544/595/1632
f 2562/595/1633 2545/595/1633 2577/595/1633 2596/595/1633
f 2547/595/1634 2614/595/1634 2617/595/1634 2560/595/1634
f 2546/595/1635 2561/595/1635 2593/595/1635 2580/595/1635
f 2548/595/1636 2622/595/1636 2614/595/1636 2547/595/1636
f 2549/595/1637 2546/595/1637 2580/595/1637 2581/595/1637
f 2552/595/1638 2602/595/1638 2603/595/1638 2551/595/1638
f 2553/595/1639 2550/595/1639 2584/595/1639 2585/595/1639
f 2559/595/1640 2599/595/1640 2602/595/1640 2552/595/1640
f 2558/595/1641 2553/595/1641 2585/595/1641 2592/595/1641
f 2555/595/1642 2608/595/1642 2611/595/1642 2564/595/1642
f 2554/595/1643 2565/595/1643 2597/595/1643 2588/595/1643
f 2556/595/1644 2613/595/1644 2608/595/1644 2555/595/1644
f 2557/595/1645 2554/595/1645 2588/595/1645 2589/595/1645
f 2560/595/1646 2617/595/1646 2599/595/1646 2559/595/1646
f 2561/595/1647 2558/595/1647 2592/595/1647 2593/595/1647
f 2564/595/1648 2611/595/1648 2623/595/1648 2563/595/1648
f 2565/595/1649 2562/595/1649 2596/595/1649 2597/595/1649
f 2566/595/1650 2638/595/1650 2637/595/1650 2583/595/1650
f 2590/595/1651 2645/595/1651 2639/595/1651 2568/595/1651
f 2569/595/1652 2662/595/1652 2661/595/1652 2575/595/1652
f 2573/595/1653 2653/595/1653 2663/595/1653 2571/595/1653
f 2582/595/1654 2654/595/1654 2651/595/1654 2572/595/1654
f 2575/595/1655 2661/595/1655 2658/595/1655 2578/595/1655
f 2578/595/1656 2658/595/1656 2657/595/1656 2595/595/1656
f 2594/595/1657 2649/595/1657 2648/595/1657 2579/595/1657
f 2579/595/1658 2648/595/1658 2654/595/1658 2582/595/1658
f 2583/595/1659 2637/595/1659 2634/595/1659 2586/595/1659
f 2586/595/1660 2634/595/1660 2633/595/1660 2591/595/1660
f 2598/595/1661 2643/595/1661 2642/595/1661 2587/595/1661
f 2587/595/1662 2642/595/1662 2645/595/1662 2590/595/1662
f 2591/595/1663 2633/595/1663 2649/595/1663 2594/595/1663
f 2595/595/1664 2657/595/1664 2643/595/1664 2598/595/1664
f 2616/595/1665 2650/595/1665 2632/595/1665 2600/595/1665
f 2600/595/1666 2632/595/1666 2635/595/1666 2601/595/1666
f 2601/595/1667 2635/595/1667 2636/595/1667 2604/595/1667
f 2604/595/1668 2636/595/1668 2640/595/1668 2606/595/1668
f 2606/595/1669 2640/595/1669 2646/595/1669 2612/595/1669
f 2612/595/1670 2646/595/1670 2641/595/1670 2609/595/1670
f 2609/595/1671 2641/595/1671 2644/595/1671 2610/595/1671
f 2610/595/1672 2644/595/1672 2656/595/1672 2624/595/1672
f 2621/595/1673 2655/595/1673 2647/595/1673 2615/595/1673
f 2615/595/1674 2647/595/1674 2650/595/1674 2616/595/1674
f 2630/595/1675 2664/595/1675 2652/595/1675 2620/595/1675
f 2620/595/1676 2652/595/1676 2655/595/1676 2621/595/1676
f 2624/595/1677 2656/595/1677 2659/595/1677 2625/595/1677
f 2625/595/1678 2659/595/1678 2660/595/1678 2628/595/1678
f 2628/595/1679 2660/595/1679 2664/595/1679 2630/595/1679
o Cube.001
v 0.926054 1.067339 -1.621637
v 0.926054 1.123299 -1.621637
v 0.926054 1.067339 -1.802584
v 0.926054 1.123299 -1.802584
v 1.046891 1.067339 -1.621637
v 1.046891 1.123299 -1.621637
v 1.046891 1.067339 -1.802584
v 1.046891 1.123299 -1.802584
vn -1.0000 -0.0000 -0.0000
vn -0.0000 -0.0000 -1.0000
vn 1.0000 -0.0000 -0.0000
vn -0.0000 -0.0000 1.0000
vn -0.0000 -1.0000 -0.0000
vn -0.0000 1.0000 -0.0000
vt 0.375000 0.000000
vt 0.625000 0.000000
vt 0.625000 0.250000
vt 0.375000 0.250000
vt 0.625000 0.500000
vt 0.375000 0.500000
vt 0.625000 0.750000
vt 0.375000 0.750000
vt 0.625000 1.000000
vt 0.375000 1.000000
vt 0.125000 0.500000
vt 0.125000 0.750000
vt 0.875000 0.500000
vt 0.875000 0.750000
s 0
f 2665/596/1680 2666/597/1680 2668/598/1680 2667/599/1680
f 2667/599/1681 2668/598/1681 2672/600/1681 2671/601/1681
f 2671/601/1682 2672/600/1682 2670/602/1682 2669/603/1682
f 2669/603/1683 2670/602/1683 2666/604/1683 2665/605/1683
f 2667/606/1684 2671/601/1684 2669/603/1684 2665/607/1684
f 2672/600/1685 2668/608/1685 2666/609/1685 2670/602/1685
o Cube.002
v -1.050996 1.067339 -1.621637
v -1.050996 1.123299 -1.621637
v -1.050996 1.067339 -1.802584
v -1.050996 1.123299 -1.802584
v -0.930160 1.067339 -1.621637
v -0.930160 1.123299 -1.621637
v -0.930160 1.067339 -1.802584
v -0.930160 1.123299 -1.802584
vn -1.0000 -0.0000 -0.0000
vn -0.0000 -0.0000 -1.0000
vn 1.0000 -0.0000 -0.0000
vn -0.0000 -0.0000 1.0000
vn -0.0000 -1.0000 -0.0000
vn -0.0000 1.0000 -0.0000
vt 0.375000 0.000000
vt 0.625000 0.000000
vt 0.625000 0.250000
vt 0.375000 0.250000
vt 0.625000 0.500000
vt 0.375000 0.500000
vt 0.625000 0.750000
vt 0.375000 0.750000
vt 0.625000 1.000000
vt 0.375000 1.000000
vt 0.125000 0.500000
vt 0.125000 0.750000
vt 0.875000 0.500000
vt 0.875000 0.750000
s 0
f 2673/610/1686 2674/611/1686 2676/612/1686 2675/613/1686
f 2675/613/1687 2676/612/1687 2680/614/1687 2679/615/1687
f 2679/615/1688 2680/614/1688 2678/616/1688 2677/617/1688
f 2677/617/1689 2678/616/1689 2674/618/1689 2673/619/1689
f 2675/620/1690 2679/615/1690 2677/617/1690 2673/621/1690
f 2680/614/1691 2676/622/1691 2674/623/1691 2678/616/1691
o Torus
v -0.986989 1.076013 -1.707244
v -0.979035 1.078144 -1.707244
v -0.973213 1.083966 -1.707244
v -0.971082 1.091920 -1.707244
v -0.973213 1.099873 -1.707244
v -0.979035 1.105696 -1.707244
v -0.986989 1.107827 -1.707244
v -0.994942 1.105696 -1.707244
v -1.000764 1.099873 -1.707244
v -1.002896 1.091920 -1.707244
v -1.000764 1.083966 -1.707244
v -0.994942 1.078144 -1.707244
v -0.986989 1.076694 -1.717626
v -0.979035 1.078806 -1.717348
v -0.973213 1.084579 -1.716588
v -0.971082 1.092464 -1.715549
v -0.973213 1.100350 -1.714511
v -0.979035 1.106122 -1.713751
v -0.986989 1.108235 -1.713473
v -0.994942 1.106122 -1.713751
v -1.000764 1.100350 -1.714511
v -1.002896 1.092464 -1.715549
v -1.000764 1.084579 -1.716588
v -0.994942 1.078806 -1.717348
v -0.986989 1.078723 -1.727829
v -0.979035 1.080782 -1.727278
v -0.973213 1.086406 -1.725771
v -0.971082 1.094088 -1.723712
v -0.973213 1.101770 -1.721654
v -0.979035 1.107394 -1.720147
v -0.986989 1.109453 -1.719595
v -0.994942 1.107394 -1.720147
v -1.000764 1.101770 -1.721654
v -1.002896 1.094088 -1.723712
v -1.000764 1.086406 -1.725771
v -0.994942 1.080782 -1.727278
v -0.986989 1.082067 -1.737681
v -0.979035 1.084036 -1.736865
v -0.973213 1.089415 -1.734637
v -0.971082 1.096763 -1.731593
v -0.973213 1.104111 -1.728550
v -0.979035 1.109490 -1.726322
v -0.986989 1.111459 -1.725506
v -0.994942 1.109490 -1.726322
v -1.000764 1.104111 -1.728550
v -1.002896 1.096763 -1.731593
v -1.000764 1.089415 -1.734637
v -0.994942 1.084036 -1.736865
v -0.986989 1.086669 -1.747011
v -0.979035 1.088514 -1.745946
v -0.973213 1.093557 -1.743035
v -0.971082 1.100444 -1.739058
v -0.973213 1.107332 -1.735081
v -0.979035 1.112374 -1.732170
v -0.986989 1.114220 -1.731105
v -0.994942 1.112374 -1.732170
v -1.000764 1.107332 -1.735081
v -1.002896 1.100444 -1.739058
v -1.000764 1.093557 -1.743035
v -0.994942 1.088514 -1.745946
v -0.986989 1.092448 -1.755662
v -0.979035 1.094139 -1.754364
v -0.973213 1.098758 -1.750820
v -0.971082 1.105068 -1.745978
v -0.973213 1.111378 -1.741136
v -0.979035 1.115997 -1.737592
v -0.986989 1.117688 -1.736295
v -0.994942 1.115997 -1.737592
v -1.000764 1.111378 -1.741136
v -1.002896 1.105068 -1.745978
v -1.000764 1.098758 -1.750820
v -0.994942 1.094139 -1.754364
v -0.986989 1.099308 -1.763484
v -0.979035 1.100815 -1.761977
v -0.973213 1.104932 -1.757860
v -0.971082 1.110556 -1.752236
v -0.973213 1.116180 -1.746612
v -0.979035 1.120297 -1.742495
v -0.986989 1.121804 -1.740988
v -0.994942 1.120297 -1.742495
v -1.000764 1.116180 -1.746612
v -1.002896 1.110556 -1.752236
v -1.000764 1.104932 -1.757860
v -0.994942 1.100815 -1.761977
v -0.986989 1.107130 -1.770343
v -0.979035 1.108427 -1.768652
v -0.973213 1.111972 -1.764033
v -0.971082 1.116813 -1.757723
v -0.973213 1.121655 -1.751413
v -0.979035 1.125199 -1.746794
v -0.986989 1.126497 -1.745104
v -0.994942 1.125199 -1.746794
v -1.000764 1.121655 -1.751413
v -1.002896 1.116813 -1.757723
v -1.000764 1.111972 -1.764033
v -0.994942 1.108427 -1.768652
v -0.986989 1.115780 -1.776123
v -0.979035 1.116846 -1.774277
v -0.973213 1.119757 -1.769235
v -0.971082 1.123734 -1.762347
v -0.973213 1.127710 -1.755459
v -0.979035 1.130621 -1.750417
v -0.986989 1.131687 -1.748572
v -0.994942 1.130621 -1.750417
v -1.000764 1.127710 -1.755459
v -1.002896 1.123734 -1.762347
v -1.000764 1.119757 -1.769235
v -0.994942 1.116846 -1.774277
v -0.986989 1.125111 -1.780724
v -0.979035 1.125926 -1.778755
v -0.973213 1.128154 -1.773376
v -0.971082 1.131198 -1.766028
v -0.973213 1.134242 -1.758680
v -0.979035 1.136470 -1.753301
v -0.986989 1.137285 -1.751332
v -0.994942 1.136470 -1.753301
v -1.000764 1.134242 -1.758680
v -1.002896 1.131198 -1.766028
v -1.000764 1.128154 -1.773376
v -0.994942 1.125926 -1.778755
v -0.986989 1.134962 -1.784068
v -0.979035 1.135514 -1.782010
v -0.973213 1.137021 -1.776386
v -0.971082 1.139079 -1.768704
v -0.973213 1.141138 -1.761021
v -0.979035 1.142645 -1.755397
v -0.986989 1.143196 -1.753339
v -0.994942 1.142645 -1.755397
v -1.000764 1.141138 -1.761021
v -1.002896 1.139079 -1.768704
v -1.000764 1.137021 -1.776386
v -0.994942 1.135514 -1.782010
v -0.986989 1.145166 -1.786098
v -0.979035 1.145444 -1.783985
v -0.973213 1.146204 -1.778213
v -0.971082 1.147242 -1.770327
v -0.973213 1.148280 -1.762442
v -0.979035 1.149040 -1.756669
v -0.986989 1.149318 -1.754557
v -0.994942 1.149040 -1.756669
v -1.000764 1.148280 -1.762442
v -1.002896 1.147242 -1.770327
v -1.000764 1.146204 -1.778213
v -0.994942 1.145444 -1.783985
v -0.986989 1.155547 -1.786778
v -0.979035 1.155547 -1.784647
v -0.973213 1.155547 -1.778825
v -0.971082 1.155547 -1.770872
v -0.973213 1.155547 -1.762918
v -0.979035 1.155547 -1.757096
v -0.986989 1.155547 -1.754965
v -0.994942 1.155547 -1.757096
v -1.000764 1.155547 -1.762918
v -1.002896 1.155547 -1.770872
v -1.000764 1.155547 -1.778825
v -0.994942 1.155547 -1.784647
v -0.986989 1.165928 -1.786098
v -0.979035 1.165650 -1.783985
v -0.973213 1.164890 -1.778213
v -0.971082 1.163852 -1.770327
v -0.973213 1.162814 -1.762442
v -0.979035 1.162054 -1.756669
v -0.986989 1.161776 -1.754557
v -0.994942 1.162054 -1.756669
v -1.000764 1.162814 -1.762442
v -1.002896 1.163852 -1.770327
v -1.000764 1.164890 -1.778213
v -0.994942 1.165650 -1.783985
v -0.986989 1.176132 -1.784068
v -0.979035 1.175581 -1.782010
v -0.973213 1.174074 -1.776386
v -0.971082 1.172015 -1.768704
v -0.973213 1.169957 -1.761021
v -0.979035 1.168450 -1.755397
v -0.986989 1.167898 -1.753339
v -0.994942 1.168450 -1.755397
v -1.000764 1.169957 -1.761021
v -1.002896 1.172015 -1.768704
v -1.000764 1.174074 -1.776386
v -0.994942 1.175581 -1.782010
v -0.986989 1.185984 -1.780724
v -0.979035 1.185168 -1.778755
v -0.973213 1.182940 -1.773376
v -0.971082 1.179896 -1.766028
v -0.973213 1.176853 -1.758680
v -0.979035 1.174625 -1.753301
v -0.986989 1.173809 -1.751332
v -0.994942 1.174625 -1.753301
v -1.000764 1.176853 -1.758680
v -1.002895 1.179896 -1.766028
v -1.000764 1.182940 -1.773376
v -0.994942 1.185168 -1.778755
v -0.986989 1.195314 -1.776123
v -0.979035 1.194249 -1.774277
v -0.973213 1.191337 -1.769235
v -0.971082 1.187361 -1.762347
v -0.973213 1.183384 -1.755459
v -0.979035 1.180473 -1.750417
v -0.986989 1.179407 -1.748572
v -0.994942 1.180473 -1.750417
v -1.000764 1.183384 -1.755459
v -1.002895 1.187361 -1.762347
v -1.000764 1.191337 -1.769235
v -0.994942 1.194249 -1.774277
v -0.986989 1.203964 -1.770343
v -0.979035 1.202667 -1.768652
v -0.973213 1.199123 -1.764033
v -0.971082 1.194281 -1.757723
v -0.973213 1.189439 -1.751413
v -0.979035 1.185895 -1.746794
v -0.986989 1.184597 -1.745104
v -0.994942 1.185895 -1.746794
v -1.000764 1.189439 -1.751413
v -1.002895 1.194281 -1.757723
v -1.000764 1.199123 -1.764033
v -0.994942 1.202667 -1.768652
v -0.986989 1.211786 -1.763483
v -0.979035 1.210279 -1.761976
v -0.973213 1.206162 -1.757860
v -0.971082 1.200538 -1.752236
v -0.973213 1.194914 -1.746612
v -0.979035 1.190798 -1.742495
v -0.986989 1.189291 -1.740988
v -0.994942 1.190798 -1.742495
v -1.000764 1.194914 -1.746612
v -1.002895 1.200538 -1.752236
v -1.000764 1.206162 -1.757860
v -0.994942 1.210279 -1.761976
v -0.986989 1.218646 -1.755662
v -0.979035 1.216955 -1.754364
v -0.973213 1.212336 -1.750820
v -0.971082 1.206026 -1.745978
v -0.973213 1.199716 -1.741136
v -0.979035 1.195097 -1.737592
v -0.986989 1.193406 -1.736295
v -0.994942 1.195097 -1.737592
v -1.000764 1.199716 -1.741136
v -1.002895 1.206026 -1.745978
v -1.000764 1.212336 -1.750820
v -0.994942 1.216955 -1.754364
v -0.986989 1.224426 -1.747011
v -0.979035 1.222580 -1.745946
v -0.973213 1.217538 -1.743035
v -0.971082 1.210650 -1.739058
v -0.973213 1.203762 -1.735081
v -0.979035 1.198720 -1.732170
v -0.986989 1.196874 -1.731105
v -0.994942 1.198720 -1.732170
v -1.000764 1.203762 -1.735081
v -1.002895 1.210650 -1.739058
v -1.000764 1.217538 -1.743035
v -0.994942 1.222580 -1.745946
v -0.986989 1.229027 -1.737681
v -0.979035 1.227058 -1.736865
v -0.973213 1.221679 -1.734637
v -0.971082 1.214331 -1.731593
v -0.973213 1.206983 -1.728550
v -0.979035 1.201604 -1.726322
v -0.986989 1.199635 -1.725506
v -0.994942 1.201604 -1.726322
v -1.000764 1.206983 -1.728550
v -1.002895 1.214331 -1.731593
v -1.000764 1.221679 -1.734637
v -0.994942 1.227058 -1.736865
v -0.986989 1.232371 -1.727829
v -0.979035 1.230313 -1.727278
v -0.973213 1.224689 -1.725771
v -0.971082 1.217006 -1.723712
v -0.973213 1.209324 -1.721654
v -0.979035 1.203700 -1.720147
v -0.986989 1.201642 -1.719595
v -0.994942 1.203700 -1.720147
v -1.000764 1.209324 -1.721654
v -1.002895 1.217006 -1.723712
v -1.000764 1.224689 -1.725771
v -0.994942 1.230313 -1.727278
v -0.986989 1.234401 -1.717626
v -0.979035 1.232288 -1.717348
v -0.973213 1.226515 -1.716588
v -0.971082 1.218630 -1.715549
v -0.973213 1.210745 -1.714511
v -0.979035 1.204972 -1.713751
v -0.986989 1.202859 -1.713473
v -0.994942 1.204972 -1.713751
v -1.000764 1.210745 -1.714511
v -1.002895 1.218630 -1.715549
v -1.000764 1.226515 -1.716588
v -0.994942 1.232288 -1.717348
v -0.986989 1.235081 -1.707244
v -0.979035 1.232950 -1.707244
v -0.973213 1.227128 -1.707244
v -0.971082 1.219174 -1.707244
v -0.973213 1.211221 -1.707244
v -0.979035 1.205399 -1.707244
v -0.986989 1.203268 -1.707244
v -0.994942 1.205399 -1.707244
v -1.000764 1.211221 -1.707244
v -1.002895 1.219174 -1.707244
v -1.000764 1.227128 -1.707244
v -0.994942 1.232950 -1.707244
v -0.986989 1.234401 -1.696863
v -0.979035 1.232288 -1.697141
v -0.973213 1.226515 -1.697901
v -0.971082 1.218630 -1.698939
v -0.973213 1.210745 -1.699978
v -0.979035 1.204972 -1.700737
v -0.986989 1.202859 -1.701016
v -0.994942 1.204972 -1.700737
v -1.000764 1.210745 -1.699978
v -1.002895 1.218630 -1.698939
v -1.000764 1.226515 -1.697901
v -0.994942 1.232288 -1.697141
v -0.986989 1.232371 -1.686659
v -0.979035 1.230313 -1.687211
v -0.973213 1.224689 -1.688718
v -0.971082 1.217006 -1.690776
v -0.973213 1.209324 -1.692835
v -0.979035 1.203700 -1.694342
v -0.986989 1.201642 -1.694893
v -0.994942 1.203700 -1.694342
v -1.000764 1.209324 -1.692835
v -1.002895 1.217006 -1.690776
v -1.000764 1.224689 -1.688718
v -0.994942 1.230313 -1.687211
v -0.986989 1.229027 -1.676808
v -0.979035 1.227058 -1.677624
v -0.973213 1.221679 -1.679852
v -0.971082 1.214331 -1.682895
v -0.973213 1.206983 -1.685939
v -0.979035 1.201604 -1.688167
v -0.986989 1.199635 -1.688983
v -0.994942 1.201604 -1.688167
v -1.000764 1.206983 -1.685939
v -1.002895 1.214331 -1.682895
v -1.000764 1.221679 -1.679852
v -0.994942 1.227058 -1.677624
v -0.986989 1.224426 -1.667477
v -0.979035 1.222580 -1.668543
v -0.973213 1.217538 -1.671454
v -0.971082 1.210650 -1.675431
v -0.973213 1.203762 -1.679407
v -0.979035 1.198720 -1.682319
v -0.986989 1.196874 -1.683384
v -0.994942 1.198720 -1.682319
v -1.000764 1.203762 -1.679407
v -1.002895 1.210650 -1.675431
v -1.000764 1.217538 -1.671454
v -0.994942 1.222580 -1.668543
v -0.986989 1.218646 -1.658827
v -0.979035 1.216955 -1.660124
v -0.973213 1.212336 -1.663669
v -0.971082 1.206026 -1.668511
v -0.973213 1.199716 -1.673352
v -0.979035 1.195097 -1.676897
v -0.986989 1.193406 -1.678194
v -0.994942 1.195097 -1.676897
v -1.000764 1.199716 -1.673352
v -1.002895 1.206026 -1.668511
v -1.000764 1.212336 -1.663669
v -0.994942 1.216955 -1.660124
v -0.986989 1.211786 -1.651005
v -0.979035 1.210279 -1.652512
v -0.973213 1.206162 -1.656629
v -0.971082 1.200538 -1.662253
v -0.973213 1.194914 -1.667877
v -0.979035 1.190798 -1.671994
v -0.986989 1.189291 -1.673501
v -0.994942 1.190798 -1.671994
v -1.000764 1.194914 -1.667877
v -1.002895 1.200538 -1.662253
v -1.000764 1.206162 -1.656629
v -0.994942 1.210279 -1.652512
v -0.986989 1.203964 -1.644146
v -0.979035 1.202667 -1.645837
v -0.973213 1.199123 -1.650456
v -0.971082 1.194281 -1.656766
v -0.973213 1.189439 -1.663075
v -0.979035 1.185895 -1.667695
v -0.986989 1.184597 -1.669385
v -0.994942 1.185895 -1.667695
v -1.000764 1.189439 -1.663075
v -1.002895 1.194281 -1.656766
v -1.000764 1.199123 -1.650456
v -0.994942 1.202667 -1.645837
v -0.986989 1.195314 -1.638366
v -0.979035 1.194249 -1.640211
v -0.973213 1.191337 -1.645254
v -0.971082 1.187361 -1.652142
v -0.973213 1.183384 -1.659029
v -0.979035 1.180473 -1.664072
v -0.986989 1.179407 -1.665917
v -0.994942 1.180473 -1.664072
v -1.000764 1.183384 -1.659029
v -1.002895 1.187361 -1.652142
v -1.000764 1.191337 -1.645254
v -0.994942 1.194249 -1.640211
v -0.986989 1.185984 -1.633765
v -0.979035 1.185168 -1.635733
v -0.973213 1.182940 -1.641112
v -0.971082 1.179896 -1.648461
v -0.973213 1.176853 -1.655808
v -0.979035 1.174625 -1.661188
v -0.986989 1.173809 -1.663157
v -0.994942 1.174625 -1.661188
v -1.000764 1.176853 -1.655808
v -1.002895 1.179896 -1.648461
v -1.000764 1.182940 -1.641112
v -0.994942 1.185168 -1.635733
v -0.986989 1.176132 -1.630420
v -0.979035 1.175581 -1.632479
v -0.973213 1.174074 -1.638103
v -0.971082 1.172015 -1.645785
v -0.973213 1.169957 -1.653468
v -0.979035 1.168450 -1.659091
v -0.986989 1.167898 -1.661150
v -0.994942 1.168450 -1.659091
v -1.000764 1.169957 -1.653468
v -1.002896 1.172015 -1.645785
v -1.000764 1.174074 -1.638103
v -0.994942 1.175581 -1.632479
v -0.986989 1.165928 -1.628391
v -0.979035 1.165650 -1.630504
v -0.973213 1.164890 -1.636276
v -0.971082 1.163852 -1.644161
v -0.973213 1.162814 -1.652047
v -0.979035 1.162054 -1.657819
v -0.986989 1.161776 -1.659932
v -0.994942 1.162054 -1.657819
v -1.000764 1.162814 -1.652047
v -1.002896 1.163852 -1.644161
v -1.000764 1.164890 -1.636276
v -0.994942 1.165650 -1.630504
v -0.986989 1.155547 -1.627710
v -0.979035 1.155547 -1.629841
v -0.973213 1.155547 -1.635664
v -0.971082 1.155547 -1.643617
v -0.973213 1.155547 -1.651571
v -0.979035 1.155547 -1.657393
v -0.986989 1.155547 -1.659524
v -0.994942 1.155547 -1.657393
v -1.000764 1.155547 -1.651571
v -1.002896 1.155547 -1.643617
v -1.000764 1.155547 -1.635664
v -0.994942 1.155547 -1.629841
v -0.986989 1.145166 -1.628391
v -0.979035 1.145444 -1.630504
v -0.973213 1.146204 -1.636276
v -0.971082 1.147242 -1.644161
v -0.973213 1.148280 -1.652047
v -0.979035 1.149040 -1.657819
v -0.986989 1.149318 -1.659932
v -0.994942 1.149040 -1.657819
v -1.000764 1.148280 -1.652047
v -1.002896 1.147242 -1.644161
v -1.000764 1.146204 -1.636276
v -0.994942 1.145444 -1.630504
v -0.986989 1.134962 -1.630420
v -0.979035 1.135514 -1.632479
v -0.973213 1.137021 -1.638103
v -0.971082 1.139079 -1.645785
v -0.973213 1.141138 -1.653468
v -0.979035 1.142645 -1.659091
v -0.986989 1.143196 -1.661150
v -0.994942 1.142645 -1.659091
v -1.000764 1.141138 -1.653468
v -1.002896 1.139079 -1.645785
v -1.000764 1.137021 -1.638103
v -0.994942 1.135514 -1.632479
v -0.986989 1.125111 -1.633765
v -0.979035 1.125926 -1.635733
v -0.973213 1.128154 -1.641113
v -0.971082 1.131198 -1.648461
v -0.973213 1.134242 -1.655808
v -0.979035 1.136470 -1.661188
v -0.986989 1.137285 -1.663157
v -0.994942 1.136470 -1.661188
v -1.000764 1.134242 -1.655808
v -1.002896 1.131198 -1.648461
v -1.000764 1.128154 -1.641113
v -0.994942 1.125926 -1.635733
v -0.986989 1.115780 -1.638366
v -0.979035 1.116846 -1.640211
v -0.973213 1.119757 -1.645254
v -0.971082 1.123734 -1.652142
v -0.973213 1.127710 -1.659029
v -0.979035 1.130621 -1.664072
v -0.986989 1.131687 -1.665917
v -0.994942 1.130621 -1.664072
v -1.000764 1.127710 -1.659029
v -1.002896 1.123734 -1.652142
v -1.000764 1.119757 -1.645254
v -0.994942 1.116846 -1.640211
v -0.986989 1.107130 -1.644146
v -0.979035 1.108427 -1.645836
v -0.973213 1.111972 -1.650456
v -0.971082 1.116813 -1.656765
v -0.973213 1.121655 -1.663075
v -0.979035 1.125199 -1.667694
v -0.986989 1.126497 -1.669385
v -0.994942 1.125199 -1.667694
v -1.000764 1.121655 -1.663075
v -1.002896 1.116813 -1.656765
v -1.000764 1.111972 -1.650456
v -0.994942 1.108427 -1.645836
v -0.986989 1.099308 -1.651005
v -0.979035 1.100815 -1.652512
v -0.973213 1.104932 -1.656629
v -0.971082 1.110556 -1.662253
v -0.973213 1.116180 -1.667877
v -0.979035 1.120297 -1.671994
v -0.986989 1.121804 -1.673501
v -0.994942 1.120297 -1.671994
v -1.000764 1.116180 -1.667877
v -1.002896 1.110556 -1.662253
v -1.000764 1.104932 -1.656629
v -0.994942 1.100815 -1.652512
v -0.986989 1.092448 -1.658827
v -0.979035 1.094139 -1.660124
v -0.973213 1.098758 -1.663669
v -0.971082 1.105068 -1.668511
v -0.973213 1.111378 -1.673352
v -0.979035 1.115997 -1.676897
v -0.986989 1.117688 -1.678194
v -0.994942 1.115997 -1.676897
v -1.000764 1.111378 -1.673352
v -1.002896 1.105068 -1.668511
v -1.000764 1.098758 -1.663669
v -0.994942 1.094139 -1.660124
v -0.986989 1.086669 -1.667477
v -0.979035 1.088514 -1.668543
v -0.973213 1.093557 -1.671454
v -0.971082 1.100444 -1.675431
v -0.973213 1.107332 -1.679407
v -0.979035 1.112374 -1.682319
v -0.986989 1.114220 -1.683384
v -0.994942 1.112374 -1.682319
v -1.000764 1.107332 -1.679407
v -1.002896 1.100444 -1.675431
v -1.000764 1.093557 -1.671454
v -0.994942 1.088514 -1.668543
v -0.986989 1.082067 -1.676808
v -0.979035 1.084036 -1.677624
v -0.973213 1.089415 -1.679852
v -0.971082 1.096763 -1.682895
v -0.973213 1.104111 -1.685939
v -0.979035 1.109490 -1.688167
v -0.986989 1.111459 -1.688983
v -0.994942 1.109490 -1.688167
v -1.000764 1.104111 -1.685939
v -1.002896 1.096763 -1.682895
v -1.000764 1.089415 -1.679852
v -0.994942 1.084036 -1.677624
v -0.986989 1.078723 -1.686659
v -0.979035 1.080782 -1.687211
v -0.973213 1.086406 -1.688718
v -0.971082 1.094088 -1.690776
v -0.973213 1.101770 -1.692835
v -0.979035 1.107394 -1.694342
v -0.986989 1.109453 -1.694893
v -0.994942 1.107394 -1.694342
v -1.000764 1.101770 -1.692835
v -1.002896 1.094088 -1.690776
v -1.000764 1.086406 -1.688718
v -0.994942 1.080782 -1.687211
v -0.986989 1.076694 -1.696863
v -0.979035 1.078806 -1.697141
v -0.973213 1.084579 -1.697901
v -0.971082 1.092464 -1.698939
v -0.973213 1.100350 -1.699978
v -0.979035 1.106122 -1.700737
v -0.986989 1.108235 -1.701016
v -0.994942 1.106122 -1.700737
v -1.000764 1.100350 -1.699978
v -1.002896 1.092464 -1.698939
v -1.000764 1.084579 -1.697901
v -0.994942 1.078806 -1.697141
vn 0.2583 -0.9640 -0.0632
vn 0.7063 -0.7063 -0.0463
vn 0.9658 -0.2588 -0.0170
vn 0.9658 0.2588 0.0170
vn 0.7063 0.7063 0.0463
vn 0.2583 0.9640 0.0632
vn -0.2583 0.9640 0.0632
vn -0.7063 0.7063 0.0463
vn -0.9658 0.2588 0.0170
vn -0.9658 -0.2588 -0.0170
vn -0.7063 -0.7063 -0.0463
vn -0.2583 -0.9640 -0.0632
vn 0.2583 -0.9475 -0.1885
vn 0.7063 -0.6943 -0.1381
vn 0.9658 -0.2544 -0.0506
vn 0.9658 0.2544 0.0506
vn 0.7063 0.6943 0.1381
vn 0.2583 0.9475 0.1885
vn -0.2583 0.9475 0.1885
vn -0.7063 0.6943 0.1381
vn -0.9658 0.2544 0.0506
vn -0.9658 -0.2544 -0.0506
vn -0.7063 -0.6943 -0.1381
vn -0.2583 -0.9475 -0.1885
vn 0.2583 -0.9148 -0.3105
vn 0.7063 -0.6703 -0.2275
vn 0.9658 -0.2456 -0.0834
vn 0.9658 0.2456 0.0834
vn 0.7063 0.6703 0.2275
vn 0.2583 0.9148 0.3105
vn -0.2583 0.9148 0.3105
vn -0.7063 0.6703 0.2275
vn -0.9658 0.2456 0.0834
vn -0.9658 -0.2456 -0.0834
vn -0.7063 -0.6703 -0.2275
vn -0.2583 -0.9148 -0.3105
vn 0.2583 -0.8664 -0.4273
vn 0.7063 -0.6349 -0.3131
vn 0.9658 -0.2326 -0.1147
vn 0.9658 0.2326 0.1147
vn 0.7063 0.6349 0.3131
vn 0.2583 0.8664 0.4273
vn -0.2583 0.8664 0.4273
vn -0.7063 0.6349 0.3131
vn -0.9658 0.2326 0.1147
vn -0.9658 -0.2326 -0.1147
vn -0.7063 -0.6349 -0.3131
vn -0.2583 -0.8664 -0.4273
vn 0.2583 -0.8033 -0.5367
vn 0.7063 -0.5886 -0.3933
vn 0.9658 -0.2156 -0.1441
vn 0.9658 0.2156 0.1441
vn 0.7063 0.5886 0.3933
vn 0.2583 0.8033 0.5367
vn -0.2583 0.8033 0.5367
vn -0.7063 0.5886 0.3933
vn -0.9658 0.2156 0.1441
vn -0.9658 -0.2156 -0.1441
vn -0.7063 -0.5886 -0.3933
vn -0.2583 -0.8033 -0.5367
vn 0.2583 -0.7263 -0.6370
vn 0.7063 -0.5322 -0.4667
vn 0.9658 -0.1950 -0.1710
vn 0.9658 0.1950 0.1710
vn 0.7063 0.5322 0.4667
vn 0.2583 0.7263 0.6370
vn -0.2583 0.7263 0.6370
vn -0.7063 0.5322 0.4667
vn -0.9658 0.1950 0.1710
vn -0.9658 -0.1950 -0.1710
vn -0.7063 -0.5322 -0.4667
vn -0.2583 -0.7263 -0.6370
vn 0.2583 -0.6370 -0.7263
vn 0.7063 -0.4667 -0.5322
vn 0.9658 -0.1710 -0.1950
vn 0.9658 0.1710 0.1950
vn 0.7063 0.4667 0.5322
vn 0.2583 0.6370 0.7263
vn -0.2583 0.6370 0.7263
vn -0.7063 0.4667 0.5322
vn -0.9658 0.1710 0.1950
vn -0.9658 -0.1710 -0.1950
vn -0.7063 -0.4667 -0.5322
vn -0.2583 -0.6370 -0.7263
vn 0.2583 -0.5367 -0.8033
vn 0.7063 -0.3933 -0.5886
vn 0.9658 -0.1441 -0.2156
vn 0.9658 0.1441 0.2156
vn 0.7063 0.3933 0.5886
vn 0.2583 0.5367 0.8033
vn -0.2583 0.5367 0.8033
vn -0.7063 0.3933 0.5886
vn -0.9658 0.1441 0.2156
vn -0.9658 -0.1441 -0.2156
vn -0.7063 -0.3933 -0.5886
vn -0.2583 -0.5367 -0.8033
vn 0.2583 -0.4273 -0.8664
vn 0.7063 -0.3131 -0.6349
vn 0.9658 -0.1147 -0.2326
vn 0.9658 0.1147 0.2326
vn 0.7063 0.3131 0.6349
vn 0.2583 0.4273 0.8664
vn -0.2583 0.4273 0.8664
vn -0.7063 0.3131 0.6349
vn -0.9658 0.1147 0.2326
vn -0.9658 -0.1147 -0.2326
vn -0.7063 -0.3131 -0.6349
vn -0.2583 -0.4273 -0.8664
vn 0.2583 -0.3105 -0.9148
vn 0.7063 -0.2275 -0.6703
vn 0.9658 -0.0834 -0.2456
vn 0.9658 0.0834 0.2456
vn 0.7063 0.2275 0.6703
vn 0.2583 0.3105 0.9148
vn -0.2583 0.3105 0.9148
vn -0.7063 0.2275 0.6703
vn -0.9658 0.0834 0.2456
vn -0.9658 -0.0834 -0.2456
vn -0.7063 -0.2275 -0.6703
vn -0.2583 -0.3105 -0.9148
vn 0.2583 -0.1885 -0.9475
vn 0.7063 -0.1381 -0.6943
vn 0.9658 -0.0506 -0.2544
vn 0.9658 0.0506 0.2544
vn 0.7063 0.1381 0.6943
vn 0.2583 0.1885 0.9475
vn -0.2583 0.1885 0.9475
vn -0.7063 0.1381 0.6943
vn -0.9658 0.0506 0.2544
vn -0.9658 -0.0506 -0.2544
vn -0.7063 -0.1381 -0.6943
vn -0.2583 -0.1885 -0.9475
vn 0.2583 -0.0632 -0.9640
vn 0.7063 -0.0463 -0.7063
vn 0.9658 -0.0170 -0.2588
vn 0.9658 0.0170 0.2588
vn 0.7063 0.0463 0.7063
vn 0.2583 0.0632 0.9640
vn -0.2583 0.0632 0.9640
vn -0.7063 0.0463 0.7063
vn -0.9658 0.0170 0.2588
vn -0.9658 -0.0170 -0.2588
vn -0.7063 -0.0463 -0.7063
vn -0.2583 -0.0632 -0.9640
vn 0.2583 0.0632 -0.9640
vn 0.7063 0.0463 -0.7063
vn 0.9658 0.0170 -0.2588
vn 0.9658 -0.0170 0.2588
vn 0.7063 -0.0463 0.7063
vn 0.2583 -0.0632 0.9640
vn -0.2583 -0.0632 0.9640
vn -0.7063 -0.0463 0.7063
vn -0.9658 -0.0170 0.2588
vn -0.9658 0.0170 -0.2588
vn -0.7063 0.0463 -0.7063
vn -0.2583 0.0632 -0.9640
vn 0.2583 0.1885 -0.9475
vn 0.7063 0.1381 -0.6943
vn 0.9658 0.0506 -0.2544
vn 0.9658 -0.0506 0.2544
vn 0.7063 -0.1381 0.6943
vn 0.2583 -0.1885 0.9475
vn -0.2583 -0.1885 0.9475
vn -0.7063 -0.1381 0.6943
vn -0.9658 -0.0506 0.2544
vn -0.9658 0.0506 -0.2544
vn -0.7063 0.1381 -0.6943
vn -0.2583 0.1885 -0.9475
vn 0.2583 0.3105 -0.9148
vn 0.7063 0.2275 -0.6703
vn 0.9658 0.0834 -0.2456
vn 0.9658 -0.0834 0.2456
vn 0.7063 -0.2275 0.6703
vn 0.2583 -0.3105 0.9148
vn -0.2583 -0.3105 0.9148
vn -0.7063 -0.2275 0.6703
vn -0.9658 -0.0834 0.2456
vn -0.9658 0.0834 -0.2456
vn -0.7063 0.2275 -0.6703
vn -0.2583 0.3105 -0.9148
vn 0.2583 0.4273 -0.8664
vn 0.7063 0.3131 -0.6349
vn 0.9658 0.1147 -0.2326
vn 0.9658 -0.1147 0.2326
vn 0.7063 -0.3131 0.6349
vn 0.2583 -0.4273 0.8664
vn -0.2583 -0.4273 0.8664
vn -0.7063 -0.3131 0.6349
vn -0.9658 -0.1147 0.2326
vn -0.9658 0.1147 -0.2326
vn -0.7063 0.3131 -0.6349
vn -0.2583 0.4273 -0.8664
vn 0.2583 0.5367 -0.8033
vn 0.7063 0.3933 -0.5886
vn 0.9658 0.1441 -0.2156
vn 0.9658 -0.1441 0.2156
vn 0.7063 -0.3933 0.5886
vn 0.2583 -0.5367 0.8033
vn -0.2583 -0.5367 0.8033
vn -0.7063 -0.3933 0.5886
vn -0.9658 -0.1441 0.2156
vn -0.9658 0.1441 -0.2156
vn -0.7063 0.3933 -0.5886
vn -0.2583 0.5367 -0.8033
vn 0.2583 0.6370 -0.7263
vn 0.7063 0.4667 -0.5322
vn 0.9658 0.1710 -0.1950
vn 0.9658 -0.1710 0.1950
vn 0.7063 -0.4667 0.5322
vn 0.2583 -0.6370 0.7263
vn -0.2583 -0.6370 0.7263
vn -0.7063 -0.4667 0.5322
vn -0.9658 -0.1710 0.1950
vn -0.9658 0.1710 -0.1950
vn -0.7063 0.4667 -0.5322
vn -0.2583 0.6370 -0.7263
vn 0.2583 0.7263 -0.6370
vn 0.7063 0.5322 -0.4667
vn 0.9658 0.1950 -0.1710
vn 0.9658 -0.1950 0.1710
vn 0.7063 -0.5322 0.4667
vn 0.2583 -0.7263 0.6370
vn -0.2583 -0.7263 0.6370
vn -0.7063 -0.5322 0.4667
vn -0.9658 -0.1950 0.1710
vn -0.9658 0.1950 -0.1710
vn -0.7063 0.5322 -0.4667
vn -0.2583 0.7263 -0.6370
vn 0.2583 0.8033 -0.5367
vn 0.7063 0.5886 -0.3933
vn 0.9658 0.2156 -0.1441
vn 0.9658 -0.2156 0.1441
vn 0.7063 -0.5886 0.3933
vn 0.2583 -0.8033 0.5367
vn -0.2583 -0.8033 0.5367
vn -0.7063 -0.5886 0.3933
vn -0.9658 -0.2156 0.1441
vn -0.9658 0.2156 -0.1441
vn -0.7063 0.5886 -0.3933
vn -0.2583 0.8033 -0.5367
vn 0.2583 0.8664 -0.4273
vn 0.7063 0.6349 -0.3131
vn 0.9658 0.2326 -0.1147
vn 0.9658 -0.2326 0.1147
vn 0.7063 -0.6349 0.3131
vn 0.2583 -0.8664 0.4273
vn -0.2583 -0.8664 0.4273
vn -0.7063 -0.6349 0.3131
vn -0.9658 -0.2326 0.1147
vn -0.9658 0.2326 -0.1147
vn -0.7063 0.6349 -0.3131
vn -0.2583 0.8664 -0.4273
vn 0.2583 0.9148 -0.3105
vn 0.7063 0.6703 -0.2275
vn 0.9658 0.2456 -0.0834
vn 0.9658 -0.2456 0.0834
vn 0.7063 -0.6703 0.2275
vn 0.2583 -0.9148 0.3105
vn -0.2583 -0.9148 0.3105
vn -0.7063 -0.6703 0.2275
vn -0.9658 -0.2456 0.0834
vn -0.9658 0.2456 -0.0834
vn -0.7063 0.6703 -0.2275
vn -0.2583 0.9148 -0.3105
vn 0.2583 0.9475 -0.1885
vn 0.7063 0.6943 -0.1381
vn 0.9658 0.2544 -0.0506
vn 0.9658 -0.2544 0.0506
vn 0.7063 -0.6943 0.1381
vn 0.2583 -0.9475 0.1885
vn -0.2583 -0.9475 0.1885
vn -0.7063 -0.6943 0.1381
vn -0.9658 -0.2544 0.0506
vn -0.9658 0.2544 -0.0506
vn -0.7063 0.6943 -0.1381
vn -0.2583 0.9475 -0.1885
vn 0.2583 0.9640 -0.0632
vn 0.7063 0.7063 -0.0463
vn 0.9658 0.2588 -0.0170
vn 0.9658 -0.2588 0.0170
vn 0.7063 -0.7063 0.0463
vn 0.2583 -0.9640 0.0632
vn -0.2583 -0.9640 0.0632
vn -0.7063 -0.7063 0.0463
vn -0.9658 -0.2588 0.0170
vn -0.9658 0.2588 -0.0170
vn -0.7063 0.7063 -0.0463
vn -0.2583 0.9640 -0.0632
vt 0.500000 0.500000
vt 0.520833 0.500000
vt 0.520833 0.583333
vt 0.500000 0.583333
vt 0.520833 0.666667
vt 0.500000 0.666667
vt 0.520833 0.750000
vt 0.500000 0.750000
vt 0.520833 0.833333
vt 0.500000 0.833333
vt 0.520833 0.916667
vt 0.500000 0.916667
vt 0.520833 1.000000
vt 0.500000 1.000000
vt 0.500000 0.000000
vt 0.520833 0.000000
vt 0.520833 0.083333
vt 0.500000 0.083333
vt 0.520833 0.166667
vt 0.500000 0.166667
vt 0.520833 0.250000
vt 0.500000 0.250000
vt 0.520833 0.333333
vt 0.500000 0.333333
vt 0.520833 0.416667
vt 0.500000 0.416667
vt 0.541667 0.500000
vt 0.541667 0.583333
vt 0.541667 0.666667
vt 0.541667 0.750000
vt 0.541667 0.833333
vt 0.541667 0.916667
vt 0.541667 1.000000
vt 0.541667 0.000000
vt 0.541667 0.083333
vt 0.541667 0.166667
vt 0.541667 0.250000
vt 0.541667 0.333333
vt 0.541667 0.416667
vt 0.562500 0.500000
vt 0.562500 0.583333
vt 0.562500 0.666667
vt 0.562500 0.750000
vt 0.562500 0.833333
vt 0.562500 0.916667
vt 0.562500 1.000000
vt 0.562500 0.000000
vt 0.562500 0.083333
vt 0.562500 0.166667
vt 0.562500 0.250000
vt 0.562500 0.333333
vt 0.562500 0.416667
vt 0.583333 0.500000
vt 0.583333 0.583333
vt 0.583333 0.666667
vt 0.583333 0.750000
vt 0.583333 0.833333
vt 0.583333 0.916667
vt 0.583333 1.000000
vt 0.583333 0.000000
vt 0.583333 0.083333
vt 0.583333 0.166667
vt 0.583333 0.250000
vt 0.583333 0.333333
vt 0.583333 0.416667
vt 0.604167 0.500000
vt 0.604167 0.583333
vt 0.604167 0.666667
vt 0.604167 0.750000
vt 0.604167 0.833333
vt 0.604167 0.916667
vt 0.604167 1.000000
vt 0.604167 0.000000
vt 0.604167 0.083333
vt 0.604167 0.166667
vt 0.604167 0.250000
vt 0.604167 0.333333
vt 0.604167 0.416667
vt 0.625000 0.500000
vt 0.625000 0.583333
vt 0.625000 0.666667
vt 0.625000 0.750000
vt 0.625000 0.833333
vt 0.625000 0.916667
vt 0.625000 1.000000
vt 0.625000 0.000000
vt 0.625000 0.083333
vt 0.625000 0.166667
vt 0.625000 0.250000
vt 0.625000 0.333333
vt 0.625000 0.416667
vt 0.645833 0.500000
vt 0.645833 0.583333
vt 0.645833 0.666667
vt 0.645833 0.750000
vt 0.645833 0.833333
vt 0.645833 0.916667
vt 0.645833 1.000000
vt 0.645833 0.000000
vt 0.645833 0.083333
vt 0.645833 0.166667
vt 0.645833 0.250000
vt 0.645833 0.333333
vt 0.645833 0.416667
vt 0.666667 0.500000
vt 0.666667 0.583333
vt 0.666667 0.666667
vt 0.666667 0.750000
vt 0.666667 0.833333
vt 0.666667 0.916667
vt 0.666667 1.000000
vt 0.666667 0.000000
vt 0.666667 0.083333
vt 0.666667 0.166667
vt 0.666667 0.250000
vt 0.666667 0.333333
vt 0.666667 0.416667
vt 0.687500 0.500000
vt 0.687500 0.583333
vt 0.687500 0.666667
vt 0.687500 0.750000
vt 0.687500 0.833333
vt 0.687500 0.916667
vt 0.687500 1.000000
vt 0.687500 0.000000
vt 0.687500 0.083333
vt 0.687500 0.166667
vt 0.687500 0.250000
vt 0.687500 0.333333
vt 0.687500 0.416667
vt 0.708333 0.500000
vt 0.708333 0.583333
vt 0.708333 0.666667
vt 0.708333 0.750000
vt 0.708333 0.833333
vt 0.708333 0.916667
vt 0.708333 1.000000
vt 0.708333 0.000000
vt 0.708333 0.083333
vt 0.708333 0.166667
vt 0.708333 0.250000
vt 0.708333 0.333333
vt 0.708333 0.416667
vt 0.729167 0.500000
vt 0.729167 0.583333
vt 0.729167 0.666667
vt 0.729167 0.750000
vt 0.729167 0.833333
vt 0.729167 0.916667
vt 0.729167 1.000000
vt 0.729167 0.000000
vt 0.729167 0.083333
vt 0.729167 0.166667
vt 0.729167 0.250000
vt 0.729167 0.333333
vt 0.729167 0.416667
vt 0.750000 0.500000
vt 0.750000 0.583333
vt 0.750000 0.666667
vt 0.750000 0.750000
vt 0.750000 0.833333
vt 0.750000 0.916667
vt 0.750000 1.000000
vt 0.750000 0.000000
vt 0.750000 0.083333
vt 0.750000 0.166667
vt 0.750000 0.250000
vt 0.750000 0.333333
vt 0.750000 0.416667
vt 0.770833 0.500000
vt 0.770833 0.583333
vt 0.770833 0.666667
vt 0.770833 0.750000
vt 0.770833 0.833333
vt 0.770833 0.916667
vt 0.770833 1.000000
vt 0.770833 0.000000
vt 0.770833 0.083333
vt 0.770833 0.166667
vt 0.770833 0.250000
vt 0.770833 0.333333
vt 0.770833 0.416667
vt 0.791667 0.500000
vt 0.791667 0.583333
vt 0.791667 0.666667
vt 0.791667 0.750000
vt 0.791667 0.833333
vt 0.791667 0.916667
vt 0.791667 1.000000
vt 0.791667 0.000000
vt 0.791667 0.083333
vt 0.791667 0.166667
vt 0.791667 0.250000
vt 0.791667 0.333333
vt 0.791667 0.416667
vt 0.812500 0.500000
vt 0.812500 0.583333
vt 0.812500 0.666667
vt 0.812500 0.750000
vt 0.812500 0.833333
vt 0.812500 0.916667
vt 0.812500 1.000000
vt 0.812500 0.000000
vt 0.812500 0.083333
vt 0.812500 0.166667
vt 0.812500 0.250000
vt 0.812500 0.333333
vt 0.812500 0.416667
vt 0.833333 0.500000
vt 0.833333 0.583333
vt 0.833333 0.666667
vt 0.833333 0.750000
vt 0.833333 0.833333
vt 0.833333 0.916667
vt 0.833333 1.000000
vt 0.833333 0.000000
vt 0.833333 0.083333
vt 0.833333 0.166667
vt 0.833333 0.250000
vt 0.833333 0.333333
vt 0.833333 0.416667
vt 0.854167 0.500000
vt 0.854167 0.583333
vt 0.854167 0.666667
vt 0.854167 0.750000
vt 0.854167 0.833333
vt 0.854167 0.916667
vt 0.854167 1.000000
vt 0.854167 0.000000
vt 0.854167 0.083333
vt 0.854167 0.166667
vt 0.854167 0.250000
vt 0.854167 0.333333
vt 0.854167 0.416667
vt 0.875000 0.500000
vt 0.875000 0.583333
vt 0.875000 0.666667
vt 0.875000 0.750000
vt 0.875000 0.833333
vt 0.875000 0.916667
vt 0.875000 1.000000
vt 0.875000 0.000000
vt 0.875000 0.083333
vt 0.875000 0.166667
vt 0.875000 0.250000
vt 0.875000 0.333333
vt 0.875000 0.416667
vt 0.895833 0.500000
vt 0.895833 0.583333
vt 0.895833 0.666667
vt 0.895833 0.750000
vt 0.895833 0.833333
vt 0.895833 0.916667
vt 0.895833 1.000000
vt 0.895833 0.000000
vt 0.895833 0.083333
vt 0.895833 0.166667
vt 0.895833 0.250000
vt 0.895833 0.333333
vt 0.895833 0.416667
vt 0.916667 0.500000
vt 0.916667 0.583333
vt 0.916667 0.666667
vt 0.916667 0.750000
vt 0.916667 0.833333
vt 0.916667 0.916667
vt 0.916667 1.000000
vt 0.916667 0.000000
vt 0.916667 0.083333
vt 0.916667 0.166667
vt 0.916667 0.250000
vt 0.916667 0.333333
vt 0.916667 0.416667
vt 0.937500 0.500000
vt 0.937500 0.583333
vt 0.937500 0.666667
vt 0.937500 0.750000
vt 0.937500 0.833333
vt 0.937500 0.916667
vt 0.937500 1.000000
vt 0.937500 0.000000
vt 0.937500 0.083333
vt 0.937500 0.166667
vt 0.937500 0.250000
vt 0.937500 0.333333
vt 0.937500 0.416667
vt 0.958333 0.500000
vt 0.958333 0.583333
vt 0.958333 0.666667
vt 0.958333 0.750000
vt 0.958333 0.833333
vt 0.958333 0.916667
vt 0.958333 1.000000
vt 0.958333 0.000000
vt 0.958333 0.083333
vt 0.958333 0.166667
vt 0.958333 0.250000
vt 0.958333 0.333333
vt 0.958333 0.416667
vt 0.979167 0.500000
vt 0.979167 0.583333
vt 0.979167 0.666667
vt 0.979167 0.750000
vt 0.979167 0.833333
vt 0.979167 0.916667
vt 0.979167 1.000000
vt 0.979167 0.000000
vt 0.979167 0.083333
vt 0.979167 0.166667
vt 0.979167 0.250000
vt 0.979167 0.333333
vt 0.979167 0.416667
vt 1.000000 0.500000
vt 1.000000 0.583333
vt 1.000000 0.666667
vt 1.000000 0.750000
vt 1.000000 0.833333
vt 1.000000 0.916667
vt 1.000000 1.000000
vt 1.000000 0.000000
vt 1.000000 0.083333
vt 1.000000 0.166667
vt 1.000000 0.250000
vt 1.000000 0.333333
vt 1.000000 0.416667
vt 0.000000 0.500000
vt 0.020833 0.500000
vt 0.020833 0.583333
vt 0.000000 0.583333
vt 0.020833 0.666667
vt 0.000000 0.666667
vt 0.020833 0.750000
vt 0.000000 0.750000
vt 0.020833 0.833333
vt 0.000000 0.833333
vt 0.020833 0.916667
vt 0.000000 0.916667
vt 0.020833 1.000000
vt 0.000000 1.000000
vt 0.000000 0.000000
vt 0.020833 0.000000
vt 0.020833 0.083333
vt 0.000000 0.083333
vt 0.020833 0.166667
vt 0.000000 0.166667
vt 0.020833 0.250000
vt 0.000000 0.250000
vt 0.020833 0.333333
vt 0.000000 0.333333
vt 0.020833 0.416667
vt 0.000000 0.416667
vt 0.041667 0.500000
vt 0.041667 0.583333
vt 0.041667 0.666667
vt 0.041667 0.750000
vt 0.041667 0.833333
vt 0.041667 0.916667
vt 0.041667 1.000000
vt 0.041667 0.000000
vt 0.041667 0.083333
vt 0.041667 0.166667
vt 0.041667 0.250000
vt 0.041667 0.333333
vt 0.041667 0.416667
vt 0.062500 0.500000
vt 0.062500 0.583333
vt 0.062500 0.666667
vt 0.062500 0.750000
vt 0.062500 0.833333
vt 0.062500 0.916667
vt 0.062500 1.000000
vt 0.062500 0.000000
vt 0.062500 0.083333
vt 0.062500 0.166667
vt 0.062500 0.250000
vt 0.062500 0.333333
vt 0.062500 0.416667
vt 0.083333 0.500000
vt 0.083333 0.583333
vt 0.083333 0.666667
vt 0.083333 0.750000
vt 0.083333 0.833333
vt 0.083333 0.916667
vt 0.083333 1.000000
vt 0.083333 0.000000
vt 0.083333 0.083333
vt 0.083333 0.166667
vt 0.083333 0.250000
vt 0.083333 0.333333
vt 0.083333 0.416667
vt 0.104167 0.500000
vt 0.104167 0.583333
vt 0.104167 0.666667
vt 0.104167 0.750000
vt 0.104167 0.833333
vt 0.104167 0.916667
vt 0.104167 1.000000
vt 0.104167 0.000000
vt 0.104167 0.083333
vt 0.104167 0.166667
vt 0.104167 0.250000
vt 0.104167 0.333333
vt 0.104167 0.416667
vt 0.125000 0.500000
vt 0.125000 0.583333
vt 0.125000 0.666667
vt 0.125000 0.750000
vt 0.125000 0.833333
vt 0.125000 0.916667
vt 0.125000 1.000000
vt 0.125000 0.000000
vt 0.125000 0.083333
vt 0.125000 0.166667
vt 0.125000 0.250000
vt 0.125000 0.333333
vt 0.125000 0.416667
vt 0.145833 0.500000
vt 0.145833 0.583333
vt 0.145833 0.666667
vt 0.145833 0.750000
vt 0.145833 0.833333
vt 0.145833 0.916667
vt 0.145833 1.000000
vt 0.145833 0.000000
vt 0.145833 0.083333
vt 0.145833 0.166667
vt 0.145833 0.250000
vt 0.145833 0.333333
vt 0.145833 0.416667
vt 0.166667 0.500000
vt 0.166667 0.583333
vt 0.166667 0.666667
vt 0.166667 0.750000
vt 0.166667 0.833333
vt 0.166667 0.916667
vt 0.166667 1.000000
vt 0.166667 0.000000
vt 0.166667 0.083333
vt 0.166667 0.166667
vt 0.166667 0.250000
vt 0.166667 0.333333
vt 0.166667 0.416667
vt 0.187500 0.500000
vt 0.187500 0.583333
vt 0.187500 0.666667
vt 0.187500 0.750000
vt 0.187500 0.833333
vt 0.187500 0.916667
vt 0.187500 1.000000
vt 0.187500 0.000000
vt 0.187500 0.083333
vt 0.187500 0.166667
vt 0.187500 0.250000
vt 0.187500 0.333333
vt 0.187500 0.416667
vt 0.208333 0.500000
vt 0.208333 0.583333
vt 0.208333 0.666667
vt 0.208333 0.750000
vt 0.208333 0.833333
vt 0.208333 0.916667
vt 0.208333 1.000000
vt 0.208333 0.000000
vt 0.208333 0.083333
vt 0.208333 0.166667
vt 0.208333 0.250000
vt 0.208333 0.333333
vt 0.208333 0.416667
vt 0.229167 0.500000
vt 0.229167 0.583333
vt 0.229167 0.666667
vt 0.229167 0.750000
vt 0.229167 0.833333
vt 0.229167 0.916667
vt 0.229167 1.000000
vt 0.229167 0.000000
vt 0.229167 0.083333
vt 0.229167 0.166667
vt 0.229167 0.250000
vt 0.229167 0.333333
vt 0.229167 0.416667
vt 0.250000 0.500000
vt 0.250000 0.583333
vt 0.250000 0.666667
vt 0.250000 0.750000
vt 0.250000 0.833333
vt 0.250000 0.916667
vt 0.250000 1.000000
vt 0.250000 0.000000
vt 0.250000 0.083333
vt 0.250000 0.166667
vt 0.250000 0.250000
vt 0.250000 0.333333
vt 0.250000 0.416667
vt 0.270833 0.500000
vt 0.270833 0.583333
vt 0.270833 0.666667
vt 0.270833 0.750000
vt 0.270833 0.833333
vt 0.270833 0.916667
vt 0.270833 1.000000
vt 0.270833 0.000000
vt 0.270833 0.083333
vt 0.270833 0.166667
vt 0.270833 0.250000
vt 0.270833 0.333333
vt 0.270833 0.416667
vt 0.291667 0.500000
vt 0.291667 0.583333
vt 0.291667 0.666667
vt 0.291667 0.750000
vt 0.291667 0.833333
vt 0.291667 0.916667
vt 0.291667 1.000000
vt 0.291667 0.000000
vt 0.291667 0.083333
vt 0.291667 0.166667
vt 0.291667 0.250000
vt 0.291667 0.333333
vt 0.291667 0.416667
vt 0.312500 0.500000
vt 0.312500 0.583333
vt 0.312500 0.666667
vt 0.312500 0.750000
vt 0.312500 0.833333
vt 0.312500 0.916667
vt 0.312500 1.000000
vt 0.312500 0.000000
vt 0.312500 0.083333
vt 0.312500 0.166667
vt 0.312500 0.250000
vt 0.312500 0.333333
vt 0.312500 0.416667
vt 0.333333 0.500000
vt 0.333333 0.583333
vt 0.333333 0.666667
vt 0.333333 0.750000
vt 0.333333 0.833333
vt 0.333333 0.916667
vt 0.333333 1.000000
vt 0.333333 0.000000
vt 0.333333 0.083333
vt 0.333333 0.166667
vt 0.333333 0.250000
vt 0.333333 0.333333
vt 0.333333 0.416667
vt 0.354167 0.500000
vt 0.354167 0.583333
vt 0.354167 0.666667
vt 0.354167 0.750000
vt 0.354167 0.833333
vt 0.354167 0.916667
vt 0.354167 1.000000
vt 0.354167 0.000000
vt 0.354167 0.083333
vt 0.354167 0.166667
vt 0.354167 0.250000
vt 0.354167 0.333333
vt 0.354167 0.416667
vt 0.375000 0.500000
vt 0.375000 0.583333
vt 0.375000 0.666667
vt 0.375000 0.750000
vt 0.375000 0.833333
vt 0.375000 0.916667
vt 0.375000 1.000000
vt 0.375000 0.000000
vt 0.375000 0.083333
vt 0.375000 0.166667
vt 0.375000 0.250000
vt 0.375000 0.333333
vt 0.375000 0.416667
vt 0.395833 0.500000
vt 0.395833 0.583333
vt 0.395833 0.666667
vt 0.395833 0.750000
vt 0.395833 0.833333
vt 0.395833 0.916667
vt 0.395833 1.000000
vt 0.395833 0.000000
vt 0.395833 0.083333
vt 0.395833 0.166667
vt 0.395833 0.250000
vt 0.395833 0.333333
vt 0.395833 0.416667
vt 0.416667 0.500000
vt 0.416667 0.583333
vt 0.416667 0.666667
vt 0.416667 0.750000
vt 0.416667 0.833333
vt 0.416667 0.916667
vt 0.416667 1.000000
vt 0.416667 0.000000
vt 0.416667 0.083333
vt 0.416667 0.166667
vt 0.416667 0.250000
vt 0.416667 0.333333
vt 0.416667 0.416667
vt 0.437500 0.500000
vt 0.437500 0.583333
vt 0.437500 0.666667
vt 0.437500 0.750000
vt 0.437500 0.833333
vt 0.437500 0.916667
vt 0.437500 1.000000
vt 0.437500 0.000000
vt 0.437500 0.083333
vt 0.437500 0.166667
vt 0.437500 0.250000
vt 0.437500 0.333333
vt 0.437500 0.416667
vt 0.458333 0.500000
vt 0.458333 0.583333
vt 0.458333 0.666667
vt 0.458333 0.750000
vt 0.458333 0.833333
vt 0.458333 0.916667
vt 0.458333 1.000000
vt 0.458333 0.000000
vt 0.458333 0.083333
vt 0.458333 0.166667
vt 0.458333 0.250000
vt 0.458333 0.333333
vt 0.458333 0.416667
vt 0.479167 0.500000
vt 0.479167 0.583333
vt 0.479167 0.666667
vt 0.479167 0.750000
vt 0.479167 0.833333
vt 0.479167 0.916667
vt 0.479167 1.000000
vt 0.479167 0.000000
vt 0.479167 0.083333
vt 0.479167 0.166667
vt 0.479167 0.250000
vt 0.479167 0.333333
vt 0.479167 0.416667
s 0
f 2681/624/1692 2693/625/1692 2694/626/1692 2682/627/1692
f 2682/627/1693 2694/626/1693 2695/628/1693 2683/629/1693
f 2683/629/1694 2695/628/1694 2696/630/1694 2684/631/1694
f 2684/631/1695 2696/630/1695 2697/632/1695 2685/633/1695
f 2685/633/1696 2697/632/1696 2698/634/1696 2686/635/1696
f 2686/635/1697 2698/634/1697 2699/636/1697 2687/637/1697
f 2687/638/1698 2699/639/1698 2700/640/1698 2688/641/1698
f 2688/641/1699 2700/640/1699 2701/642/1699 2689/643/1699
f 2689/643/1700 2701/642/1700 2702/644/1700 2690/645/1700
f 2690/645/1701 2702/644/1701 2703/646/1701 2691/647/1701
f 2691/647/1702 2703/646/1702 2704/648/1702 2692/649/1702
f 2692/649/1703 2704/648/1703 2693/625/1703 2681/624/1703
f 2693/625/1704 2705/650/1704 2706/651/1704 2694/626/1704
f 2694/626/1705 2706/651/1705 2707/652/1705 2695/628/1705
f 2695/628/1706 2707/652/1706 2708/653/1706 2696/630/1706
f 2696/630/1707 2708/653/1707 2709/654/1707 2697/632/1707
f 2697/632/1708 2709/654/1708 2710/655/1708 2698/634/1708
f 2698/634/1709 2710/655/1709 2711/656/1709 2699/636/1709
f 2699/639/1710 2711/657/1710 2712/658/1710 2700/640/1710
f 2700/640/1711 2712/658/1711 2713/659/1711 2701/642/1711
f 2701/642/1712 2713/659/1712 2714/660/1712 2702/644/1712
f 2702/644/1713 2714/660/1713 2715/661/1713 2703/646/1713
f 2703/646/1714 2715/661/1714 2716/662/1714 2704/648/1714
f 2704/648/1715 2716/662/1715 2705/650/1715 2693/625/1715
f 2705/650/1716 2717/663/1716 2718/664/1716 2706/651/1716
f 2706/651/1717 2718/664/1717 2719/665/1717 2707/652/1717
f 2707/652/1718 2719/665/1718 2720/666/1718 2708/653/1718
f 2708/653/1719 2720/666/1719 2721/667/1719 2709/654/1719
f 2709/654/1720 2721/667/1720 2722/668/1720 2710/655/1720
f 2710/655/1721 2722/668/1721 2723/669/1721 2711/656/1721
f 2711/657/1722 2723/670/1722 2724/671/1722 2712/658/1722
f 2712/658/1723 2724/671/1723 2725/672/1723 2713/659/1723
f 2713/659/1724 2725/672/1724 2726/673/1724 2714/660/1724
f 2714/660/1725 2726/673/1725 2727/674/1725 2715/661/1725
f 2715/661/1726 2727/674/1726 2728/675/1726 2716/662/1726
f 2716/662/1727 2728/675/1727 2717/663/1727 2705/650/1727
f 2717/663/1728 2729/676/1728 2730/677/1728 2718/664/1728
f 2718/664/1729 2730/677/1729 2731/678/1729 2719/665/1729
f 2719/665/1730 2731/678/1730 2732/679/1730 2720/666/1730
f 2720/666/1731 2732/679/1731 2733/680/1731 2721/667/1731
f 2721/667/1732 2733/680/1732 2734/681/1732 2722/668/1732
f 2722/668/1733 2734/681/1733 2735/682/1733 2723/669/1733
f 2723/670/1734 2735/683/1734 2736/684/1734 2724/671/1734
f 2724/671/1735 2736/684/1735 2737/685/1735 2725/672/1735
f 2725/672/1736 2737/685/1736 2738/686/1736 2726/673/1736
f 2726/673/1737 2738/686/1737 2739/687/1737 2727/674/1737
f 2727/674/1738 2739/687/1738 2740/688/1738 2728/675/1738
f 2728/675/1739 2740/688/1739 2729/676/1739 2717/663/1739
f 2729/676/1740 2741/689/1740 2742/690/1740 2730/677/1740
f 2730/677/1741 2742/690/1741 2743/691/1741 2731/678/1741
f 2731/678/1742 2743/691/1742 2744/692/1742 2732/679/1742
f 2732/679/1743 2744/692/1743 2745/693/1743 2733/680/1743
f 2733/680/1744 2745/693/1744 2746/694/1744 2734/681/1744
f 2734/681/1745 2746/694/1745 2747/695/1745 2735/682/1745
f 2735/683/1746 2747/696/1746 2748/697/1746 2736/684/1746
f 2736/684/1747 2748/697/1747 2749/698/1747 2737/685/1747
f 2737/685/1748 2749/698/1748 2750/699/1748 2738/686/1748
f 2738/686/1749 2750/699/1749 2751/700/1749 2739/687/1749
f 2739/687/1750 2751/700/1750 2752/701/1750 2740/688/1750
f 2740/688/1751 2752/701/1751 2741/689/1751 2729/676/1751
f 2741/689/1752 2753/702/1752 2754/703/1752 2742/690/1752
f 2742/690/1753 2754/703/1753 2755/704/1753 2743/691/1753
f 2743/691/1754 2755/704/1754 2756/705/1754 2744/692/1754
f 2744/692/1755 2756/705/1755 2757/706/1755 2745/693/1755
f 2745/693/1756 2757/706/1756 2758/707/1756 2746/694/1756
f 2746/694/1757 2758/707/1757 2759/708/1757 2747/695/1757
f 2747/696/1758 2759/709/1758 2760/710/1758 2748/697/1758
f 2748/697/1759 2760/710/1759 2761/711/1759 2749/698/1759
f 2749/698/1760 2761/711/1760 2762/712/1760 2750/699/1760
f 2750/699/1761 2762/712/1761 2763/713/1761 2751/700/1761
f 2751/700/1762 2763/713/1762 2764/714/1762 2752/701/1762
f 2752/701/1763 2764/714/1763 2753/702/1763 2741/689/1763
f 2753/702/1764 2765/715/1764 2766/716/1764 2754/703/1764
f 2754/703/1765 2766/716/1765 2767/717/1765 2755/704/1765
f 2755/704/1766 2767/717/1766 2768/718/1766 2756/705/1766
f 2756/705/1767 2768/718/1767 2769/719/1767 2757/706/1767
f 2757/706/1768 2769/719/1768 2770/720/1768 2758/707/1768
f 2758/707/1769 2770/720/1769 2771/721/1769 2759/708/1769
f 2759/709/1770 2771/722/1770 2772/723/1770 2760/710/1770
f 2760/710/1771 2772/723/1771 2773/724/1771 2761/711/1771
f 2761/711/1772 2773/724/1772 2774/725/1772 2762/712/1772
f 2762/712/1773 2774/725/1773 2775/726/1773 2763/713/1773
f 2763/713/1774 2775/726/1774 2776/727/1774 2764/714/1774
f 2764/714/1775 2776/727/1775 2765/715/1775 2753/702/1775
f 2765/715/1776 2777/728/1776 2778/729/1776 2766/716/1776
f 2766/716/1777 2778/729/1777 2779/730/1777 2767/717/1777
f 2767/717/1778 2779/730/1778 2780/731/1778 2768/718/1778
f 2768/718/1779 2780/731/1779 2781/732/1779 2769/719/1779
f 2769/719/1780 2781/732/1780 2782/733/1780 2770/720/1780
f 2770/720/1781 2782/733/1781 2783/734/1781 2771/721/1781
f 2771/722/1782 2783/735/1782 2784/736/1782 2772/723/1782
f 2772/723/1783 2784/736/1783 2785/737/1783 2773/724/1783
f 2773/724/1784 2785/737/1784 2786/738/1784 2774/725/1784
f 2774/725/1785 2786/738/1785 2787/739/1785 2775/726/1785
f 2775/726/1786 2787/739/1786 2788/740/1786 2776/727/1786
f 2776/727/1787 2788/740/1787 2777/728/1787 2765/715/1787
f 2777/728/1788 2789/741/1788 2790/742/1788 2778/729/1788
f 2778/729/1789 2790/742/1789 2791/743/1789 2779/730/1789
f 2779/730/1790 2791/743/1790 2792/744/1790 2780/731/1790
f 2780/731/1791 2792/744/1791 2793/745/1791 2781/732/1791
f 2781/732/1792 2793/745/1792 2794/746/1792 2782/733/1792
f 2782/733/1793 2794/746/1793 2795/747/1793 2783/734/1793
f 2783/735/1794 2795/748/1794 2796/749/1794 2784/736/1794
f 2784/736/1795 2796/749/1795 2797/750/1795 2785/737/1795
f 2785/737/1796 2797/750/1796 2798/751/1796 2786/738/1796
f 2786/738/1797 2798/751/1797 2799/752/1797 2787/739/1797
f 2787/739/1798 2799/752/1798 2800/753/1798 2788/740/1798
f 2788/740/1799 2800/753/1799 2789/741/1799 2777/728/1799
f 2789/741/1800 2801/754/1800 2802/755/1800 2790/742/1800
f 2790/742/1801 2802/755/1801 2803/756/1801 2791/743/1801
f 2791/743/1802 2803/756/1802 2804/757/1802 2792/744/1802
f 2792/744/1803 2804/757/1803 2805/758/1803 2793/745/1803
f 2793/745/1804 2805/758/1804 2806/759/1804 2794/746/1804
f 2794/746/1805 2806/759/1805 2807/760/1805 2795/747/1805
f 2795/748/1806 2807/761/1806 2808/762/1806 2796/749/1806
f 2796/749/1807 2808/762/1807 2809/763/1807 2797/750/1807
f 2797/750/1808 2809/763/1808 2810/764/1808 2798/751/1808
f 2798/751/1809 2810/764/1809 2811/765/1809 2799/752/1809
f 2799/752/1810 2811/765/1810 2812/766/1810 2800/753/1810
f 2800/753/1811 2812/766/1811 2801/754/1811 2789/741/1811
f 2801/754/1812 2813/767/1812 2814/768/1812 2802/755/1812
f 2802/755/1813 2814/768/1813 2815/769/1813 2803/756/1813
f 2803/756/1814 2815/769/1814 2816/770/1814 2804/757/1814
f 2804/757/1815 2816/770/1815 2817/771/1815 2805/758/1815
f 2805/758/1816 2817/771/1816 2818/772/1816 2806/759/1816
f 2806/759/1817 2818/772/1817 2819/773/1817 2807/760/1817
f 2807/761/1818 2819/774/1818 2820/775/1818 2808/762/1818
f 2808/762/1819 2820/775/1819 2821/776/1819 2809/763/1819
f 2809/763/1820 2821/776/1820 2822/777/1820 2810/764/1820
f 2810/764/1821 2822/777/1821 2823/778/1821 2811/765/1821
f 2811/765/1822 2823/778/1822 2824/779/1822 2812/766/1822
f 2812/766/1823 2824/779/1823 2813/767/1823 2801/754/1823
f 2813/767/1824 2825/780/1824 2826/781/1824 2814/768/1824
f 2814/768/1825 2826/781/1825 2827/782/1825 2815/769/1825
f 2815/769/1826 2827/782/1826 2828/783/1826 2816/770/1826
f 2816/770/1827 2828/783/1827 2829/784/1827 2817/771/1827
f 2817/771/1828 2829/784/1828 2830/785/1828 2818/772/1828
f 2818/772/1829 2830/785/1829 2831/786/1829 2819/773/1829
f 2819/774/1830 2831/787/1830 2832/788/1830 2820/775/1830
f 2820/775/1831 2832/788/1831 2833/789/1831 2821/776/1831
f 2821/776/1832 2833/789/1832 2834/790/1832 2822/777/1832
f 2822/777/1833 2834/790/1833 2835/791/1833 2823/778/1833
f 2823/778/1834 2835/791/1834 2836/792/1834 2824/779/1834
f 2824/779/1835 2836/792/1835 2825/780/1835 2813/767/1835
f 2825/780/1836 2837/793/1836 2838/794/1836 2826/781/1836
f 2826/781/1837 2838/794/1837 2839/795/1837 2827/782/1837
f 2827/782/1838 2839/795/1838 2840/796/1838 2828/783/1838
f 2828/783/1839 2840/796/1839 2841/797/1839 2829/784/1839
f 2829/784/1840 2841/797/1840 2842/798/1840 2830/785/1840
f 2830/785/1841 2842/798/1841 2843/799/1841 2831/786/1841
f 2831/787/1842 2843/800/1842 2844/801/1842 2832/788/1842
f 2832/788/1843 2844/801/1843 2845/802/1843 2833/789/1843
f 2833/789/1844 2845/802/1844 2846/803/1844 2834/790/1844
f 2834/790/1845 2846/803/1845 2847/804/1845 2835/791/1845
f 2835/791/1846 2847/804/1846 2848/805/1846 2836/792/1846
f 2836/792/1847 2848/805/1847 2837/793/1847 2825/780/1847
f 2837/793/1848 2849/806/1848 2850/807/1848 2838/794/1848
f 2838/794/1849 2850/807/1849 2851/808/1849 2839/795/1849
f 2839/795/1850 2851/808/1850 2852/809/1850 2840/796/1850
f 2840/796/1851 2852/809/1851 2853/810/1851 2841/797/1851
f 2841/797/1852 2853/810/1852 2854/811/1852 2842/798/1852
f 2842/798/1853 2854/811/1853 2855/812/1853 2843/799/1853
f 2843/800/1854 2855/813/1854 2856/814/1854 2844/801/1854
f 2844/801/1855 2856/814/1855 2857/815/1855 2845/802/1855
f 2845/802/1856 2857/815/1856 2858/816/1856 2846/803/1856
f 2846/803/1857 2858/816/1857 2859/817/1857 2847/804/1857
f 2847/804/1858 2859/817/1858 2860/818/1858 2848/805/1858
f 2848/805/1859 2860/818/1859 2849/806/1859 2837/793/1859
f 2849/806/1860 2861/819/1860 2862/820/1860 2850/807/1860
f 2850/807/1861 2862/820/1861 2863/821/1861 2851/808/1861
f 2851/808/1862 2863/821/1862 2864/822/1862 2852/809/1862
f 2852/809/1863 2864/822/1863 2865/823/1863 2853/810/1863
f 2853/810/1864 2865/823/1864 2866/824/1864 2854/811/1864
f 2854/811/1865 2866/824/1865 2867/825/1865 2855/812/1865
f 2855/813/1866 2867/826/1866 2868/827/1866 2856/814/1866
f 2856/814/1867 2868/827/1867 2869/828/1867 2857/815/1867
f 2857/815/1868 2869/828/1868 2870/829/1868 2858/816/1868
f 2858/816/1869 2870/829/1869 2871/830/1869 2859/817/1869
f 2859/817/1870 2871/830/1870 2872/831/1870 2860/818/1870
f 2860/818/1871 2872/831/1871 2861/819/1871 2849/806/1871
f 2861/819/1872 2873/832/1872 2874/833/1872 2862/820/1872
f 2862/820/1873 2874/833/1873 2875/834/1873 2863/821/1873
f 2863/821/1874 2875/834/1874 2876/835/1874 2864/822/1874
f 2864/822/1875 2876/835/1875 2877/836/1875 2865/823/1875
f 2865/823/1876 2877/836/1876 2878/837/1876 2866/824/1876
f 2866/824/1877 2878/837/1877 2879/838/1877 2867/825/1877
f 2867/826/1878 2879/839/1878 2880/840/1878 2868/827/1878
f 2868/827/1879 2880/840/1879 2881/841/1879 2869/828/1879
f 2869/828/1880 2881/841/1880 2882/842/1880 2870/829/1880
f 2870/829/1881 2882/842/1881 2883/843/1881 2871/830/1881
f 2871/830/1882 2883/843/1882 2884/844/1882 2872/831/1882
f 2872/831/1883 2884/844/1883 2873/832/1883 2861/819/1883
f 2873/832/1884 2885/845/1884 2886/846/1884 2874/833/1884
f 2874/833/1885 2886/846/1885 2887/847/1885 2875/834/1885
f 2875/834/1886 2887/847/1886 2888/848/1886 2876/835/1886
f 2876/835/1887 2888/848/1887 2889/849/1887 2877/836/1887
f 2877/836/1888 2889/849/1888 2890/850/1888 2878/837/1888
f 2878/837/1889 2890/850/1889 2891/851/1889 2879/838/1889
f 2879/839/1890 2891/852/1890 2892/853/1890 2880/840/1890
f 2880/840/1891 2892/853/1891 2893/854/1891 2881/841/1891
f 2881/841/1892 2893/854/1892 2894/855/1892 2882/842/1892
f 2882/842/1893 2894/855/1893 2895/856/1893 2883/843/1893
f 2883/843/1894 2895/856/1894 2896/857/1894 2884/844/1894
f 2884/844/1895 2896/857/1895 2885/845/1895 2873/832/1895
f 2885/845/1896 2897/858/1896 2898/859/1896 2886/846/1896
f 2886/846/1897 2898/859/1897 2899/860/1897 2887/847/1897
f 2887/847/1898 2899/860/1898 2900/861/1898 2888/848/1898
f 2888/848/1899 2900/861/1899 2901/862/1899 2889/849/1899
f 2889/849/1900 2901/862/1900 2902/863/1900 2890/850/1900
f 2890/850/1901 2902/863/1901 2903/864/1901 2891/851/1901
f 2891/852/1902 2903/865/1902 2904/866/1902 2892/853/1902
f 2892/853/1903 2904/866/1903 2905/867/1903 2893/854/1903
f 2893/854/1904 2905/867/1904 2906/868/1904 2894/855/1904
f 2894/855/1905 2906/868/1905 2907/869/1905 2895/856/1905
f 2895/856/1906 2907/869/1906 2908/870/1906 2896/857/1906
f 2896/857/1907 2908/870/1907 2897/858/1907 2885/845/1907
f 2897/858/1908 2909/871/1908 2910/872/1908 2898/859/1908
f 2898/859/1909 2910/872/1909 2911/873/1909 2899/860/1909
f 2899/860/1910 2911/873/1910 2912/874/1910 2900/861/1910
f 2900/861/1911 2912/874/1911 2913/875/1911 2901/862/1911
f 2901/862/1912 2913/875/1912 2914/876/1912 2902/863/1912
f 2902/863/1913 2914/876/1913 2915/877/1913 2903/864/1913
f 2903/865/1914 2915/878/1914 2916/879/1914 2904/866/1914
f 2904/866/1915 2916/879/1915 2917/880/1915 2905/867/1915
f 2905/867/1916 2917/880/1916 2918/881/1916 2906/868/1916
f 2906/868/1917 2918/881/1917 2919/882/1917 2907/869/1917
f 2907/869/1918 2919/882/1918 2920/883/1918 2908/870/1918
f 2908/870/1919 2920/883/1919 2909/871/1919 2897/858/1919
f 2909/871/1920 2921/884/1920 2922/885/1920 2910/872/1920
f 2910/872/1921 2922/885/1921 2923/886/1921 2911/873/1921
f 2911/873/1922 2923/886/1922 2924/887/1922 2912/874/1922
f 2912/874/1923 2924/887/1923 2925/888/1923 2913/875/1923
f 2913/875/1924 2925/888/1924 2926/889/1924 2914/876/1924
f 2914/876/1925 2926/889/1925 2927/890/1925 2915/877/1925
f 2915/878/1926 2927/891/1926 2928/892/1926 2916/879/1926
f 2916/879/1927 2928/892/1927 2929/893/1927 2917/880/1927
f 2917/880/1928 2929/893/1928 2930/894/1928 2918/881/1928
f 2918/881/1929 2930/894/1929 2931/895/1929 2919/882/1929
f 2919/882/1930 2931/895/1930 2932/896/1930 2920/883/1930
f 2920/883/1931 2932/896/1931 2921/884/1931 2909/871/1931
f 2921/884/1932 2933/897/1932 2934/898/1932 2922/885/1932
f 2922/885/1933 2934/898/1933 2935/899/1933 2923/886/1933
f 2923/886/1934 2935/899/1934 2936/900/1934 2924/887/1934
f 2924/887/1935 2936/900/1935 2937/901/1935 2925/888/1935
f 2925/888/1936 2937/901/1936 2938/902/1936 2926/889/1936
f 2926/889/1937 2938/902/1937 2939/903/1937 2927/890/1937
f 2927/891/1938 2939/904/1938 2940/905/1938 2928/892/1938
f 2928/892/1939 2940/905/1939 2941/906/1939 2929/893/1939
f 2929/893/1940 2941/906/1940 2942/907/1940 2930/894/1940
f 2930/894/1941 2942/907/1941 2943/908/1941 2931/895/1941
f 2931/895/1942 2943/908/1942 2944/909/1942 2932/896/1942
f 2932/896/1943 2944/909/1943 2933/897/1943 2921/884/1943
f 2933/897/1944 2945/910/1944 2946/911/1944 2934/898/1944
f 2934/898/1945 2946/911/1945 2947/912/1945 2935/899/1945
f 2935/899/1946 2947/912/1946 2948/913/1946 2936/900/1946
f 2936/900/1947 2948/913/1947 2949/914/1947 2937/901/1947
f 2937/901/1948 2949/914/1948 2950/915/1948 2938/902/1948
f 2938/902/1949 2950/915/1949 2951/916/1949 2939/903/1949
f 2939/904/1950 2951/917/1950 2952/918/1950 2940/905/1950
f 2940/905/1951 2952/918/1951 2953/919/1951 2941/906/1951
f 2941/906/1952 2953/919/1952 2954/920/1952 2942/907/1952
f 2942/907/1953 2954/920/1953 2955/921/1953 2943/908/1953
f 2943/908/1954 2955/921/1954 2956/922/1954 2944/909/1954
f 2944/909/1955 2956/922/1955 2945/910/1955 2933/897/1955
f 2945/910/1956 2957/923/1956 2958/924/1956 2946/911/1956
f 2946/911/1957 2958/924/1957 2959/925/1957 2947/912/1957
f 2947/912/1958 2959/925/1958 2960/926/1958 2948/913/1958
f 2948/913/1959 2960/926/1959 2961/927/1959 2949/914/1959
f 2949/914/1960 2961/927/1960 2962/928/1960 2950/915/1960
f 2950/915/1961 2962/928/1961 2963/929/1961 2951/916/1961
f 2951/917/1962 2963/930/1962 2964/931/1962 2952/918/1962
f 2952/918/1963 2964/931/1963 2965/932/1963 2953/919/1963
f 2953/919/1964 2965/932/1964 2966/933/1964 2954/920/1964
f 2954/920/1965 2966/933/1965 2967/934/1965 2955/921/1965
f 2955/921/1966 2967/934/1966 2968/935/1966 2956/922/1966
f 2956/922/1967 2968/935/1967 2957/923/1967 2945/910/1967
f 2957/923/1968 2969/936/1968 2970/937/1968 2958/924/1968
f 2958/924/1969 2970/937/1969 2971/938/1969 2959/925/1969
f 2959/925/1970 2971/938/1970 2972/939/1970 2960/926/1970
f 2960/926/1971 2972/939/1971 2973/940/1971 2961/927/1971
f 2961/927/1972 2973/940/1972 2974/941/1972 2962/928/1972
f 2962/928/1973 2974/941/1973 2975/942/1973 2963/929/1973
f 2963/930/1974 2975/943/1974 2976/944/1974 2964/931/1974
f 2964/931/1975 2976/944/1975 2977/945/1975 2965/932/1975
f 2965/932/1976 2977/945/1976 2978/946/1976 2966/933/1976
f 2966/933/1977 2978/946/1977 2979/947/1977 2967/934/1977
f 2967/934/1978 2979/947/1978 2980/948/1978 2968/935/1978
f 2968/935/1979 2980/948/1979 2969/936/1979 2957/923/1979
f 2969/949/1697 2981/950/1697 2982/951/1697 2970/952/1697
f 2970/952/1696 2982/951/1696 2983/953/1696 2971/954/1696
f 2971/954/1695 2983/953/1695 2984/955/1695 2972/956/1695
f 2972/956/1694 2984/955/1694 2985/957/1694 2973/958/1694
f 2973/958/1693 2985/957/1693 2986/959/1693 2974/960/1693
f 2974/960/1692 2986/959/1692 2987/961/1692 2975/962/1692
f 2975/963/1703 2987/964/1703 2988/965/1703 2976/966/1703
f 2976/966/1702 2988/965/1702 2989/967/1702 2977/968/1702
f 2977/968/1701 2989/967/1701 2990/969/1701 2978/970/1701
f 2978/970/1700 2990/969/1700 2991/971/1700 2979/972/1700
f 2979/972/1699 2991/971/1699 2992/973/1699 2980/974/1699
f 2980/974/1698 2992/973/1698 2981/950/1698 2969/949/1698
f 2981/950/1709 2993/975/1709 2994/976/1709 2982/951/1709
f 2982/951/1708 2994/976/1708 2995/977/1708 2983/953/1708
f 2983/953/1707 2995/977/1707 2996/978/1707 2984/955/1707
f 2984/955/1706 2996/978/1706 2997/979/1706 2985/957/1706
f 2985/957/1705 2997/979/1705 2998/980/1705 2986/959/1705
f 2986/959/1704 2998/980/1704 2999/981/1704 2987/961/1704
f 2987/964/1715 2999/982/1715 3000/983/1715 2988/965/1715
f 2988/965/1714 3000/983/1714 3001/984/1714 2989/967/1714
f 2989/967/1713 3001/984/1713 3002/985/1713 2990/969/1713
f 2990/969/1712 3002/985/1712 3003/986/1712 2991/971/1712
f 2991/971/1711 3003/986/1711 3004/987/1711 2992/973/1711
f 2992/973/1710 3004/987/1710 2993/975/1710 2981/950/1710
f 2993/975/1721 3005/988/1721 3006/989/1721 2994/976/1721
f 2994/976/1720 3006/989/1720 3007/990/1720 2995/977/1720
f 2995/977/1719 3007/990/1719 3008/991/1719 2996/978/1719
f 2996/978/1718 3008/991/1718 3009/992/1718 2997/979/1718
f 2997/979/1717 3009/992/1717 3010/993/1717 2998/980/1717
f 2998/980/1716 3010/993/1716 3011/994/1716 2999/981/1716
f 2999/982/1727 3011/995/1727 3012/996/1727 3000/983/1727
f 3000/983/1726 3012/996/1726 3013/997/1726 3001/984/1726
f 3001/984/1725 3013/997/1725 3014/998/1725 3002/985/1725
f 3002/985/1724 3014/998/1724 3015/999/1724 3003/986/1724
f 3003/986/1723 3015/999/1723 3016/1000/1723 3004/987/1723
f 3004/987/1722 3016/1000/1722 3005/988/1722 2993/975/1722
f 3005/988/1733 3017/1001/1733 3018/1002/1733 3006/989/1733
f 3006/989/1732 3018/1002/1732 3019/1003/1732 3007/990/1732
f 3007/990/1731 3019/1003/1731 3020/1004/1731 3008/991/1731
f 3008/991/1730 3020/1004/1730 3021/1005/1730 3009/992/1730
f 3009/992/1729 3021/1005/1729 3022/1006/1729 3010/993/1729
f 3010/993/1728 3022/1006/1728 3023/1007/1728 3011/994/1728
f 3011/995/1739 3023/1008/1739 3024/1009/1739 3012/996/1739
f 3012/996/1738 3024/1009/1738 3025/1010/1738 3013/997/1738
f 3013/997/1737 3025/1010/1737 3026/1011/1737 3014/998/1737
f 3014/998/1736 3026/1011/1736 3027/1012/1736 3015/999/1736
f 3015/999/1735 3027/1012/1735 3028/1013/1735 3016/1000/1735
f 3016/1000/1734 3028/1013/1734 3017/1001/1734 3005/988/1734
f 3017/1001/1745 3029/1014/1745 3030/1015/1745 3018/1002/1745
f 3018/1002/1744 3030/1015/1744 3031/1016/1744 3019/1003/1744
f 3019/1003/1743 3031/1016/1743 3032/1017/1743 3020/1004/1743
f 3020/1004/1742 3032/1017/1742 3033/1018/1742 3021/1005/1742
f 3021/1005/1741 3033/1018/1741 3034/1019/1741 3022/1006/1741
f 3022/1006/1740 3034/1019/1740 3035/1020/1740 3023/1007/1740
f 3023/1008/1751 3035/1021/1751 3036/1022/1751 3024/1009/1751
f 3024/1009/1750 3036/1022/1750 3037/1023/1750 3025/1010/1750
f 3025/1010/1749 3037/1023/1749 3038/1024/1749 3026/1011/1749
f 3026/1011/1748 3038/1024/1748 3039/1025/1748 3027/1012/1748
f 3027/1012/1747 3039/1025/1747 3040/1026/1747 3028/1013/1747
f 3028/1013/1746 3040/1026/1746 3029/1014/1746 3017/1001/1746
f 3029/1014/1757 3041/1027/1757 3042/1028/1757 3030/1015/1757
f 3030/1015/1756 3042/1028/1756 3043/1029/1756 3031/1016/1756
f 3031/1016/1755 3043/1029/1755 3044/1030/1755 3032/1017/1755
f 3032/1017/1754 3044/1030/1754 3045/1031/1754 3033/1018/1754
f 3033/1018/1753 3045/1031/1753 3046/1032/1753 3034/1019/1753
f 3034/1019/1752 3046/1032/1752 3047/1033/1752 3035/1020/1752
f 3035/1021/1763 3047/1034/1763 3048/1035/1763 3036/1022/1763
f 3036/1022/1762 3048/1035/1762 3049/1036/1762 3037/1023/1762
f 3037/1023/1761 3049/1036/1761 3050/1037/1761 3038/1024/1761
f 3038/1024/1760 3050/1037/1760 3051/1038/1760 3039/1025/1760
f 3039/1025/1759 3051/1038/1759 3052/1039/1759 3040/1026/1759
f 3040/1026/1758 3052/1039/1758 3041/1027/1758 3029/1014/1758
f 3041/1027/1769 3053/1040/1769 3054/1041/1769 3042/1028/1769
f 3042/1028/1768 3054/1041/1768 3055/1042/1768 3043/1029/1768
f 3043/1029/1767 3055/1042/1767 3056/1043/1767 3044/1030/1767
f 3044/1030/1766 3056/1043/1766 3057/1044/1766 3045/1031/1766
f 3045/1031/1765 3057/1044/1765 3058/1045/1765 3046/1032/1765
f 3046/1032/1764 3058/1045/1764 3059/1046/1764 3047/1033/1764
f 3047/1034/1775 3059/1047/1775 3060/1048/1775 3048/1035/1775
f 3048/1035/1774 3060/1048/1774 3061/1049/1774 3049/1036/1774
f 3049/1036/1773 3061/1049/1773 3062/1050/1773 3050/1037/1773
f 3050/1037/1772 3062/1050/1772 3063/1051/1772 3051/1038/1772
f 3051/1038/1771 3063/1051/1771 3064/1052/1771 3052/1039/1771
f 3052/1039/1770 3064/1052/1770 3053/1040/1770 3041/1027/1770
f 3053/1040/1781 3065/1053/1781 3066/1054/1781 3054/1041/1781
f 3054/1041/1780 3066/1054/1780 3067/1055/1780 3055/1042/1780
f 3055/1042/1779 3067/1055/1779 3068/1056/1779 3056/1043/1779
f 3056/1043/1778 3068/1056/1778 3069/1057/1778 3057/1044/1778
f 3057/1044/1777 3069/1057/1777 3070/1058/1777 3058/1045/1777
f 3058/1045/1776 3070/1058/1776 3071/1059/1776 3059/1046/1776
f 3059/1047/1787 3071/1060/1787 3072/1061/1787 3060/1048/1787
f 3060/1048/1786 3072/1061/1786 3073/1062/1786 3061/1049/1786
f 3061/1049/1785 3073/1062/1785 3074/1063/1785 3062/1050/1785
f 3062/1050/1784 3074/1063/1784 3075/1064/1784 3063/1051/1784
f 3063/1051/1783 3075/1064/1783 3076/1065/1783 3064/1052/1783
f 3064/1052/1782 3076/1065/1782 3065/1053/1782 3053/1040/1782
f 3065/1053/1793 3077/1066/1793 3078/1067/1793 3066/1054/1793
f 3066/1054/1792 3078/1067/1792 3079/1068/1792 3067/1055/1792
f 3067/1055/1791 3079/1068/1791 3080/1069/1791 3068/1056/1791
f 3068/1056/1790 3080/1069/1790 3081/1070/1790 3069/1057/1790
f 3069/1057/1789 3081/1070/1789 3082/1071/1789 3070/1058/1789
f 3070/1058/1788 3082/1071/1788 3083/1072/1788 3071/1059/1788
f 3071/1060/1799 3083/1073/1799 3084/1074/1799 3072/1061/1799
f 3072/1061/1798 3084/1074/1798 3085/1075/1798 3073/1062/1798
f 3073/1062/1797 3085/1075/1797 3086/1076/1797 3074/1063/1797
f 3074/1063/1796 3086/1076/1796 3087/1077/1796 3075/1064/1796
f 3075/1064/1795 3087/1077/1795 3088/1078/1795 3076/1065/1795
f 3076/1065/1794 3088/1078/1794 3077/1066/1794 3065/1053/1794
f 3077/1066/1805 3089/1079/1805 3090/1080/1805 3078/1067/1805
f 3078/1067/1804 3090/1080/1804 3091/1081/1804 3079/1068/1804
f 3079/1068/1803 3091/1081/1803 3092/1082/1803 3080/1069/1803
f 3080/1069/1802 3092/1082/1802 3093/1083/1802 3081/1070/1802
f 3081/1070/1801 3093/1083/1801 3094/1084/1801 3082/1071/1801
f 3082/1071/1800 3094/1084/1800 3095/1085/1800 3083/1072/1800
f 3083/1073/1811 3095/1086/1811 3096/1087/1811 3084/1074/1811
f 3084/1074/1810 3096/1087/1810 3097/1088/1810 3085/1075/1810
f 3085/1075/1809 3097/1088/1809 3098/1089/1809 3086/1076/1809
f 3086/1076/1808 3098/1089/1808 3099/1090/1808 3087/1077/1808
f 3087/1077/1807 3099/1090/1807 3100/1091/1807 3088/1078/1807
f 3088/1078/1806 3100/1091/1806 3089/1079/1806 3077/1066/1806
f 3089/1079/1817 3101/1092/1817 3102/1093/1817 3090/1080/1817
f 3090/1080/1816 3102/1093/1816 3103/1094/1816 3091/1081/1816
f 3091/1081/1815 3103/1094/1815 3104/1095/1815 3092/1082/1815
f 3092/1082/1814 3104/1095/1814 3105/1096/1814 3093/1083/1814
f 3093/1083/1813 3105/1096/1813 3106/1097/1813 3094/1084/1813
f 3094/1084/1812 3106/1097/1812 3107/1098/1812 3095/1085/1812
f 3095/1086/1823 3107/1099/1823 3108/1100/1823 3096/1087/1823
f 3096/1087/1822 3108/1100/1822 3109/1101/1822 3097/1088/1822
f 3097/1088/1821 3109/1101/1821 3110/1102/1821 3098/1089/1821
f 3098/1089/1820 3110/1102/1820 3111/1103/1820 3099/1090/1820
f 3099/1090/1819 3111/1103/1819 3112/1104/1819 3100/1091/1819
f 3100/1091/1818 3112/1104/1818 3101/1092/1818 3089/1079/1818
f 3101/1092/1829 3113/1105/1829 3114/1106/1829 3102/1093/1829
f 3102/1093/1828 3114/1106/1828 3115/1107/1828 3103/1094/1828
f 3103/1094/1827 3115/1107/1827 3116/1108/1827 3104/1095/1827
f 3104/1095/1826 3116/1108/1826 3117/1109/1826 3105/1096/1826
f 3105/1096/1825 3117/1109/1825 3118/1110/1825 3106/1097/1825
f 3106/1097/1824 3118/1110/1824 3119/1111/1824 3107/1098/1824
f 3107/1099/1835 3119/1112/1835 3120/1113/1835 3108/1100/1835
f 3108/1100/1834 3120/1113/1834 3121/1114/1834 3109/1101/1834
f 3109/1101/1833 3121/1114/1833 3122/1115/1833 3110/1102/1833
f 3110/1102/1832 3122/1115/1832 3123/1116/1832 3111/1103/1832
f 3111/1103/1831 3123/1116/1831 3124/1117/1831 3112/1104/1831
f 3112/1104/1830 3124/1117/1830 3113/1105/1830 3101/1092/1830
f 3113/1105/1841 3125/1118/1841 3126/1119/1841 3114/1106/1841
f 3114/1106/1840 3126/1119/1840 3127/1120/1840 3115/1107/1840
f 3115/1107/1839 3127/1120/1839 3128/1121/1839 3116/1108/1839
f 3116/1108/1838 3128/1121/1838 3129/1122/1838 3117/1109/1838
f 3117/1109/1837 3129/1122/1837 3130/1123/1837 3118/1110/1837
f 3118/1110/1836 3130/1123/1836 3131/1124/1836 3119/1111/1836
f 3119/1112/1847 3131/1125/1847 3132/1126/1847 3120/1113/1847
f 3120/1113/1846 3132/1126/1846 3133/1127/1846 3121/1114/1846
f 3121/1114/1845 3133/1127/1845 3134/1128/1845 3122/1115/1845
f 3122/1115/1844 3134/1128/1844 3135/1129/1844 3123/1116/1844
f 3123/1116/1843 3135/1129/1843 3136/1130/1843 3124/1117/1843
f 3124/1117/1842 3136/1130/1842 3125/1118/1842 3113/1105/1842
f 3125/1118/1853 3137/1131/1853 3138/1132/1853 3126/1119/1853
f 3126/1119/1852 3138/1132/1852 3139/1133/1852 3127/1120/1852
f 3127/1120/1851 3139/1133/1851 3140/1134/1851 3128/1121/1851
f 3128/1121/1850 3140/1134/1850 3141/1135/1850 3129/1122/1850
f 3129/1122/1849 3141/1135/1849 3142/1136/1849 3130/1123/1849
f 3130/1123/1848 3142/1136/1848 3143/1137/1848 3131/1124/1848
f 3131/1125/1859 3143/1138/1859 3144/1139/1859 3132/1126/1859
f 3132/1126/1858 3144/1139/1858 3145/1140/1858 3133/1127/1858
f 3133/1127/1857 3145/1140/1857 3146/1141/1857 3134/1128/1857
f 3134/1128/1856 3146/1141/1856 3147/1142/1856 3135/1129/1856
f 3135/1129/1855 3147/1142/1855 3148/1143/1855 3136/1130/1855
f 3136/1130/1854 3148/1143/1854 3137/1131/1854 3125/1118/1854
f 3137/1131/1865 3149/1144/1865 3150/1145/1865 3138/1132/1865
f 3138/1132/1864 3150/1145/1864 3151/1146/1864 3139/1133/1864
f 3139/1133/1863 3151/1146/1863 3152/1147/1863 3140/1134/1863
f 3140/1134/1862 3152/1147/1862 3153/1148/1862 3141/1135/1862
f 3141/1135/1861 3153/1148/1861 3154/1149/1861 3142/1136/1861
f 3142/1136/1860 3154/1149/1860 3155/1150/1860 3143/1137/1860
f 3143/1138/1871 3155/1151/1871 3156/1152/1871 3144/1139/1871
f 3144/1139/1870 3156/1152/1870 3157/1153/1870 3145/1140/1870
f 3145/1140/1869 3157/1153/1869 3158/1154/1869 3146/1141/1869
f 3146/1141/1868 3158/1154/1868 3159/1155/1868 3147/1142/1868
f 3147/1142/1867 3159/1155/1867 3160/1156/1867 3148/1143/1867
f 3148/1143/1866 3160/1156/1866 3149/1144/1866 3137/1131/1866
f 3149/1144/1877 3161/1157/1877 3162/1158/1877 3150/1145/1877
f 3150/1145/1876 3162/1158/1876 3163/1159/1876 3151/1146/1876
f 3151/1146/1875 3163/1159/1875 3164/1160/1875 3152/1147/1875
f 3152/1147/1874 3164/1160/1874 3165/1161/1874 3153/1148/1874
f 3153/1148/1873 3165/1161/1873 3166/1162/1873 3154/1149/1873
f 3154/1149/1872 3166/1162/1872 3167/1163/1872 3155/1150/1872
f 3155/1151/1883 3167/1164/1883 3168/1165/1883 3156/1152/1883
f 3156/1152/1882 3168/1165/1882 3169/1166/1882 3157/1153/1882
f 3157/1153/1881 3169/1166/1881 3170/1167/1881 3158/1154/1881
f 3158/1154/1880 3170/1167/1880 3171/1168/1880 3159/1155/1880
f 3159/1155/1879 3171/1168/1879 3172/1169/1879 3160/1156/1879
f 3160/1156/1878 3172/1169/1878 3161/1157/1878 3149/1144/1878
f 3161/1157/1889 3173/1170/1889 3174/1171/1889 3162/1158/1889
f 3162/1158/1888 3174/1171/1888 3175/1172/1888 3163/1159/1888
f 3163/1159/1887 3175/1172/1887 3176/1173/1887 3164/1160/1887
f 3164/1160/1886 3176/1173/1886 3177/1174/1886 3165/1161/1886
f 3165/1161/1885 3177/1174/1885 3178/1175/1885 3166/1162/1885
f 3166/1162/1884 3178/1175/1884 3179/1176/1884 3167/1163/1884
f 3167/1164/1895 3179/1177/1895 3180/1178/1895 3168/1165/1895
f 3168/1165/1894 3180/1178/1894 3181/1179/1894 3169/1166/1894
f 3169/1166/1893 3181/1179/1893 3182/1180/1893 3170/1167/1893
f 3170/1167/1892 3182/1180/1892 3183/1181/1892 3171/1168/1892
f 3171/1168/1891 3183/1181/1891 3184/1182/1891 3172/1169/1891
f 3172/1169/1890 3184/1182/1890 3173/1170/1890 3161/1157/1890
f 3173/1170/1901 3185/1183/1901 3186/1184/1901 3174/1171/1901
f 3174/1171/1900 3186/1184/1900 3187/1185/1900 3175/1172/1900
f 3175/1172/1899 3187/1185/1899 3188/1186/1899 3176/1173/1899
f 3176/1173/1898 3188/1186/1898 3189/1187/1898 3177/1174/1898
f 3177/1174/1897 3189/1187/1897 3190/1188/1897 3178/1175/1897
f 3178/1175/1896 3190/1188/1896 3191/1189/1896 3179/1176/1896
f 3179/1177/1907 3191/1190/1907 3192/1191/1907 3180/1178/1907
f 3180/1178/1906 3192/1191/1906 3193/1192/1906 3181/1179/1906
f 3181/1179/1905 3193/1192/1905 3194/1193/1905 3182/1180/1905
f 3182/1180/1904 3194/1193/1904 3195/1194/1904 3183/1181/1904
f 3183/1181/1903 3195/1194/1903 3196/1195/1903 3184/1182/1903
f 3184/1182/1902 3196/1195/1902 3185/1183/1902 3173/1170/1902
f 3185/1183/1913 3197/1196/1913 3198/1197/1913 3186/1184/1913
f 3186/1184/1912 3198/1197/1912 3199/1198/1912 3187/1185/1912
f 3187/1185/1911 3199/1198/1911 3200/1199/1911 3188/1186/1911
f 3188/1186/1910 3200/1199/1910 3201/1200/1910 3189/1187/1910
f 3189/1187/1909 3201/1200/1909 3202/1201/1909 3190/1188/1909
f 3190/1188/1908 3202/1201/1908 3203/1202/1908 3191/1189/1908
f 3191/1190/1919 3203/1203/1919 3204/1204/1919 3192/1191/1919
f 3192/1191/1918 3204/1204/1918 3205/1205/1918 3193/1192/1918
f 3193/1192/1917 3205/1205/1917 3206/1206/1917 3194/1193/1917
f 3194/1193/1916 3206/1206/1916 3207/1207/1916 3195/1194/1916
f 3195/1194/1915 3207/1207/1915 3208/1208/1915 3196/1195/1915
f 3196/1195/1914 3208/1208/1914 3197/1196/1914 3185/1183/1914
f 3197/1196/1925 3209/1209/1925 3210/1210/1925 3198/1197/1925
f 3198/1197/1924 3210/1210/1924 3211/1211/1924 3199/1198/1924
f 3199/1198/1923 3211/1211/1923 3212/1212/1923 3200/1199/1923
f 3200/1199/1922 3212/1212/1922 3213/1213/1922 3201/1200/1922
f 3201/1200/1921 3213/1213/1921 3214/1214/1921 3202/1201/1921
f 3202/1201/1920 3214/1214/1920 3215/1215/1920 3203/1202/1920
f 3203/1203/1931 3215/1216/1931 3216/1217/1931 3204/1204/1931
f 3204/1204/1930 3216/1217/1930 3217/1218/1930 3205/1205/1930
f 3205/1205/1929 3217/1218/1929 3218/1219/1929 3206/1206/1929
f 3206/1206/1928 3218/1219/1928 3219/1220/1928 3207/1207/1928
f 3207/1207/1927 3219/1220/1927 3220/1221/1927 3208/1208/1927
f 3208/1208/1926 3220/1221/1926 3209/1209/1926 3197/1196/1926
f 3209/1209/1937 3221/1222/1937 3222/1223/1937 3210/1210/1937
f 3210/1210/1936 3222/1223/1936 3223/1224/1936 3211/1211/1936
f 3211/1211/1935 3223/1224/1935 3224/1225/1935 3212/1212/1935
f 3212/1212/1934 3224/1225/1934 3225/1226/1934 3213/1213/1934
f 3213/1213/1933 3225/1226/1933 3226/1227/1933 3214/1214/1933
f 3214/1214/1932 3226/1227/1932 3227/1228/1932 3215/1215/1932
f 3215/1216/1943 3227/1229/1943 3228/1230/1943 3216/1217/1943
f 3216/1217/1942 3228/1230/1942 3229/1231/1942 3217/1218/1942
f 3217/1218/1941 3229/1231/1941 3230/1232/1941 3218/1219/1941
f 3218/1219/1940 3230/1232/1940 3231/1233/1940 3219/1220/1940
f 3219/1220/1939 3231/1233/1939 3232/1234/1939 3220/1221/1939
f 3220/1221/1938 3232/1234/1938 3221/1222/1938 3209/1209/1938
f 3221/1222/1949 3233/1235/1949 3234/1236/1949 3222/1223/1949
f 3222/1223/1948 3234/1236/1948 3235/1237/1948 3223/1224/1948
f 3223/1224/1947 3235/1237/1947 3236/1238/1947 3224/1225/1947
f 3224/1225/1946 3236/1238/1946 3237/1239/1946 3225/1226/1946
f 3225/1226/1945 3237/1239/1945 3238/1240/1945 3226/1227/1945
f 3226/1227/1944 3238/1240/1944 3239/1241/1944 3227/1228/1944
f 3227/1229/1955 3239/1242/1955 3240/1243/1955 3228/1230/1955
f 3228/1230/1954 3240/1243/1954 3241/1244/1954 3229/1231/1954
f 3229/1231/1953 3241/1244/1953 3242/1245/1953 3230/1232/1953
f 3230/1232/1952 3242/1245/1952 3243/1246/1952 3231/1233/1952
f 3231/1233/1951 3243/1246/1951 3244/1247/1951 3232/1234/1951
f 3232/1234/1950 3244/1247/1950 3233/1235/1950 3221/1222/1950
f 3233/1235/1961 3245/1248/1961 3246/1249/1961 3234/1236/1961
f 3234/1236/1960 3246/1249/1960 3247/1250/1960 3235/1237/1960
f 3235/1237/1959 3247/1250/1959 3248/1251/1959 3236/1238/1959
f 3236/1238/1958 3248/1251/1958 3249/1252/1958 3237/1239/1958
f 3237/1239/1957 3249/1252/1957 3250/1253/1957 3238/1240/1957
f 3238/1240/1956 3250/1253/1956 3251/1254/1956 3239/1241/1956
f 3239/1242/1967 3251/1255/1967 3252/1256/1967 3240/1243/1967
f 3240/1243/1966 3252/1256/1966 3253/1257/1966 3241/1244/1966
f 3241/1244/1965 3253/1257/1965 3254/1258/1965 3242/1245/1965
f 3242/1245/1964 3254/1258/1964 3255/1259/1964 3243/1246/1964
f 3243/1246/1963 3255/1259/1963 3256/1260/1963 3244/1247/1963
f 3244/1247/1962 3256/1260/1962 3245/1248/1962 3233/1235/1962
f 3245/1248/1973 2681/624/1973 2682/627/1973 3246/1249/1973
f 3246/1249/1972 2682/627/1972 2683/629/1972 3247/1250/1972
f 3247/1250/1971 2683/629/1971 2684/631/1971 3248/1251/1971
f 3248/1251/1970 2684/631/1970 2685/633/1970 3249/1252/1970
f 3249/1252/1969 2685/633/1969 2686/635/1969 3250/1253/1969
f 3250/1253/1968 2686/635/1968 2687/637/1968 3251/1254/1968
f 3251/1255/1979 2687/638/1979 2688/641/1979 3252/1256/1979
f 3252/1256/1978 2688/641/1978 2689/643/1978 3253/1257/1978
f 3253/1257/1977 2689/643/1977 2690/645/1977 3254/1258/1977
f 3254/1258/1976 2690/645/1976 2691/647/1976 3255/1259/1976
f 3255/1259/1975 2691/647/1975 2692/649/1975 3256/1260/1975
f 3256/1260/1974 2692/649/1974 2681/624/1974 3245/1248/1974
o Torus.001
v 0.989740 1.076013 -1.707244
v 0.997693 1.078144 -1.707244
v 1.003516 1.083966 -1.707244
v 1.005647 1.091920 -1.707244
v 1.003516 1.099873 -1.707244
v 0.997693 1.105696 -1.707244
v 0.989740 1.107827 -1.707244
v 0.981787 1.105696 -1.707244
v 0.975964 1.099873 -1.707244
v 0.973833 1.091920 -1.707244
v 0.975964 1.083966 -1.707244
v 0.981787 1.078144 -1.707244
v 0.989740 1.076694 -1.717626
v 0.997693 1.078806 -1.717348
v 1.003516 1.084579 -1.716588
v 1.005647 1.092464 -1.715549
v 1.003516 1.100350 -1.714511
v 0.997693 1.106122 -1.713751
v 0.989740 1.108235 -1.713473
v 0.981787 1.106122 -1.713751
v 0.975964 1.100350 -1.714511
v 0.973833 1.092464 -1.715549
v 0.975964 1.084579 -1.716588
v 0.981787 1.078806 -1.717348
v 0.989740 1.078723 -1.727829
v 0.997693 1.080782 -1.727278
v 1.003516 1.086406 -1.725771
v 1.005647 1.094088 -1.723712
v 1.003516 1.101770 -1.721654
v 0.997693 1.107394 -1.720147
v 0.989740 1.109453 -1.719595
v 0.981787 1.107394 -1.720147
v 0.975964 1.101770 -1.721654
v 0.973833 1.094088 -1.723712
v 0.975964 1.086406 -1.725771
v 0.981787 1.080782 -1.727278
v 0.989740 1.082067 -1.737681
v 0.997693 1.084036 -1.736865
v 1.003516 1.089415 -1.734637
v 1.005647 1.096763 -1.731593
v 1.003516 1.104111 -1.728550
v 0.997693 1.109490 -1.726322
v 0.989740 1.111459 -1.725506
v 0.981787 1.109490 -1.726322
v 0.975964 1.104111 -1.728550
v 0.973833 1.096763 -1.731593
v 0.975964 1.089415 -1.734637
v 0.981787 1.084036 -1.736865
v 0.989740 1.086669 -1.747011
v 0.997693 1.088514 -1.745946
v 1.003516 1.093557 -1.743035
v 1.005647 1.100444 -1.739058
v 1.003516 1.107332 -1.735081
v 0.997693 1.112374 -1.732170
v 0.989740 1.114220 -1.731105
v 0.981787 1.112374 -1.732170
v 0.975964 1.107332 -1.735081
v 0.973833 1.100444 -1.739058
v 0.975964 1.093557 -1.743035
v 0.981787 1.088514 -1.745946
v 0.989740 1.092448 -1.755662
v 0.997693 1.094139 -1.754364
v 1.003516 1.098758 -1.750820
v 1.005647 1.105068 -1.745978
v 1.003516 1.111378 -1.741136
v 0.997693 1.115997 -1.737592
v 0.989740 1.117688 -1.736295
v 0.981787 1.115997 -1.737592
v 0.975964 1.111378 -1.741136
v 0.973833 1.105068 -1.745978
v 0.975964 1.098758 -1.750820
v 0.981787 1.094139 -1.754364
v 0.989740 1.099308 -1.763484
v 0.997693 1.100815 -1.761977
v 1.003516 1.104932 -1.757860
v 1.005647 1.110556 -1.752236
v 1.003516 1.116180 -1.746612
v 0.997693 1.120297 -1.742495
v 0.989740 1.121804 -1.740988
v 0.981787 1.120297 -1.742495
v 0.975964 1.116180 -1.746612
v 0.973833 1.110556 -1.752236
v 0.975964 1.104932 -1.757860
v 0.981787 1.100815 -1.761977
v 0.989740 1.107130 -1.770343
v 0.997693 1.108427 -1.768652
v 1.003516 1.111972 -1.764033
v 1.005647 1.116813 -1.757723
v 1.003516 1.121655 -1.751413
v 0.997693 1.125199 -1.746794
v 0.989740 1.126497 -1.745104
v 0.981787 1.125199 -1.746794
v 0.975964 1.121655 -1.751413
v 0.973833 1.116813 -1.757723
v 0.975964 1.111972 -1.764033
v 0.981787 1.108427 -1.768652
v 0.989740 1.115780 -1.776123
v 0.997693 1.116846 -1.774277
v 1.003516 1.119757 -1.769235
v 1.005647 1.123734 -1.762347
v 1.003516 1.127710 -1.755459
v 0.997693 1.130621 -1.750417
v 0.989740 1.131687 -1.748572
v 0.981787 1.130621 -1.750417
v 0.975964 1.127710 -1.755459
v 0.973833 1.123734 -1.762347
v 0.975964 1.119757 -1.769235
v 0.981787 1.116846 -1.774277
v 0.989740 1.125111 -1.780724
v 0.997693 1.125926 -1.778755
v 1.003516 1.128154 -1.773376
v 1.005647 1.131198 -1.766028
v 1.003516 1.134242 -1.758680
v 0.997693 1.136470 -1.753301
v 0.989740 1.137285 -1.751332
v 0.981787 1.136470 -1.753301
v 0.975964 1.134242 -1.758680
v 0.973833 1.131198 -1.766028
v 0.975964 1.128154 -1.773376
v 0.981787 1.125926 -1.778755
v 0.989740 1.134962 -1.784068
v 0.997693 1.135514 -1.782010
v 1.003516 1.137021 -1.776386
v 1.005647 1.139079 -1.768704
v 1.003516 1.141138 -1.761021
v 0.997693 1.142645 -1.755397
v 0.989740 1.143196 -1.753339
v 0.981787 1.142645 -1.755397
v 0.975964 1.141138 -1.761021
v 0.973833 1.139079 -1.768704
v 0.975964 1.137021 -1.776386
v 0.981787 1.135514 -1.782010
v 0.989740 1.145166 -1.786098
v 0.997693 1.145444 -1.783985
v 1.003516 1.146204 -1.778213
v 1.005647 1.147242 -1.770327
v 1.003516 1.148280 -1.762442
v 0.997693 1.149040 -1.756669
v 0.989740 1.149318 -1.754557
v 0.981787 1.149040 -1.756669
v 0.975964 1.148280 -1.762442
v 0.973833 1.147242 -1.770327
v 0.975964 1.146204 -1.778213
v 0.981787 1.145444 -1.783985
v 0.989740 1.155547 -1.786778
v 0.997693 1.155547 -1.784647
v 1.003516 1.155547 -1.778825
v 1.005647 1.155547 -1.770872
v 1.003516 1.155547 -1.762918
v 0.997693 1.155547 -1.757096
v 0.989740 1.155547 -1.754965
v 0.981787 1.155547 -1.757096
v 0.975964 1.155547 -1.762918
v 0.973833 1.155547 -1.770872
v 0.975964 1.155547 -1.778825
v 0.981787 1.155547 -1.784647
v 0.989740 1.165928 -1.786098
v 0.997693 1.165650 -1.783985
v 1.003516 1.164890 -1.778213
v 1.005647 1.163852 -1.770327
v 1.003516 1.162814 -1.762442
v 0.997693 1.162054 -1.756669
v 0.989740 1.161776 -1.754557
v 0.981787 1.162054 -1.756669
v 0.975964 1.162814 -1.762442
v 0.973833 1.163852 -1.770327
v 0.975964 1.164890 -1.778213
v 0.981787 1.165650 -1.783985
v 0.989740 1.176132 -1.784068
v 0.997693 1.175581 -1.782010
v 1.003516 1.174074 -1.776386
v 1.005647 1.172015 -1.768704
v 1.003516 1.169957 -1.761021
v 0.997693 1.168450 -1.755397
v 0.989740 1.167898 -1.753339
v 0.981787 1.168450 -1.755397
v 0.975964 1.169957 -1.761021
v 0.973833 1.172015 -1.768704
v 0.975964 1.174074 -1.776386
v 0.981787 1.175581 -1.782010
v 0.989740 1.185984 -1.780724
v 0.997693 1.185168 -1.778755
v 1.003516 1.182940 -1.773376
v 1.005647 1.179896 -1.766028
v 1.003516 1.176853 -1.758680
v 0.997693 1.174625 -1.753301
v 0.989740 1.173809 -1.751332
v 0.981787 1.174625 -1.753301
v 0.975964 1.176853 -1.758680
v 0.973833 1.179896 -1.766028
v 0.975964 1.182940 -1.773376
v 0.981787 1.185168 -1.778755
v 0.989740 1.195314 -1.776123
v 0.997693 1.194249 -1.774277
v 1.003516 1.191337 -1.769235
v 1.005647 1.187361 -1.762347
v 1.003516 1.183384 -1.755459
v 0.997693 1.180473 -1.750417
v 0.989740 1.179407 -1.748572
v 0.981787 1.180473 -1.750417
v 0.975964 1.183384 -1.755459
v 0.973833 1.187361 -1.762347
v 0.975964 1.191337 -1.769235
v 0.981787 1.194249 -1.774277
v 0.989740 1.203964 -1.770343
v 0.997693 1.202667 -1.768652
v 1.003516 1.199123 -1.764033
v 1.005647 1.194281 -1.757723
v 1.003516 1.189439 -1.751413
v 0.997693 1.185895 -1.746794
v 0.989740 1.184597 -1.745104
v 0.981787 1.185895 -1.746794
v 0.975964 1.189439 -1.751413
v 0.973833 1.194281 -1.757723
v 0.975964 1.199123 -1.764033
v 0.981787 1.202667 -1.768652
v 0.989740 1.211786 -1.763483
v 0.997693 1.210279 -1.761976
v 1.003516 1.206162 -1.757860
v 1.005647 1.200538 -1.752236
v 1.003516 1.194914 -1.746612
v 0.997693 1.190798 -1.742495
v 0.989740 1.189291 -1.740988
v 0.981787 1.190798 -1.742495
v 0.975964 1.194914 -1.746612
v 0.973833 1.200538 -1.752236
v 0.975964 1.206162 -1.757860
v 0.981787 1.210279 -1.761976
v 0.989740 1.218646 -1.755662
v 0.997693 1.216955 -1.754364
v 1.003516 1.212336 -1.750820
v 1.005647 1.206026 -1.745978
v 1.003516 1.199716 -1.741136
v 0.997693 1.195097 -1.737592
v 0.989740 1.193406 -1.736295
v 0.981787 1.195097 -1.737592
v 0.975964 1.199716 -1.741136
v 0.973833 1.206026 -1.745978
v 0.975964 1.212336 -1.750820
v 0.981787 1.216955 -1.754364
v 0.989740 1.224426 -1.747011
v 0.997693 1.222580 -1.745946
v 1.003516 1.217538 -1.743035
v 1.005647 1.210650 -1.739058
v 1.003516 1.203762 -1.735081
v 0.997693 1.198720 -1.732170
v 0.989740 1.196874 -1.731105
v 0.981787 1.198720 -1.732170
v 0.975964 1.203762 -1.735081
v 0.973833 1.210650 -1.739058
v 0.975964 1.217538 -1.743035
v 0.981787 1.222580 -1.745946
v 0.989740 1.229027 -1.737681
v 0.997693 1.227058 -1.736865
v 1.003516 1.221679 -1.734637
v 1.005647 1.214331 -1.731593
v 1.003516 1.206983 -1.728550
v 0.997693 1.201604 -1.726322
v 0.989740 1.199635 -1.725506
v 0.981787 1.201604 -1.726322
v 0.975964 1.206983 -1.728550
v 0.973833 1.214331 -1.731593
v 0.975964 1.221679 -1.734637
v 0.981787 1.227058 -1.736865
v 0.989740 1.232371 -1.727829
v 0.997693 1.230313 -1.727278
v 1.003516 1.224689 -1.725771
v 1.005647 1.217006 -1.723712
v 1.003516 1.209324 -1.721654
v 0.997693 1.203700 -1.720147
v 0.989740 1.201642 -1.719595
v 0.981787 1.203700 -1.720147
v 0.975964 1.209324 -1.721654
v 0.973833 1.217006 -1.723712
v 0.975964 1.224689 -1.725771
v 0.981787 1.230313 -1.727278
v 0.989740 1.234401 -1.717626
v 0.997693 1.232288 -1.717348
v 1.003516 1.226515 -1.716588
v 1.005647 1.218630 -1.715549
v 1.003516 1.210745 -1.714511
v 0.997693 1.204972 -1.713751
v 0.989740 1.202859 -1.713473
v 0.981787 1.204972 -1.713751
v 0.975964 1.210745 -1.714511
v 0.973833 1.218630 -1.715549
v 0.975964 1.226515 -1.716588
v 0.981787 1.232288 -1.717348
v 0.989740 1.235081 -1.707244
v 0.997693 1.232950 -1.707244
v 1.003516 1.227128 -1.707244
v 1.005647 1.219174 -1.707244
v 1.003516 1.211221 -1.707244
v 0.997693 1.205399 -1.707244
v 0.989740 1.203268 -1.707244
v 0.981787 1.205399 -1.707244
v 0.975964 1.211221 -1.707244
v 0.973833 1.219174 -1.707244
v 0.975964 1.227128 -1.707244
v 0.981787 1.232950 -1.707244
v 0.989740 1.234401 -1.696863
v 0.997693 1.232288 -1.697141
v 1.003516 1.226515 -1.697901
v 1.005647 1.218630 -1.698939
v 1.003516 1.210745 -1.699978
v 0.997693 1.204972 -1.700737
v 0.989740 1.202859 -1.701016
v 0.981787 1.204972 -1.700737
v 0.975964 1.210745 -1.699978
v 0.973833 1.218630 -1.698939
v 0.975964 1.226515 -1.697901
v 0.981787 1.232288 -1.697141
v 0.989740 1.232371 -1.686659
v 0.997693 1.230313 -1.687211
v 1.003516 1.224689 -1.688718
v 1.005647 1.217006 -1.690776
v 1.003516 1.209324 -1.692835
v 0.997693 1.203700 -1.694342
v 0.989740 1.201642 -1.694893
v 0.981787 1.203700 -1.694342
v 0.975964 1.209324 -1.692835
v 0.973833 1.217006 -1.690776
v 0.975964 1.224689 -1.688718
v 0.981787 1.230313 -1.687211
v 0.989740 1.229027 -1.676808
v 0.997693 1.227058 -1.677624
v 1.003516 1.221679 -1.679852
v 1.005647 1.214331 -1.682895
v 1.003516 1.206983 -1.685939
v 0.997693 1.201604 -1.688167
v 0.989740 1.199635 -1.688983
v 0.981787 1.201604 -1.688167
v 0.975964 1.206983 -1.685939
v 0.973833 1.214331 -1.682895
v 0.975964 1.221679 -1.679852
v 0.981787 1.227058 -1.677624
v 0.989740 1.224426 -1.667477
v 0.997693 1.222580 -1.668543
v 1.003516 1.217538 -1.671454
v 1.005647 1.210650 -1.675431
v 1.003516 1.203762 -1.679407
v 0.997693 1.198720 -1.682319
v 0.989740 1.196874 -1.683384
v 0.981787 1.198720 -1.682319
v 0.975964 1.203762 -1.679407
v 0.973833 1.210650 -1.675431
v 0.975964 1.217538 -1.671454
v 0.981787 1.222580 -1.668543
v 0.989740 1.218646 -1.658827
v 0.997693 1.216955 -1.660124
v 1.003516 1.212336 -1.663669
v 1.005647 1.206026 -1.668511
v 1.003516 1.199716 -1.673352
v 0.997693 1.195097 -1.676897
v 0.989740 1.193406 -1.678194
v 0.981787 1.195097 -1.676897
v 0.975964 1.199716 -1.673352
v 0.973833 1.206026 -1.668511
v 0.975964 1.212336 -1.663669
v 0.981787 1.216955 -1.660124
v 0.989740 1.211786 -1.651005
v 0.997693 1.210279 -1.652512
v 1.003516 1.206162 -1.656629
v 1.005647 1.200538 -1.662253
v 1.003516 1.194914 -1.667877
v 0.997693 1.190798 -1.671994
v 0.989740 1.189291 -1.673501
v 0.981787 1.190798 -1.671994
v 0.975964 1.194914 -1.667877
v 0.973833 1.200538 -1.662253
v 0.975964 1.206162 -1.656629
v 0.981787 1.210279 -1.652512
v 0.989740 1.203964 -1.644146
v 0.997693 1.202667 -1.645837
v 1.003516 1.199123 -1.650456
v 1.005647 1.194281 -1.656766
v 1.003516 1.189439 -1.663075
v 0.997693 1.185895 -1.667695
v 0.989740 1.184597 -1.669385
v 0.981787 1.185895 -1.667695
v 0.975964 1.189439 -1.663075
v 0.973833 1.194281 -1.656766
v 0.975964 1.199123 -1.650456
v 0.981787 1.202667 -1.645837
v 0.989740 1.195314 -1.638366
v 0.997693 1.194249 -1.640211
v 1.003516 1.191337 -1.645254
v 1.005647 1.187361 -1.652142
v 1.003516 1.183384 -1.659029
v 0.997693 1.180473 -1.664072
v 0.989740 1.179407 -1.665917
v 0.981787 1.180473 -1.664072
v 0.975964 1.183384 -1.659029
v 0.973833 1.187361 -1.652142
v 0.975964 1.191337 -1.645254
v 0.981787 1.194249 -1.640211
v 0.989740 1.185984 -1.633765
v 0.997693 1.185168 -1.635733
v 1.003516 1.182940 -1.641112
v 1.005647 1.179896 -1.648461
v 1.003516 1.176853 -1.655808
v 0.997693 1.174625 -1.661188
v 0.989740 1.173809 -1.663157
v 0.981787 1.174625 -1.661188
v 0.975964 1.176853 -1.655808
v 0.973833 1.179896 -1.648461
v 0.975964 1.182940 -1.641112
v 0.981787 1.185168 -1.635733
v 0.989740 1.176132 -1.630420
v 0.997693 1.175581 -1.632479
v 1.003516 1.174074 -1.638103
v 1.005647 1.172015 -1.645785
v 1.003516 1.169957 -1.653468
v 0.997693 1.168450 -1.659091
v 0.989740 1.167898 -1.661150
v 0.981787 1.168450 -1.659091
v 0.975964 1.169957 -1.653468
v 0.973833 1.172015 -1.645785
v 0.975964 1.174074 -1.638103
v 0.981787 1.175581 -1.632479
v 0.989740 1.165928 -1.628391
v 0.997693 1.165650 -1.630504
v 1.003516 1.164890 -1.636276
v 1.005647 1.163852 -1.644161
v 1.003516 1.162814 -1.652047
v 0.997693 1.162054 -1.657819
v 0.989740 1.161776 -1.659932
v 0.981787 1.162054 -1.657819
v 0.975964 1.162814 -1.652047
v 0.973833 1.163852 -1.644161
v 0.975964 1.164890 -1.636276
v 0.981787 1.165650 -1.630504
v 0.989740 1.155547 -1.627710
v 0.997693 1.155547 -1.629841
v 1.003516 1.155547 -1.635664
v 1.005647 1.155547 -1.643617
v 1.003516 1.155547 -1.651571
v 0.997693 1.155547 -1.657393
v 0.989740 1.155547 -1.659524
v 0.981787 1.155547 -1.657393
v 0.975964 1.155547 -1.651571
v 0.973833 1.155547 -1.643617
v 0.975964 1.155547 -1.635664
v 0.981787 1.155547 -1.629841
v 0.989740 1.145166 -1.628391
v 0.997693 1.145444 -1.630504
v 1.003516 1.146204 -1.636276
v 1.005647 1.147242 -1.644161
v 1.003516 1.148280 -1.652047
v 0.997693 1.149040 -1.657819
v 0.989740 1.149318 -1.659932
v 0.981787 1.149040 -1.657819
v 0.975964 1.148280 -1.652047
v 0.973833 1.147242 -1.644161
v 0.975964 1.146204 -1.636276
v 0.981787 1.145444 -1.630504
v 0.989740 1.134962 -1.630420
v 0.997693 1.135514 -1.632479
v 1.003516 1.137021 -1.638103
v 1.005647 1.139079 -1.645785
v 1.003516 1.141138 -1.653468
v 0.997693 1.142645 -1.659091
v 0.989740 1.143196 -1.661150
v 0.981787 1.142645 -1.659091
v 0.975964 1.141138 -1.653468
v 0.973833 1.139079 -1.645785
v 0.975964 1.137021 -1.638103
v 0.981787 1.135514 -1.632479
v 0.989740 1.125111 -1.633765
v 0.997693 1.125926 -1.635733
v 1.003516 1.128154 -1.641113
v 1.005647 1.131198 -1.648461
v 1.003516 1.134242 -1.655808
v 0.997693 1.136470 -1.661188
v 0.989740 1.137285 -1.663157
v 0.981787 1.136470 -1.661188
v 0.975964 1.134242 -1.655808
v 0.973833 1.131198 -1.648461
v 0.975964 1.128154 -1.641113
v 0.981787 1.125926 -1.635733
v 0.989740 1.115780 -1.638366
v 0.997693 1.116846 -1.640211
v 1.003516 1.119757 -1.645254
v 1.005647 1.123734 -1.652142
v 1.003516 1.127710 -1.659029
v 0.997693 1.130621 -1.664072
v 0.989740 1.131687 -1.665917
v 0.981787 1.130621 -1.664072
v 0.975964 1.127710 -1.659029
v 0.973833 1.123734 -1.652142
v 0.975964 1.119757 -1.645254
v 0.981787 1.116846 -1.640211
v 0.989740 1.107130 -1.644146
v 0.997693 1.108427 -1.645836
v 1.003516 1.111972 -1.650456
v 1.005647 1.116813 -1.656765
v 1.003516 1.121655 -1.663075
v 0.997693 1.125199 -1.667694
v 0.989740 1.126497 -1.669385
v 0.981787 1.125199 -1.667694
v 0.975964 1.121655 -1.663075
v 0.973833 1.116813 -1.656765
v 0.975964 1.111972 -1.650456
v 0.981787 1.108427 -1.645836
v 0.989740 1.099308 -1.651005
v 0.997693 1.100815 -1.652512
v 1.003516 1.104932 -1.656629
v 1.005647 1.110556 -1.662253
v 1.003516 1.116180 -1.667877
v 0.997693 1.120297 -1.671994
v 0.989740 1.121804 -1.673501
v 0.981787 1.120297 -1.671994
v 0.975964 1.116180 -1.667877
v 0.973833 1.110556 -1.662253
v 0.975964 1.104932 -1.656629
v 0.981787 1.100815 -1.652512
v 0.989740 1.092448 -1.658827
v 0.997693 1.094139 -1.660124
v 1.003516 1.098758 -1.663669
v 1.005647 1.105068 -1.668511
v 1.003516 1.111378 -1.673352
v 0.997693 1.115997 -1.676897
v 0.989740 1.117688 -1.678194
v 0.981787 1.115997 -1.676897
v 0.975964 1.111378 -1.673352
v 0.973833 1.105068 -1.668511
v 0.975964 1.098758 -1.663669
v 0.981787 1.094139 -1.660124
v 0.989740 1.086669 -1.667477
v 0.997693 1.088514 -1.668543
v 1.003516 1.093557 -1.671454
v 1.005647 1.100444 -1.675431
v 1.003516 1.107332 -1.679407
v 0.997693 1.112374 -1.682319
v 0.989740 1.114220 -1.683384
v 0.981787 1.112374 -1.682319
v 0.975964 1.107332 -1.679407
v 0.973833 1.100444 -1.675431
v 0.975964 1.093557 -1.671454
v 0.981787 1.088514 -1.668543
v 0.989740 1.082067 -1.676808
v 0.997693 1.084036 -1.677624
v 1.003516 1.089415 -1.679852
v 1.005647 1.096763 -1.682895
v 1.003516 1.104111 -1.685939
v 0.997693 1.109490 -1.688167
v 0.989740 1.111459 -1.688983
v 0.981787 1.109490 -1.688167
v 0.975964 1.104111 -1.685939
v 0.973833 1.096763 -1.682895
v 0.975964 1.089415 -1.679852
v 0.981787 1.084036 -1.677624
v 0.989740 1.078723 -1.686659
v 0.997693 1.080782 -1.687211
v 1.003516 1.086406 -1.688718
v 1.005647 1.094088 -1.690776
v 1.003516 1.101770 -1.692835
v 0.997693 1.107394 -1.694342
v 0.989740 1.109453 -1.694893
v 0.981787 1.107394 -1.694342
v 0.975964 1.101770 -1.692835
v 0.973833 1.094088 -1.690776
v 0.975964 1.086406 -1.688718
v 0.981787 1.080782 -1.687211
v 0.989740 1.076694 -1.696863
v 0.997693 1.078806 -1.697141
v 1.003516 1.084579 -1.697901
v 1.005647 1.092464 -1.698939
v 1.003516 1.100350 -1.699978
v 0.997693 1.106122 -1.700737
v 0.989740 1.108235 -1.701016
v 0.981787 1.106122 -1.700737
v 0.975964 1.100350 -1.699978
v 0.973833 1.092464 -1.698939
v 0.975964 1.084579 -1.697901
v 0.981787 1.078806 -1.697141
vn 0.2583 -0.9640 -0.0632
vn 0.7063 -0.7063 -0.0463
vn 0.9658 -0.2588 -0.0170
vn 0.9658 0.2588 0.0170
vn 0.7063 0.7063 0.0463
vn 0.2583 0.9640 0.0632
vn -0.2583 0.9640 0.0632
vn -0.7063 0.7063 0.0463
vn -0.9658 0.2588 0.0170
vn -0.9658 -0.2588 -0.0170
vn -0.7063 -0.7063 -0.0463
vn -0.2583 -0.9640 -0.0632
vn 0.2583 -0.9475 -0.1885
vn 0.7063 -0.6943 -0.1381
vn 0.9658 -0.2544 -0.0506
vn 0.9658 0.2544 0.0506
vn 0.7063 0.6943 0.1381
vn 0.2583 0.9475 0.1885
vn -0.2583 0.9475 0.1885
vn -0.7063 0.6943 0.1381
vn -0.9658 0.2544 0.0506
vn -0.9658 -0.2544 -0.0506
vn -0.7063 -0.6943 -0.1381
vn -0.2583 -0.9475 -0.1885
vn 0.2583 -0.9148 -0.3105
vn 0.7063 -0.6703 -0.2275
vn 0.9658 -0.2456 -0.0834
vn 0.9658 0.2456 0.0834
vn 0.7063 0.6703 0.2275
vn 0.2583 0.9148 0.3105
vn -0.2583 0.9148 0.3105
vn -0.7063 0.6703 0.2275
vn -0.9658 0.2456 0.0834
vn -0.9658 -0.2456 -0.0834
vn -0.7063 -0.6703 -0.2275
vn -0.2583 -0.9148 -0.3105
vn 0.2583 -0.8664 -0.4273
vn 0.7063 -0.6349 -0.3131
vn 0.9658 -0.2326 -0.1147
vn 0.9658 0.2326 0.1147
vn 0.7063 0.6349 0.3131
vn 0.2583 0.8664 0.4273
vn -0.2583 0.8664 0.4273
vn -0.7063 0.6349 0.3131
vn -0.9658 0.2326 0.1147
vn -0.9658 -0.2326 -0.1147
vn -0.7063 -0.6349 -0.3131
vn -0.2583 -0.8664 -0.4273
vn 0.2583 -0.8033 -0.5367
vn 0.7063 -0.5886 -0.3933
vn 0.9658 -0.2156 -0.1441
vn 0.9658 0.2156 0.1441
vn 0.7063 0.5886 0.3933
vn 0.2583 0.8033 0.5367
vn -0.2583 0.8033 0.5367
vn -0.7063 0.5886 0.3933
vn -0.9658 0.2156 0.1441
vn -0.9658 -0.2156 -0.1441
vn -0.7063 -0.5886 -0.3933
vn -0.2583 -0.8033 -0.5367
vn 0.2583 -0.7263 -0.6370
vn 0.7063 -0.5322 -0.4667
vn 0.9658 -0.1950 -0.1710
vn 0.9658 0.1950 0.1710
vn 0.7063 0.5322 0.4667
vn 0.2583 0.7263 0.6370
vn -0.2583 0.7263 0.6370
vn -0.7063 0.5322 0.4667
vn -0.9658 0.1950 0.1710
vn -0.9658 -0.1950 -0.1710
vn -0.7063 -0.5322 -0.4667
vn -0.2583 -0.7263 -0.6370
vn 0.2583 -0.6370 -0.7263
vn 0.7063 -0.4667 -0.5322
vn 0.9658 -0.1710 -0.1950
vn 0.9658 0.1710 0.1950
vn 0.7063 0.4667 0.5322
vn 0.2583 0.6370 0.7263
vn -0.2583 0.6370 0.7263
vn -0.7063 0.4667 0.5322
vn -0.9658 0.1710 0.1950
vn -0.9658 -0.1710 -0.1950
vn -0.7063 -0.4667 -0.5322
vn -0.2583 -0.6370 -0.7263
vn 0.2583 -0.5367 -0.8033
vn 0.7063 -0.3933 -0.5886
vn 0.9658 -0.1441 -0.2156
vn 0.9658 0.1441 0.2156
vn 0.7063 0.3933 0.5886
vn 0.2583 0.5367 0.8033
vn -0.2583 0.5367 0.8033
vn -0.7063 0.3933 0.5886
vn -0.9658 0.1441 0.2156
vn -0.9658 -0.1441 -0.2156
vn -0.7063 -0.3933 -0.5886
vn -0.2583 -0.5367 -0.8033
vn 0.2583 -0.4273 -0.8664
vn 0.7063 -0.3131 -0.6349
vn 0.9658 -0.1147 -0.2326
vn 0.9658 0.1147 0.2326
vn 0.7063 0.3131 0.6349
vn 0.2583 0.4273 0.8664
vn -0.2583 0.4273 0.8664
vn -0.7063 0.3131 0.6349
vn -0.9658 0.1147 0.2326
vn -0.9658 -0.1147 -0.2326
vn -0.7063 -0.3131 -0.6349
vn -0.2583 -0.4273 -0.8664
vn 0.2583 -0.3105 -0.9148
vn 0.7063 -0.2275 -0.6703
vn 0.9658 -0.0834 -0.2456
vn 0.9658 0.0834 0.2456
vn 0.7063 0.2275 0.6703
vn 0.2583 0.3105 0.9148
vn -0.2583 0.3105 0.9148
vn -0.7063 0.2275 0.6703
vn -0.9658 0.0834 0.2456
vn -0.9658 -0.0834 -0.2456
vn -0.7063 -0.2275 -0.6703
vn -0.2583 -0.3105 -0.9148
vn 0.2583 -0.1885 -0.9475
vn 0.7063 -0.1381 -0.6943
vn 0.9658 -0.0506 -0.2544
vn 0.9658 0.0506 0.2544
vn 0.7063 0.1381 0.6943
vn 0.2583 0.1885 0.9475
vn -0.2583 0.1885 0.9475
vn -0.7063 0.1381 0.6943
vn -0.9658 0.0506 0.2544
vn -0.9658 -0.0506 -0.2544
vn -0.7063 -0.1381 -0.6943
vn -0.2583 -0.1885 -0.9475
vn 0.2583 -0.0632 -0.9640
vn 0.7063 -0.0463 -0.7063
vn 0.9658 -0.0170 -0.2588
vn 0.9658 0.0170 0.2588
vn 0.7063 0.0463 0.7063
vn 0.2583 0.0632 0.9640
vn -0.2583 0.0632 0.9640
vn -0.7063 0.0463 0.7063
vn -0.9658 0.0170 0.2588
vn -0.9658 -0.0170 -0.2588
vn -0.7063 -0.0463 -0.7063
vn -0.2583 -0.0632 -0.9640
vn 0.2583 0.0632 -0.9640
vn 0.7063 0.0463 -0.7063
vn 0.9658 0.0170 -0.2588
vn 0.9658 -0.0170 0.2588
vn 0.7063 -0.0463 0.7063
vn 0.2583 -0.0632 0.9640
vn -0.2583 -0.0632 0.9640
vn -0.7063 -0.0463 0.7063
vn -0.9658 -0.0170 0.2588
vn -0.9658 0.0170 -0.2588
vn -0.7063 0.0463 -0.7063
vn -0.2583 0.0632 -0.9640
vn 0.2583 0.1885 -0.9475
vn 0.7063 0.1381 -0.6943
vn 0.9658 0.0506 -0.2544
vn 0.9658 -0.0506 0.2544
vn 0.7063 -0.1381 0.6943
vn 0.2583 -0.1885 0.9475
vn -0.2583 -0.1885 0.9475
vn -0.7063 -0.1381 0.6943
vn -0.9658 -0.0506 0.2544
vn -0.9658 0.0506 -0.2544
vn -0.7063 0.1381 -0.6943
vn -0.2583 0.1885 -0.9475
vn 0.2583 0.3105 -0.9148
vn 0.7063 0.2275 -0.6703
vn 0.9658 0.0834 -0.2456
vn 0.9658 -0.0834 0.2456
vn 0.7063 -0.2275 0.6703
vn 0.2583 -0.3105 0.9148
vn -0.2583 -0.3105 0.9148
vn -0.7063 -0.2275 0.6703
vn -0.9658 -0.0834 0.2456
vn -0.9658 0.0834 -0.2456
vn -0.7063 0.2275 -0.6703
vn -0.2583 0.3105 -0.9148
vn 0.2583 0.4273 -0.8664
vn 0.7063 0.3131 -0.6349
vn 0.9658 0.1147 -0.2326
vn 0.9658 -0.1147 0.2326
vn 0.7063 -0.3131 0.6349
vn 0.2583 -0.4273 0.8664
vn -0.2583 -0.4273 0.8664
vn -0.7063 -0.3131 0.6349
vn -0.9658 -0.1147 0.2326
vn -0.9658 0.1147 -0.2326
vn -0.7063 0.3131 -0.6349
vn -0.2583 0.4273 -0.8664
vn 0.2583 0.5367 -0.8033
vn 0.7063 0.3933 -0.5886
vn 0.9658 0.1441 -0.2156
vn 0.9658 -0.1441 0.2156
vn 0.7063 -0.3933 0.5886
vn 0.2583 -0.5367 0.8033
vn -0.2583 -0.5367 0.8033
vn -0.7063 -0.3933 0.5886
vn -0.9658 -0.1441 0.2156
vn -0.9658 0.1441 -0.2156
vn -0.7063 0.3933 -0.5886
vn -0.2583 0.5367 -0.8033
vn 0.2583 0.6370 -0.7263
vn 0.7063 0.4667 -0.5322
vn 0.9658 0.1710 -0.1950
vn 0.9658 -0.1710 0.1950
vn 0.7063 -0.4667 0.5322
vn 0.2583 -0.6370 0.7263
vn -0.2583 -0.6370 0.7263
vn -0.7063 -0.4667 0.5322
vn -0.9658 -0.1710 0.1950
vn -0.9658 0.1710 -0.1950
vn -0.7063 0.4667 -0.5322
vn -0.2583 0.6370 -0.7263
vn 0.2583 0.7263 -0.6370
vn 0.7063 0.5322 -0.4667
vn 0.9658 0.1950 -0.1710
vn 0.9658 -0.1950 0.1710
vn 0.7063 -0.5322 0.4667
vn 0.2583 -0.7263 0.6370
vn -0.2583 -0.7263 0.6370
vn -0.7063 -0.5322 0.4667
vn -0.9658 -0.1950 0.1710
vn -0.9658 0.1950 -0.1710
vn -0.7063 0.5322 -0.4667
vn -0.2583 0.7263 -0.6370
vn 0.2583 0.8033 -0.5367
vn 0.7063 0.5886 -0.3933
vn 0.9658 0.2156 -0.1441
vn 0.9658 -0.2156 0.1441
vn 0.7063 -0.5886 0.3933
vn 0.2583 -0.8033 0.5367
vn -0.2583 -0.8033 0.5367
vn -0.7063 -0.5886 0.3933
vn -0.9658 -0.2156 0.1441
vn -0.9658 0.2156 -0.1441
vn -0.7063 0.5886 -0.3933
vn -0.2583 0.8033 -0.5367
vn 0.2583 0.8664 -0.4273
vn 0.7063 0.6349 -0.3131
vn 0.9658 0.2326 -0.1147
vn 0.9658 -0.2326 0.1147
vn 0.7063 -0.6349 0.3131
vn 0.2583 -0.8664 0.4273
vn -0.2583 -0.8664 0.4273
vn -0.7063 -0.6349 0.3131
vn -0.9658 -0.2326 0.1147
vn -0.9658 0.2326 -0.1147
vn -0.7063 0.6349 -0.3131
vn -0.2583 0.8664 -0.4273
vn 0.2583 0.9148 -0.3105
vn 0.7063 0.6703 -0.2275
vn 0.9658 0.2456 -0.0834
vn 0.9658 -0.2456 0.0834
vn 0.7063 -0.6703 0.2275
vn 0.2583 -0.9148 0.3105
vn -0.2583 -0.9148 0.3105
vn -0.7063 -0.6703 0.2275
vn -0.9658 -0.2456 0.0834
vn -0.9658 0.2456 -0.0834
vn -0.7063 0.6703 -0.2275
vn -0.2583 0.9148 -0.3105
vn 0.2583 0.9475 -0.1885
vn 0.7063 0.6943 -0.1381
vn 0.9658 0.2544 -0.0506
vn 0.9658 -0.2544 0.0506
vn 0.7063 -0.6943 0.1381
vn 0.2583 -0.9475 0.1885
vn -0.2583 -0.9475 0.1885
vn -0.7063 -0.6943 0.1381
vn -0.9658 -0.2544 0.0506
vn -0.9658 0.2544 -0.0506
vn -0.7063 0.6943 -0.1381
vn -0.2583 0.9475 -0.1885
vn 0.2583 0.9640 -0.0632
vn 0.7063 0.7063 -0.0463
vn 0.9658 0.2588 -0.0170
vn 0.9658 -0.2588 0.0170
vn 0.7063 -0.7063 0.0463
vn 0.2583 -0.9640 0.0632
vn -0.2583 -0.9640 0.0632
vn -0.7063 -0.7063 0.0463
vn -0.9658 -0.2588 0.0170
vn -0.9658 0.2588 -0.0170
vn -0.7063 0.7063 -0.0463
vn -0.2583 0.9640 -0.0632
vt 0.500000 0.500000
vt 0.520833 0.500000
vt 0.520833 0.583333
vt 0.500000 0.583333
vt 0.520833 0.666667
vt 0.500000 0.666667
vt 0.520833 0.750000
vt 0.500000 0.750000
vt 0.520833 0.833333
vt 0.500000 0.833333
vt 0.520833 0.916667
vt 0.500000 0.916667
vt 0.520833 1.000000
vt 0.500000 1.000000
vt 0.500000 0.000000
vt 0.520833 0.000000
vt 0.520833 0.083333
vt 0.500000 0.083333
vt 0.520833 0.166667
vt 0.500000 0.166667
vt 0.520833 0.250000
vt 0.500000 0.250000
vt 0.520833 0.333333
vt 0.500000 0.333333
vt 0.520833 0.416667
vt 0.500000 0.416667
vt 0.541667 0.500000
vt 0.541667 0.583333
vt 0.541667 0.666667
vt 0.541667 0.750000
vt 0.541667 0.833333
vt 0.541667 0.916667
vt 0.541667 1.000000
vt 0.541667 0.000000
vt 0.541667 0.083333
vt 0.541667 0.166667
vt 0.541667 0.250000
vt 0.541667 0.333333
vt 0.541667 0.416667
vt 0.562500 0.500000
vt 0.562500 0.583333
vt 0.562500 0.666667
vt 0.562500 0.750000
vt 0.562500 0.833333
vt 0.562500 0.916667
vt 0.562500 1.000000
vt 0.562500 0.000000
vt 0.562500 0.083333
vt 0.562500 0.166667
vt 0.562500 0.250000
vt 0.562500 0.333333
vt 0.562500 0.416667
vt 0.583333 0.500000
vt 0.583333 0.583333
vt 0.583333 0.666667
vt 0.583333 0.750000
vt 0.583333 0.833333
vt 0.583333 0.916667
vt 0.583333 1.000000
vt 0.583333 0.000000
vt 0.583333 0.083333
vt 0.583333 0.166667
vt 0.583333 0.250000
vt 0.583333 0.333333
vt 0.583333 0.416667
vt 0.604167 0.500000
vt 0.604167 0.583333
vt 0.604167 0.666667
vt 0.604167 0.750000
vt 0.604167 0.833333
vt 0.604167 0.916667
vt 0.604167 1.000000
vt 0.604167 0.000000
vt 0.604167 0.083333
vt 0.604167 0.166667
vt 0.604167 0.250000
vt 0.604167 0.333333
vt 0.604167 0.416667
vt 0.625000 0.500000
vt 0.625000 0.583333
vt 0.625000 0.666667
vt 0.625000 0.750000
vt 0.625000 0.833333
vt 0.625000 0.916667
vt 0.625000 1.000000
vt 0.625000 0.000000
vt 0.625000 0.083333
vt 0.625000 0.166667
vt 0.625000 0.250000
vt 0.625000 0.333333
vt 0.625000 0.416667
vt 0.645833 0.500000
vt 0.645833 0.583333
vt 0.645833 0.666667
vt 0.645833 0.750000
vt 0.645833 0.833333
vt 0.645833 0.916667
vt 0.645833 1.000000
vt 0.645833 0.000000
vt 0.645833 0.083333
vt 0.645833 0.166667
vt 0.645833 0.250000
vt 0.645833 0.333333
vt 0.645833 0.416667
vt 0.666667 0.500000
vt 0.666667 0.583333
vt 0.666667 0.666667
vt 0.666667 0.750000
vt 0.666667 0.833333
vt 0.666667 0.916667
vt 0.666667 1.000000
vt 0.666667 0.000000
vt 0.666667 0.083333
vt 0.666667 0.166667
vt 0.666667 0.250000
vt 0.666667 0.333333
vt 0.666667 0.416667
vt 0.687500 0.500000
vt 0.687500 0.583333
vt 0.687500 0.666667
vt 0.687500 0.750000
vt 0.687500 0.833333
vt 0.687500 0.916667
vt 0.687500 1.000000
vt 0.687500 0.000000
vt 0.687500 0.083333
vt 0.687500 0.166667
vt 0.687500 0.250000
vt 0.687500 0.333333
vt 0.687500 0.416667
vt 0.708333 0.500000
vt 0.708333 0.583333
vt 0.708333 0.666667
vt 0.708333 0.750000
vt 0.708333 0.833333
vt 0.708333 0.916667
vt 0.708333 1.000000
vt 0.708333 0.000000
vt 0.708333 0.083333
vt 0.708333 0.166667
vt 0.708333 0.250000
vt 0.708333 0.333333
vt 0.708333 0.416667
vt 0.729167 0.500000
vt 0.729167 0.583333
vt 0.729167 0.666667
vt 0.729167 0.750000
vt 0.729167 0.833333
vt 0.729167 0.916667
vt 0.729167 1.000000
vt 0.729167 0.000000
vt 0.729167 0.083333
vt 0.729167 0.166667
vt 0.729167 0.250000
vt 0.729167 0.333333
vt 0.729167 0.416667
vt 0.750000 0.500000
vt 0.750000 0.583333
vt 0.750000 0.666667
vt 0.750000 0.750000
vt 0.750000 0.833333
vt 0.750000 0.916667
vt 0.750000 1.000000
vt 0.750000 0.000000
vt 0.750000 0.083333
vt 0.750000 0.166667
vt 0.750000 0.250000
vt 0.750000 0.333333
vt 0.750000 0.416667
vt 0.770833 0.500000
vt 0.770833 0.583333
vt 0.770833 0.666667
vt 0.770833 0.750000
vt 0.770833 0.833333
vt 0.770833 0.916667
vt 0.770833 1.000000
vt 0.770833 0.000000
vt 0.770833 0.083333
vt 0.770833 0.166667
vt 0.770833 0.250000
vt 0.770833 0.333333
vt 0.770833 0.416667
vt 0.791667 0.500000
vt 0.791667 0.583333
vt 0.791667 0.666667
vt 0.791667 0.750000
vt 0.791667 0.833333
vt 0.791667 0.916667
vt 0.791667 1.000000
vt 0.791667 0.000000
vt 0.791667 0.083333
vt 0.791667 0.166667
vt 0.791667 0.250000
vt 0.791667 0.333333
vt 0.791667 0.416667
vt 0.812500 0.500000
vt 0.812500 0.583333
vt 0.812500 0.666667
vt 0.812500 0.750000
vt 0.812500 0.833333
vt 0.812500 0.916667
vt 0.812500 1.000000
vt 0.812500 0.000000
vt 0.812500 0.083333
vt 0.812500 0.166667
vt 0.812500 0.250000
vt 0.812500 0.333333
vt 0.812500 0.416667
vt 0.833333 0.500000
vt 0.833333 0.583333
vt 0.833333 0.666667
vt 0.833333 0.750000
vt 0.833333 0.833333
vt 0.833333 0.916667
vt 0.833333 1.000000
vt 0.833333 0.000000
vt 0.833333 0.083333
vt 0.833333 0.166667
vt 0.833333 0.250000
vt 0.833333 0.333333
vt 0.833333 0.416667
vt 0.854167 0.500000
vt 0.854167 0.583333
vt 0.854167 0.666667
vt 0.854167 0.750000
vt 0.854167 0.833333
vt 0.854167 0.916667
vt 0.854167 1.000000
vt 0.854167 0.000000
vt 0.854167 0.083333
vt 0.854167 0.166667
vt 0.854167 0.250000
vt 0.854167 0.333333
vt 0.854167 0.416667
vt 0.875000 0.500000
vt 0.875000 0.583333
vt 0.875000 0.666667
vt 0.875000 0.750000
vt 0.875000 0.833333
vt 0.875000 0.916667
vt 0.875000 1.000000
vt 0.875000 0.000000
vt 0.875000 0.083333
vt 0.875000 0.166667
vt 0.875000 0.250000
vt 0.875000 0.333333
vt 0.875000 0.416667
vt 0.895833 0.500000
vt 0.895833 0.583333
vt 0.895833 0.666667
vt 0.895833 0.750000
vt 0.895833 0.833333
vt 0.895833 0.916667
vt 0.895833 1.000000
vt 0.895833 0.000000
vt 0.895833 0.083333
vt 0.895833 0.166667
vt 0.895833 0.250000
vt 0.895833 0.333333
vt 0.895833 0.416667
vt 0.916667 0.500000
vt 0.916667 0.583333
vt 0.916667 0.666667
vt 0.916667 0.750000
vt 0.916667 0.833333
vt 0.916667 0.916667
vt 0.916667 1.000000
vt 0.916667 0.000000
vt 0.916667 0.083333
vt 0.916667 0.166667
vt 0.916667 0.250000
vt 0.916667 0.333333
vt 0.916667 0.416667
vt 0.937500 0.500000
vt 0.937500 0.583333
vt 0.937500 0.666667
vt 0.937500 0.750000
vt 0.937500 0.833333
vt 0.937500 0.916667
vt 0.937500 1.000000
vt 0.937500 0.000000
vt 0.937500 0.083333
vt 0.937500 0.166667
vt 0.937500 0.250000
vt 0.937500 0.333333
vt 0.937500 0.416667
vt 0.958333 0.500000
vt 0.958333 0.583333
vt 0.958333 0.666667
vt 0.958333 0.750000
vt 0.958333 0.833333
vt 0.958333 0.916667
vt 0.958333 1.000000
vt 0.958333 0.000000
vt 0.958333 0.083333
vt 0.958333 0.166667
vt 0.958333 0.250000
vt 0.958333 0.333333
vt 0.958333 0.416667
vt 0.979167 0.500000
vt 0.979167 0.583333
vt 0.979167 0.666667
vt 0.979167 0.750000
vt 0.979167 0.833333
vt 0.979167 0.916667
vt 0.979167 1.000000
vt 0.979167 0.000000
vt 0.979167 0.083333
vt 0.979167 0.166667
vt 0.979167 0.250000
vt 0.979167 0.333333
vt 0.979167 0.416667
vt 1.000000 0.500000
vt 1.000000 0.583333
vt 1.000000 0.666667
vt 1.000000 0.750000
vt 1.000000 0.833333
vt 1.000000 0.916667
vt 1.000000 1.000000
vt 1.000000 0.000000
vt 1.000000 0.083333
vt 1.000000 0.166667
vt 1.000000 0.250000
vt 1.000000 0.333333
vt 1.000000 0.416667
vt 0.000000 0.500000
vt 0.020833 0.500000
vt 0.020833 0.583333
vt 0.000000 0.583333
vt 0.020833 0.666667
vt 0.000000 0.666667
vt 0.020833 0.750000
vt 0.000000 0.750000
vt 0.020833 0.833333
vt 0.000000 0.833333
vt 0.020833 0.916667
vt 0.000000 0.916667
vt 0.020833 1.000000
vt 0.000000 1.000000
vt 0.000000 0.000000
vt 0.020833 0.000000
vt 0.020833 0.083333
vt 0.000000 0.083333
vt 0.020833 0.166667
vt 0.000000 0.166667
vt 0.020833 0.250000
vt 0.000000 0.250000
vt 0.020833 0.333333
vt 0.000000 0.333333
vt 0.020833 0.416667
vt 0.000000 0.416667
vt 0.041667 0.500000
vt 0.041667 0.583333
vt 0.041667 0.666667
vt 0.041667 0.750000
vt 0.041667 0.833333
vt 0.041667 0.916667
vt 0.041667 1.000000
vt 0.041667 0.000000
vt 0.041667 0.083333
vt 0.041667 0.166667
vt 0.041667 0.250000
vt 0.041667 0.333333
vt 0.041667 0.416667
vt 0.062500 0.500000
vt 0.062500 0.583333
vt 0.062500 0.666667
vt 0.062500 0.750000
vt 0.062500 0.833333
vt 0.062500 0.916667
vt 0.062500 1.000000
vt 0.062500 0.000000
vt 0.062500 0.083333
vt 0.062500 0.166667
vt 0.062500 0.250000
vt 0.062500 0.333333
vt 0.062500 0.416667
vt 0.083333 0.500000
vt 0.083333 0.583333
vt 0.083333 0.666667
vt 0.083333 0.750000
vt 0.083333 0.833333
vt 0.083333 0.916667
vt 0.083333 1.000000
vt 0.083333 0.000000
vt 0.083333 0.083333
vt 0.083333 0.166667
vt 0.083333 0.250000
vt 0.083333 0.333333
vt 0.083333 0.416667
vt 0.104167 0.500000
vt 0.104167 0.583333
vt 0.104167 0.666667
vt 0.104167 0.750000
vt 0.104167 0.833333
vt 0.104167 0.916667
vt 0.104167 1.000000
vt 0.104167 0.000000
vt 0.104167 0.083333
vt 0.104167 0.166667
vt 0.104167 0.250000
vt 0.104167 0.333333
vt 0.104167 0.416667
vt 0.125000 0.500000
vt 0.125000 0.583333
vt 0.125000 0.666667
vt 0.125000 0.750000
vt 0.125000 0.833333
vt 0.125000 0.916667
vt 0.125000 1.000000
vt 0.125000 0.000000
vt 0.125000 0.083333
vt 0.125000 0.166667
vt 0.125000 0.250000
vt 0.125000 0.333333
vt 0.125000 0.416667
vt 0.145833 0.500000
vt 0.145833 0.583333
vt 0.145833 0.666667
vt 0.145833 0.750000
vt 0.145833 0.833333
vt 0.145833 0.916667
vt 0.145833 1.000000
vt 0.145833 0.000000
vt 0.145833 0.083333
vt 0.145833 0.166667
vt 0.145833 0.250000
vt 0.145833 0.333333
vt 0.145833 0.416667
vt 0.166667 0.500000
vt 0.166667 0.583333
vt 0.166667 0.666667
vt 0.166667 0.750000
vt 0.166667 0.833333
vt 0.166667 0.916667
vt 0.166667 1.000000
vt 0.166667 0.000000
vt 0.166667 0.083333
vt 0.166667 0.166667
vt 0.166667 0.250000
vt 0.166667 0.333333
vt 0.166667 0.416667
vt 0.187500 0.500000
vt 0.187500 0.583333
vt 0.187500 0.666667
vt 0.187500 0.750000
vt 0.187500 0.833333
vt 0.187500 0.916667
vt 0.187500 1.000000
vt 0.187500 0.000000
vt 0.187500 0.083333
vt 0.187500 0.166667
vt 0.187500 0.250000
vt 0.187500 0.333333
vt 0.187500 0.416667
vt 0.208333 0.500000
vt 0.208333 0.583333
vt 0.208333 0.666667
vt 0.208333 0.750000
vt 0.208333 0.833333
vt 0.208333 0.916667
vt 0.208333 1.000000
vt 0.208333 0.000000
vt 0.208333 0.083333
vt 0.208333 0.166667
vt 0.208333 0.250000
vt 0.208333 0.333333
vt 0.208333 0.416667
vt 0.229167 0.500000
vt 0.229167 0.583333
vt 0.229167 0.666667
vt 0.229167 0.750000
vt 0.229167 0.833333
vt 0.229167 0.916667
vt 0.229167 1.000000
vt 0.229167 0.000000
vt 0.229167 0.083333
vt 0.229167 0.166667
vt 0.229167 0.250000
vt 0.229167 0.333333
vt 0.229167 0.416667
vt 0.250000 0.500000
vt 0.250000 0.583333
vt 0.250000 0.666667
vt 0.250000 0.750000
vt 0.250000 0.833333
vt 0.250000 0.916667
vt 0.250000 1.000000
vt 0.250000 0.000000
vt 0.250000 0.083333
vt 0.250000 0.166667
vt 0.250000 0.250000
vt 0.250000 0.333333
vt 0.250000 0.416667
vt 0.270833 0.500000
vt 0.270833 0.583333
vt 0.270833 0.666667
vt 0.270833 0.750000
vt 0.270833 0.833333
vt 0.270833 0.916667
vt 0.270833 1.000000
vt 0.270833 0.000000
vt 0.270833 0.083333
vt 0.270833 0.166667
vt 0.270833 0.250000
vt 0.270833 0.333333
vt 0.270833 0.416667
vt 0.291667 0.500000
vt 0.291667 0.583333
vt 0.291667 0.666667
vt 0.291667 0.750000
vt 0.291667 0.833333
vt 0.291667 0.916667
vt 0.291667 1.000000
vt 0.291667 0.000000
vt 0.291667 0.083333
vt 0.291667 0.166667
vt 0.291667 0.250000
vt 0.291667 0.333333
vt 0.291667 0.416667
vt 0.312500 0.500000
vt 0.312500 0.583333
vt 0.312500 0.666667
vt 0.312500 0.750000
vt 0.312500 0.833333
vt 0.312500 0.916667
vt 0.312500 1.000000
vt 0.312500 0.000000
vt 0.312500 0.083333
vt 0.312500 0.166667
vt 0.312500 0.250000
vt 0.312500 0.333333
vt 0.312500 0.416667
vt 0.333333 0.500000
vt 0.333333 0.583333
vt 0.333333 0.666667
vt 0.333333 0.750000
vt 0.333333 0.833333
vt 0.333333 0.916667
vt 0.333333 1.000000
vt 0.333333 0.000000
vt 0.333333 0.083333
vt 0.333333 0.166667
vt 0.333333 0.250000
vt 0.333333 0.333333
vt 0.333333 0.416667
vt 0.354167 0.500000
vt 0.354167 0.583333
vt 0.354167 0.666667
vt 0.354167 0.750000
vt 0.354167 0.833333
vt 0.354167 0.916667
vt 0.354167 1.000000
vt 0.354167 0.000000
vt 0.354167 0.083333
vt 0.354167 0.166667
vt 0.354167 0.250000
vt 0.354167 0.333333
vt 0.354167 0.416667
vt 0.375000 0.500000
vt 0.375000 0.583333
vt 0.375000 0.666667
vt 0.375000 0.750000
vt 0.375000 0.833333
vt 0.375000 0.916667
vt 0.375000 1.000000
vt 0.375000 0.000000
vt 0.375000 0.083333
vt 0.375000 0.166667
vt 0.375000 0.250000
vt 0.375000 0.333333
vt 0.375000 0.416667
vt 0.395833 0.500000
vt 0.395833 0.583333
vt 0.395833 0.666667
vt 0.395833 0.750000
vt 0.395833 0.833333
vt 0.395833 0.916667
vt 0.395833 1.000000
vt 0.395833 0.000000
vt 0.395833 0.083333
vt 0.395833 0.166667
vt 0.395833 0.250000
vt 0.395833 0.333333
vt 0.395833 0.416667
vt 0.416667 0.500000
vt 0.416667 0.583333
vt 0.416667 0.666667
vt 0.416667 0.750000
vt 0.416667 0.833333
vt 0.416667 0.916667
vt 0.416667 1.000000
vt 0.416667 0.000000
vt 0.416667 0.083333
vt 0.416667 0.166667
vt 0.416667 0.250000
vt 0.416667 0.333333
vt 0.416667 0.416667
vt 0.437500 0.500000
vt 0.437500 0.583333
vt 0.437500 0.666667
vt 0.437500 0.750000
vt 0.437500 0.833333
vt 0.437500 0.916667
vt 0.437500 1.000000
vt 0.437500 0.000000
vt 0.437500 0.083333
vt 0.437500 0.166667
vt 0.437500 0.250000
vt 0.437500 0.333333
vt 0.437500 0.416667
vt 0.458333 0.500000
vt 0.458333 0.583333
vt 0.458333 0.666667
vt 0.458333 0.750000
vt 0.458333 0.833333
vt 0.458333 0.916667
vt 0.458333 1.000000
vt 0.458333 0.000000
vt 0.458333 0.083333
vt 0.458333 0.166667
vt 0.458333 0.250000
vt 0.458333 0.333333
vt 0.458333 0.416667
vt 0.479167 0.500000
vt 0.479167 0.583333
vt 0.479167 0.666667
vt 0.479167 0.750000
vt 0.479167 0.833333
vt 0.479167 0.916667
vt 0.479167 1.000000
vt 0.479167 0.000000
vt 0.479167 0.083333
vt 0.479167 0.166667
vt 0.479167 0.250000
vt 0.479167 0.333333
vt 0.479167 0.416667
s 0
f 3257/1261/1980 3269/1262/1980 3270/1263/1980 3258/1264/1980
f 3258/1264/1981 3270/1263/1981 3271/1265/1981 3259/1266/1981
f 3259/1266/1982 3271/1265/1982 3272/1267/1982 3260/1268/1982
f 3260/1268/1983 3272/1267/1983 3273/1269/1983 3261/1270/1983
f 3261/1270/1984 3273/1269/1984 3274/1271/1984 3262/1272/1984
f 3262/1272/1985 3274/1271/1985 3275/1273/1985 3263/1274/1985
f 3263/1275/1986 3275/1276/1986 3276/1277/1986 3264/1278/1986
f 3264/1278/1987 3276/1277/1987 3277/1279/1987 3265/1280/1987
f 3265/1280/1988 3277/1279/1988 3278/1281/1988 3266/1282/1988
f 3266/1282/1989 3278/1281/1989 3279/1283/1989 3267/1284/1989
f 3267/1284/1990 3279/1283/1990 3280/1285/1990 3268/1286/1990
f 3268/1286/1991 3280/1285/1991 3269/1262/1991 3257/1261/1991
f 3269/1262/1992 3281/1287/1992 3282/1288/1992 3270/1263/1992
f 3270/1263/1993 3282/1288/1993 3283/1289/1993 3271/1265/1993
f 3271/1265/1994 3283/1289/1994 3284/1290/1994 3272/1267/1994
f 3272/1267/1995 3284/1290/1995 3285/1291/1995 3273/1269/1995
f 3273/1269/1996 3285/1291/1996 3286/1292/1996 3274/1271/1996
f 3274/1271/1997 3286/1292/1997 3287/1293/1997 3275/1273/1997
f 3275/1276/1998 3287/1294/1998 3288/1295/1998 3276/1277/1998
f 3276/1277/1999 3288/1295/1999 3289/1296/1999 3277/1279/1999
f 3277/1279/2000 3289/1296/2000 3290/1297/2000 3278/1281/2000
f 3278/1281/2001 3290/1297/2001 3291/1298/2001 3279/1283/2001
f 3279/1283/2002 3291/1298/2002 3292/1299/2002 3280/1285/2002
f 3280/1285/2003 3292/1299/2003 3281/1287/2003 3269/1262/2003
f 3281/1287/2004 3293/1300/2004 3294/1301/2004 3282/1288/2004
f 3282/1288/2005 3294/1301/2005 3295/1302/2005 3283/1289/2005
f 3283/1289/2006 3295/1302/2006 3296/1303/2006 3284/1290/2006
f 3284/1290/2007 3296/1303/2007 3297/1304/2007 3285/1291/2007
f 3285/1291/2008 3297/1304/2008 3298/1305/2008 3286/1292/2008
f 3286/1292/2009 3298/1305/2009 3299/1306/2009 3287/1293/2009
f 3287/1294/2010 3299/1307/2010 3300/1308/2010 3288/1295/2010
f 3288/1295/2011 3300/1308/2011 3301/1309/2011 3289/1296/2011
f 3289/1296/2012 3301/1309/2012 3302/1310/2012 3290/1297/2012
f 3290/1297/2013 3302/1310/2013 3303/1311/2013 3291/1298/2013
f 3291/1298/2014 3303/1311/2014 3304/1312/2014 3292/1299/2014
f 3292/1299/2015 3304/1312/2015 3293/1300/2015 3281/1287/2015
f 3293/1300/2016 3305/1313/2016 3306/1314/2016 3294/1301/2016
f 3294/1301/2017 3306/1314/2017 3307/1315/2017 3295/1302/2017
f 3295/1302/2018 3307/1315/2018 3308/1316/2018 3296/1303/2018
f 3296/1303/2019 3308/1316/2019 3309/1317/2019 3297/1304/2019
f 3297/1304/2020 3309/1317/2020 3310/1318/2020 3298/1305/2020
f 3298/1305/2021 3310/1318/2021 3311/1319/2021 3299/1306/2021
f 3299/1307/2022 3311/1320/2022 3312/1321/2022 3300/1308/2022
f 3300/1308/2023 3312/1321/2023 3313/1322/2023 3301/1309/2023
f 3301/1309/2024 3313/1322/2024 3314/1323/2024 3302/1310/2024
f 3302/1310/2025 3314/1323/2025 3315/1324/2025 3303/1311/2025
f 3303/1311/2026 3315/1324/2026 3316/1325/2026 3304/1312/2026
f 3304/1312/2027 3316/1325/2027 3305/1313/2027 3293/1300/2027
f 3305/1313/2028 3317/1326/2028 3318/1327/2028 3306/1314/2028
f 3306/1314/2029 3318/1327/2029 3319/1328/2029 3307/1315/2029
f 3307/1315/2030 3319/1328/2030 3320/1329/2030 3308/1316/2030
f 3308/1316/2031 3320/1329/2031 3321/1330/2031 3309/1317/2031
f 3309/1317/2032 3321/1330/2032 3322/1331/2032 3310/1318/2032
f 3310/1318/2033 3322/1331/2033 3323/1332/2033 3311/1319/2033
f 3311/1320/2034 3323/1333/2034 3324/1334/2034 3312/1321/2034
f 3312/1321/2035 3324/1334/2035 3325/1335/2035 3313/1322/2035
f 3313/1322/2036 3325/1335/2036 3326/1336/2036 3314/1323/2036
f 3314/1323/2037 3326/1336/2037 3327/1337/2037 3315/1324/2037
f 3315/1324/2038 3327/1337/2038 3328/1338/2038 3316/1325/2038
f 3316/1325/2039 3328/1338/2039 3317/1326/2039 3305/1313/2039
f 3317/1326/2040 3329/1339/2040 3330/1340/2040 3318/1327/2040
f 3318/1327/2041 3330/1340/2041 3331/1341/2041 3319/1328/2041
f 3319/1328/2042 3331/1341/2042 3332/1342/2042 3320/1329/2042
f 3320/1329/2043 3332/1342/2043 3333/1343/2043 3321/1330/2043
f 3321/1330/2044 3333/1343/2044 3334/1344/2044 3322/1331/2044
f 3322/1331/2045 3334/1344/2045 3335/1345/2045 3323/1332/2045
f 3323/1333/2046 3335/1346/2046 3336/1347/2046 3324/1334/2046
f 3324/1334/2047 3336/1347/2047 3337/1348/2047 3325/1335/2047
f 3325/1335/2048 3337/1348/2048 3338/1349/2048 3326/1336/2048
f 3326/1336/2049 3338/1349/2049 3339/1350/2049 3327/1337/2049
f 3327/1337/2050 3339/1350/2050 3340/1351/2050 3328/1338/2050
f 3328/1338/2051 3340/1351/2051 3329/1339/2051 3317/1326/2051
f 3329/1339/2052 3341/1352/2052 3342/1353/2052 3330/1340/2052
f 3330/1340/2053 3342/1353/2053 3343/1354/2053 3331/1341/2053
f 3331/1341/2054 3343/1354/2054 3344/1355/2054 3332/1342/2054
f 3332/1342/2055 3344/1355/2055 3345/1356/2055 3333/1343/2055
f 3333/1343/2056 3345/1356/2056 3346/1357/2056 3334/1344/2056
f 3334/1344/2057 3346/1357/2057 3347/1358/2057 3335/1345/2057
f 3335/1346/2058 3347/1359/2058 3348/1360/2058 3336/1347/2058
f 3336/1347/2059 3348/1360/2059 3349/1361/2059 3337/1348/2059
f 3337/1348/2060 3349/1361/2060 3350/1362/2060 3338/1349/2060
f 3338/1349/2061 3350/1362/2061 3351/1363/2061 3339/1350/2061
f 3339/1350/2062 3351/1363/2062 3352/1364/2062 3340/1351/2062
f 3340/1351/2063 3352/1364/2063 3341/1352/2063 3329/1339/2063
f 3341/1352/2064 3353/1365/2064 3354/1366/2064 3342/1353/2064
f 3342/1353/2065 3354/1366/2065 3355/1367/2065 3343/1354/2065
f 3343/1354/2066 3355/1367/2066 3356/1368/2066 3344/1355/2066
f 3344/1355/2067 3356/1368/2067 3357/1369/2067 3345/1356/2067
f 3345/1356/2068 3357/1369/2068 3358/1370/2068 3346/1357/2068
f 3346/1357/2069 3358/1370/2069 3359/1371/2069 3347/1358/2069
f 3347/1359/2070 3359/1372/2070 3360/1373/2070 3348/1360/2070
f 3348/1360/2071 3360/1373/2071 3361/1374/2071 3349/1361/2071
f 3349/1361/2072 3361/1374/2072 3362/1375/2072 3350/1362/2072
f 3350/1362/2073 3362/1375/2073 3363/1376/2073 3351/1363/2073
f 3351/1363/2074 3363/1376/2074 3364/1377/2074 3352/1364/2074
f 3352/1364/2075 3364/1377/2075 3353/1365/2075 3341/1352/2075
f 3353/1365/2076 3365/1378/2076 3366/1379/2076 3354/1366/2076
f 3354/1366/2077 3366/1379/2077 3367/1380/2077 3355/1367/2077
f 3355/1367/2078 3367/1380/2078 3368/1381/2078 3356/1368/2078
f 3356/1368/2079 3368/1381/2079 3369/1382/2079 3357/1369/2079
f 3357/1369/2080 3369/1382/2080 3370/1383/2080 3358/1370/2080
f 3358/1370/2081 3370/1383/2081 3371/1384/2081 3359/1371/2081
f 3359/1372/2082 3371/1385/2082 3372/1386/2082 3360/1373/2082
f 3360/1373/2083 3372/1386/2083 3373/1387/2083 3361/1374/2083
f 3361/1374/2084 3373/1387/2084 3374/1388/2084 3362/1375/2084
f 3362/1375/2085 3374/1388/2085 3375/1389/2085 3363/1376/2085
f 3363/1376/2086 3375/1389/2086 3376/1390/2086 3364/1377/2086
f 3364/1377/2087 3376/1390/2087 3365/1378/2087 3353/1365/2087
f 3365/1378/2088 3377/1391/2088 3378/1392/2088 3366/1379/2088
f 3366/1379/2089 3378/1392/2089 3379/1393/2089 3367/1380/2089
f 3367/1380/2090 3379/1393/2090 3380/1394/2090 3368/1381/2090
f 3368/1381/2091 3380/1394/2091 3381/1395/2091 3369/1382/2091
f 3369/1382/2092 3381/1395/2092 3382/1396/2092 3370/1383/2092
f 3370/1383/2093 3382/1396/2093 3383/1397/2093 3371/1384/2093
f 3371/1385/2094 3383/1398/2094 3384/1399/2094 3372/1386/2094
f 3372/1386/2095 3384/1399/2095 3385/1400/2095 3373/1387/2095
f 3373/1387/2096 3385/1400/2096 3386/1401/2096 3374/1388/2096
f 3374/1388/2097 3386/1401/2097 3387/1402/2097 3375/1389/2097
f 3375/1389/2098 3387/1402/2098 3388/1403/2098 3376/1390/2098
f 3376/1390/2099 3388/1403/2099 3377/1391/2099 3365/1378/2099
f 3377/1391/2100 3389/1404/2100 3390/1405/2100 3378/1392/2100
f 3378/1392/2101 3390/1405/2101 3391/1406/2101 3379/1393/2101
f 3379/1393/2102 3391/1406/2102 3392/1407/2102 3380/1394/2102
f 3380/1394/2103 3392/1407/2103 3393/1408/2103 3381/1395/2103
f 3381/1395/2104 3393/1408/2104 3394/1409/2104 3382/1396/2104
f 3382/1396/2105 3394/1409/2105 3395/1410/2105 3383/1397/2105
f 3383/1398/2106 3395/1411/2106 3396/1412/2106 3384/1399/2106
f 3384/1399/2107 3396/1412/2107 3397/1413/2107 3385/1400/2107
f 3385/1400/2108 3397/1413/2108 3398/1414/2108 3386/1401/2108
f 3386/1401/2109 3398/1414/2109 3399/1415/2109 3387/1402/2109
f 3387/1402/2110 3399/1415/2110 3400/1416/2110 3388/1403/2110
f 3388/1403/2111 3400/1416/2111 3389/1404/2111 3377/1391/2111
f 3389/1404/2112 3401/1417/2112 3402/1418/2112 3390/1405/2112
f 3390/1405/2113 3402/1418/2113 3403/1419/2113 3391/1406/2113
f 3391/1406/2114 3403/1419/2114 3404/1420/2114 3392/1407/2114
f 3392/1407/2115 3404/1420/2115 3405/1421/2115 3393/1408/2115
f 3393/1408/2116 3405/1421/2116 3406/1422/2116 3394/1409/2116
f 3394/1409/2117 3406/1422/2117 3407/1423/2117 3395/1410/2117
f 3395/1411/2118 3407/1424/2118 3408/1425/2118 3396/1412/2118
f 3396/1412/2119 3408/1425/2119 3409/1426/2119 3397/1413/2119
f 3397/1413/2120 3409/1426/2120 3410/1427/2120 3398/1414/2120
f 3398/1414/2121 3410/1427/2121 3411/1428/2121 3399/1415/2121
f 3399/1415/2122 3411/1428/2122 3412/1429/2122 3400/1416/2122
f 3400/1416/2123 3412/1429/2123 3401/1417/2123 3389/1404/2123
f 3401/1417/2124 3413/1430/2124 3414/1431/2124 3402/1418/2124
f 3402/1418/2125 3414/1431/2125 3415/1432/2125 3403/1419/2125
f 3403/1419/2126 3415/1432/2126 3416/1433/2126 3404/1420/2126
f 3404/1420/2127 3416/1433/2127 3417/1434/2127 3405/1421/2127
f 3405/1421/2128 3417/1434/2128 3418/1435/2128 3406/1422/2128
f 3406/1422/2129 3418/1435/2129 3419/1436/2129 3407/1423/2129
f 3407/1424/2130 3419/1437/2130 3420/1438/2130 3408/1425/2130
f 3408/1425/2131 3420/1438/2131 3421/1439/2131 3409/1426/2131
f 3409/1426/2132 3421/1439/2132 3422/1440/2132 3410/1427/2132
f 3410/1427/2133 3422/1440/2133 3423/1441/2133 3411/1428/2133
f 3411/1428/2134 3423/1441/2134 3424/1442/2134 3412/1429/2134
f 3412/1429/2135 3424/1442/2135 3413/1430/2135 3401/1417/2135
f 3413/1430/2136 3425/1443/2136 3426/1444/2136 3414/1431/2136
f 3414/1431/2137 3426/1444/2137 3427/1445/2137 3415/1432/2137
f 3415/1432/2138 3427/1445/2138 3428/1446/2138 3416/1433/2138
f 3416/1433/2139 3428/1446/2139 3429/1447/2139 3417/1434/2139
f 3417/1434/2140 3429/1447/2140 3430/1448/2140 3418/1435/2140
f 3418/1435/2141 3430/1448/2141 3431/1449/2141 3419/1436/2141
f 3419/1437/2142 3431/1450/2142 3432/1451/2142 3420/1438/2142
f 3420/1438/2143 3432/1451/2143 3433/1452/2143 3421/1439/2143
f 3421/1439/2144 3433/1452/2144 3434/1453/2144 3422/1440/2144
f 3422/1440/2145 3434/1453/2145 3435/1454/2145 3423/1441/2145
f 3423/1441/2146 3435/1454/2146 3436/1455/2146 3424/1442/2146
f 3424/1442/2147 3436/1455/2147 3425/1443/2147 3413/1430/2147
f 3425/1443/2148 3437/1456/2148 3438/1457/2148 3426/1444/2148
f 3426/1444/2149 3438/1457/2149 3439/1458/2149 3427/1445/2149
f 3427/1445/2150 3439/1458/2150 3440/1459/2150 3428/1446/2150
f 3428/1446/2151 3440/1459/2151 3441/1460/2151 3429/1447/2151
f 3429/1447/2152 3441/1460/2152 3442/1461/2152 3430/1448/2152
f 3430/1448/2153 3442/1461/2153 3443/1462/2153 3431/1449/2153
f 3431/1450/2154 3443/1463/2154 3444/1464/2154 3432/1451/2154
f 3432/1451/2155 3444/1464/2155 3445/1465/2155 3433/1452/2155
f 3433/1452/2156 3445/1465/2156 3446/1466/2156 3434/1453/2156
f 3434/1453/2157 3446/1466/2157 3447/1467/2157 3435/1454/2157
f 3435/1454/2158 3447/1467/2158 3448/1468/2158 3436/1455/2158
f 3436/1455/2159 3448/1468/2159 3437/1456/2159 3425/1443/2159
f 3437/1456/2160 3449/1469/2160 3450/1470/2160 3438/1457/2160
f 3438/1457/2161 3450/1470/2161 3451/1471/2161 3439/1458/2161
f 3439/1458/2162 3451/1471/2162 3452/1472/2162 3440/1459/2162
f 3440/1459/2163 3452/1472/2163 3453/1473/2163 3441/1460/2163
f 3441/1460/2164 3453/1473/2164 3454/1474/2164 3442/1461/2164
f 3442/1461/2165 3454/1474/2165 3455/1475/2165 3443/1462/2165
f 3443/1463/2166 3455/1476/2166 3456/1477/2166 3444/1464/2166
f 3444/1464/2167 3456/1477/2167 3457/1478/2167 3445/1465/2167
f 3445/1465/2168 3457/1478/2168 3458/1479/2168 3446/1466/2168
f 3446/1466/2169 3458/1479/2169 3459/1480/2169 3447/1467/2169
f 3447/1467/2170 3459/1480/2170 3460/1481/2170 3448/1468/2170
f 3448/1468/2171 3460/1481/2171 3449/1469/2171 3437/1456/2171
f 3449/1469/2172 3461/1482/2172 3462/1483/2172 3450/1470/2172
f 3450/1470/2173 3462/1483/2173 3463/1484/2173 3451/1471/2173
f 3451/1471/2174 3463/1484/2174 3464/1485/2174 3452/1472/2174
f 3452/1472/2175 3464/1485/2175 3465/1486/2175 3453/1473/2175
f 3453/1473/2176 3465/1486/2176 3466/1487/2176 3454/1474/2176
f 3454/1474/2177 3466/1487/2177 3467/1488/2177 3455/1475/2177
f 3455/1476/2178 3467/1489/2178 3468/1490/2178 3456/1477/2178
f 3456/1477/2179 3468/1490/2179 3469/1491/2179 3457/1478/2179
f 3457/1478/2180 3469/1491/2180 3470/1492/2180 3458/1479/2180
f 3458/1479/2181 3470/1492/2181 3471/1493/2181 3459/1480/2181
f 3459/1480/2182 3471/1493/2182 3472/1494/2182 3460/1481/2182
f 3460/1481/2183 3472/1494/2183 3461/1482/2183 3449/1469/2183
f 3461/1482/2184 3473/1495/2184 3474/1496/2184 3462/1483/2184
f 3462/1483/2185 3474/1496/2185 3475/1497/2185 3463/1484/2185
f 3463/1484/2186 3475/1497/2186 3476/1498/2186 3464/1485/2186
f 3464/1485/2187 3476/1498/2187 3477/1499/2187 3465/1486/2187
f 3465/1486/2188 3477/1499/2188 3478/1500/2188 3466/1487/2188
f 3466/1487/2189 3478/1500/2189 3479/1501/2189 3467/1488/2189
f 3467/1489/2190 3479/1502/2190 3480/1503/2190 3468/1490/2190
f 3468/1490/2191 3480/1503/2191 3481/1504/2191 3469/1491/2191
f 3469/1491/2192 3481/1504/2192 3482/1505/2192 3470/1492/2192
f 3470/1492/2193 3482/1505/2193 3483/1506/2193 3471/1493/2193
f 3471/1493/2194 3483/1506/2194 3484/1507/2194 3472/1494/2194
f 3472/1494/2195 3484/1507/2195 3473/1495/2195 3461/1482/2195
f 3473/1495/2196 3485/1508/2196 3486/1509/2196 3474/1496/2196
f 3474/1496/2197 3486/1509/2197 3487/1510/2197 3475/1497/2197
f 3475/1497/2198 3487/1510/2198 3488/1511/2198 3476/1498/2198
f 3476/1498/2199 3488/1511/2199 3489/1512/2199 3477/1499/2199
f 3477/1499/2200 3489/1512/2200 3490/1513/2200 3478/1500/2200
f 3478/1500/2201 3490/1513/2201 3491/1514/2201 3479/1501/2201
f 3479/1502/2202 3491/1515/2202 3492/1516/2202 3480/1503/2202
f 3480/1503/2203 3492/1516/2203 3493/1517/2203 3481/1504/2203
f 3481/1504/2204 3493/1517/2204 3494/1518/2204 3482/1505/2204
f 3482/1505/2205 3494/1518/2205 3495/1519/2205 3483/1506/2205
f 3483/1506/2206 3495/1519/2206 3496/1520/2206 3484/1507/2206
f 3484/1507/2207 3496/1520/2207 3485/1508/2207 3473/1495/2207
f 3485/1508/2208 3497/1521/2208 3498/1522/2208 3486/1509/2208
f 3486/1509/2209 3498/1522/2209 3499/1523/2209 3487/1510/2209
f 3487/1510/2210 3499/1523/2210 3500/1524/2210 3488/1511/2210
f 3488/1511/2211 3500/1524/2211 3501/1525/2211 3489/1512/2211
f 3489/1512/2212 3501/1525/2212 3502/1526/2212 3490/1513/2212
f 3490/1513/2213 3502/1526/2213 3503/1527/2213 3491/1514/2213
f 3491/1515/2214 3503/1528/2214 3504/1529/2214 3492/1516/2214
f 3492/1516/2215 3504/1529/2215 3505/1530/2215 3493/1517/2215
f 3493/1517/2216 3505/1530/2216 3506/1531/2216 3494/1518/2216
f 3494/1518/2217 3506/1531/2217 3507/1532/2217 3495/1519/2217
f 3495/1519/2218 3507/1532/2218 3508/1533/2218 3496/1520/2218
f 3496/1520/2219 3508/1533/2219 3497/1521/2219 3485/1508/2219
f 3497/1521/2220 3509/1534/2220 3510/1535/2220 3498/1522/2220
f 3498/1522/2221 3510/1535/2221 3511/1536/2221 3499/1523/2221
f 3499/1523/2222 3511/1536/2222 3512/1537/2222 3500/1524/2222
f 3500/1524/2223 3512/1537/2223 3513/1538/2223 3501/1525/2223
f 3501/1525/2224 3513/1538/2224 3514/1539/2224 3502/1526/2224
f 3502/1526/2225 3514/1539/2225 3515/1540/2225 3503/1527/2225
f 3503/1528/2226 3515/1541/2226 3516/1542/2226 3504/1529/2226
f 3504/1529/2227 3516/1542/2227 3517/1543/2227 3505/1530/2227
f 3505/1530/2228 3517/1543/2228 3518/1544/2228 3506/1531/2228
f 3506/1531/2229 3518/1544/2229 3519/1545/2229 3507/1532/2229
f 3507/1532/2230 3519/1545/2230 3520/1546/2230 3508/1533/2230
f 3508/1533/2231 3520/1546/2231 3509/1534/2231 3497/1521/2231
f 3509/1534/2232 3521/1547/2232 3522/1548/2232 3510/1535/2232
f 3510/1535/2233 3522/1548/2233 3523/1549/2233 3511/1536/2233
f 3511/1536/2234 3523/1549/2234 3524/1550/2234 3512/1537/2234
f 3512/1537/2235 3524/1550/2235 3525/1551/2235 3513/1538/2235
f 3513/1538/2236 3525/1551/2236 3526/1552/2236 3514/1539/2236
f 3514/1539/2237 3526/1552/2237 3527/1553/2237 3515/1540/2237
f 3515/1541/2238 3527/1554/2238 3528/1555/2238 3516/1542/2238
f 3516/1542/2239 3528/1555/2239 3529/1556/2239 3517/1543/2239
f 3517/1543/2240 3529/1556/2240 3530/1557/2240 3518/1544/2240
f 3518/1544/2241 3530/1557/2241 3531/1558/2241 3519/1545/2241
f 3519/1545/2242 3531/1558/2242 3532/1559/2242 3520/1546/2242
f 3520/1546/2243 3532/1559/2243 3521/1547/2243 3509/1534/2243
f 3521/1547/2244 3533/1560/2244 3534/1561/2244 3522/1548/2244
f 3522/1548/2245 3534/1561/2245 3535/1562/2245 3523/1549/2245
f 3523/1549/2246 3535/1562/2246 3536/1563/2246 3524/1550/2246
f 3524/1550/2247 3536/1563/2247 3537/1564/2247 3525/1551/2247
f 3525/1551/2248 3537/1564/2248 3538/1565/2248 3526/1552/2248
f 3526/1552/2249 3538/1565/2249 3539/1566/2249 3527/1553/2249
f 3527/1554/2250 3539/1567/2250 3540/1568/2250 3528/1555/2250
f 3528/1555/2251 3540/1568/2251 3541/1569/2251 3529/1556/2251
f 3529/1556/2252 3541/1569/2252 3542/1570/2252 3530/1557/2252
f 3530/1557/2253 3542/1570/2253 3543/1571/2253 3531/1558/2253
f 3531/1558/2254 3543/1571/2254 3544/1572/2254 3532/1559/2254
f 3532/1559/2255 3544/1572/2255 3533/1560/2255 3521/1547/2255
f 3533/1560/2256 3545/1573/2256 3546/1574/2256 3534/1561/2256
f 3534/1561/2257 3546/1574/2257 3547/1575/2257 3535/1562/2257
f 3535/1562/2258 3547/1575/2258 3548/1576/2258 3536/1563/2258
f 3536/1563/2259 3548/1576/2259 3549/1577/2259 3537/1564/2259
f 3537/1564/2260 3549/1577/2260 3550/1578/2260 3538/1565/2260
f 3538/1565/2261 3550/1578/2261 3551/1579/2261 3539/1566/2261
f 3539/1567/2262 3551/1580/2262 3552/1581/2262 3540/1568/2262
f 3540/1568/2263 3552/1581/2263 3553/1582/2263 3541/1569/2263
f 3541/1569/2264 3553/1582/2264 3554/1583/2264 3542/1570/2264
f 3542/1570/2265 3554/1583/2265 3555/1584/2265 3543/1571/2265
f 3543/1571/2266 3555/1584/2266 3556/1585/2266 3544/1572/2266
f 3544/1572/2267 3556/1585/2267 3545/1573/2267 3533/1560/2267
f 3545/1586/1985 3557/1587/1985 3558/1588/1985 3546/1589/1985
f 3546/1589/1984 3558/1588/1984 3559/1590/1984 3547/1591/1984
f 3547/1591/1983 3559/1590/1983 3560/1592/1983 3548/1593/1983
f 3548/1593/1982 3560/1592/1982 3561/1594/1982 3549/1595/1982
f 3549/1595/1981 3561/1594/1981 3562/1596/1981 3550/1597/1981
f 3550/1597/1980 3562/1596/1980 3563/1598/1980 3551/1599/1980
f 3551/1600/1991 3563/1601/1991 3564/1602/1991 3552/1603/1991
f 3552/1603/1990 3564/1602/1990 3565/1604/1990 3553/1605/1990
f 3553/1605/1989 3565/1604/1989 3566/1606/1989 3554/1607/1989
f 3554/1607/1988 3566/1606/1988 3567/1608/1988 3555/1609/1988
f 3555/1609/1987 3567/1608/1987 3568/1610/1987 3556/1611/1987
f 3556/1611/1986 3568/1610/1986 3557/1587/1986 3545/1586/1986
f 3557/1587/1997 3569/1612/1997 3570/1613/1997 3558/1588/1997
f 3558/1588/1996 3570/1613/1996 3571/1614/1996 3559/1590/1996
f 3559/1590/1995 3571/1614/1995 3572/1615/1995 3560/1592/1995
f 3560/1592/1994 3572/1615/1994 3573/1616/1994 3561/1594/1994
f 3561/1594/1993 3573/1616/1993 3574/1617/1993 3562/1596/1993
f 3562/1596/1992 3574/1617/1992 3575/1618/1992 3563/1598/1992
f 3563/1601/2003 3575/1619/2003 3576/1620/2003 3564/1602/2003
f 3564/1602/2002 3576/1620/2002 3577/1621/2002 3565/1604/2002
f 3565/1604/2001 3577/1621/2001 3578/1622/2001 3566/1606/2001
f 3566/1606/2000 3578/1622/2000 3579/1623/2000 3567/1608/2000
f 3567/1608/1999 3579/1623/1999 3580/1624/1999 3568/1610/1999
f 3568/1610/1998 3580/1624/1998 3569/1612/1998 3557/1587/1998
f 3569/1612/2009 3581/1625/2009 3582/1626/2009 3570/1613/2009
f 3570/1613/2008 3582/1626/2008 3583/1627/2008 3571/1614/2008
f 3571/1614/2007 3583/1627/2007 3584/1628/2007 3572/1615/2007
f 3572/1615/2006 3584/1628/2006 3585/1629/2006 3573/1616/2006
f 3573/1616/2005 3585/1629/2005 3586/1630/2005 3574/1617/2005
f 3574/1617/2004 3586/1630/2004 3587/1631/2004 3575/1618/2004
f 3575/1619/2015 3587/1632/2015 3588/1633/2015 3576/1620/2015
f 3576/1620/2014 3588/1633/2014 3589/1634/2014 3577/1621/2014
f 3577/1621/2013 3589/1634/2013 3590/1635/2013 3578/1622/2013
f 3578/1622/2012 3590/1635/2012 3591/1636/2012 3579/1623/2012
f 3579/1623/2011 3591/1636/2011 3592/1637/2011 3580/1624/2011
f 3580/1624/2010 3592/1637/2010 3581/1625/2010 3569/1612/2010
f 3581/1625/2021 3593/1638/2021 3594/1639/2021 3582/1626/2021
f 3582/1626/2020 3594/1639/2020 3595/1640/2020 3583/1627/2020
f 3583/1627/2019 3595/1640/2019 3596/1641/2019 3584/1628/2019
f 3584/1628/2018 3596/1641/2018 3597/1642/2018 3585/1629/2018
f 3585/1629/2017 3597/1642/2017 3598/1643/2017 3586/1630/2017
f 3586/1630/2016 3598/1643/2016 3599/1644/2016 3587/1631/2016
f 3587/1632/2027 3599/1645/2027 3600/1646/2027 3588/1633/2027
f 3588/1633/2026 3600/1646/2026 3601/1647/2026 3589/1634/2026
f 3589/1634/2025 3601/1647/2025 3602/1648/2025 3590/1635/2025
f 3590/1635/2024 3602/1648/2024 3603/1649/2024 3591/1636/2024
f 3591/1636/2023 3603/1649/2023 3604/1650/2023 3592/1637/2023
f 3592/1637/2022 3604/1650/2022 3593/1638/2022 3581/1625/2022
f 3593/1638/2033 3605/1651/2033 3606/1652/2033 3594/1639/2033
f 3594/1639/2032 3606/1652/2032 3607/1653/2032 3595/1640/2032
f 3595/1640/2031 3607/1653/2031 3608/1654/2031 3596/1641/2031
f 3596/1641/2030 3608/1654/2030 3609/1655/2030 3597/1642/2030
f 3597/1642/2029 3609/1655/2029 3610/1656/2029 3598/1643/2029
f 3598/1643/2028 3610/1656/2028 3611/1657/2028 3599/1644/2028
f 3599/1645/2039 3611/1658/2039 3612/1659/2039 3600/1646/2039
f 3600/1646/2038 3612/1659/2038 3613/1660/2038 3601/1647/2038
f 3601/1647/2037 3613/1660/2037 3614/1661/2037 3602/1648/2037
f 3602/1648/2036 3614/1661/2036 3615/1662/2036 3603/1649/2036
f 3603/1649/2035 3615/1662/2035 3616/1663/2035 3604/1650/2035
f 3604/1650/2034 3616/1663/2034 3605/1651/2034 3593/1638/2034
f 3605/1651/2045 3617/1664/2045 3618/1665/2045 3606/1652/2045
f 3606/1652/2044 3618/1665/2044 3619/1666/2044 3607/1653/2044
f 3607/1653/2043 3619/1666/2043 3620/1667/2043 3608/1654/2043
f 3608/1654/2042 3620/1667/2042 3621/1668/2042 3609/1655/2042
f 3609/1655/2041 3621/1668/2041 3622/1669/2041 3610/1656/2041
f 3610/1656/2040 3622/1669/2040 3623/1670/2040 3611/1657/2040
f 3611/1658/2051 3623/1671/2051 3624/1672/2051 3612/1659/2051
f 3612/1659/2050 3624/1672/2050 3625/1673/2050 3613/1660/2050
f 3613/1660/2049 3625/1673/2049 3626/1674/2049 3614/1661/2049
f 3614/1661/2048 3626/1674/2048 3627/1675/2048 3615/1662/2048
f 3615/1662/2047 3627/1675/2047 3628/1676/2047 3616/1663/2047
f 3616/1663/2046 3628/1676/2046 3617/1664/2046 3605/1651/2046
f 3617/1664/2057 3629/1677/2057 3630/1678/2057 3618/1665/2057
f 3618/1665/2056 3630/1678/2056 3631/1679/2056 3619/1666/2056
f 3619/1666/2055 3631/1679/2055 3632/1680/2055 3620/1667/2055
f 3620/1667/2054 3632/1680/2054 3633/1681/2054 3621/1668/2054
f 3621/1668/2053 3633/1681/2053 3634/1682/2053 3622/1669/2053
f 3622/1669/2052 3634/1682/2052 3635/1683/2052 3623/1670/2052
f 3623/1671/2063 3635/1684/2063 3636/1685/2063 3624/1672/2063
f 3624/1672/2062 3636/1685/2062 3637/1686/2062 3625/1673/2062
f 3625/1673/2061 3637/1686/2061 3638/1687/2061 3626/1674/2061
f 3626/1674/2060 3638/1687/2060 3639/1688/2060 3627/1675/2060
f 3627/1675/2059 3639/1688/2059 3640/1689/2059 3628/1676/2059
f 3628/1676/2058 3640/1689/2058 3629/1677/2058 3617/1664/2058
f 3629/1677/2069 3641/1690/2069 3642/1691/2069 3630/1678/2069
f 3630/1678/2068 3642/1691/2068 3643/1692/2068 3631/1679/2068
f 3631/1679/2067 3643/1692/2067 3644/1693/2067 3632/1680/2067
f 3632/1680/2066 3644/1693/2066 3645/1694/2066 3633/1681/2066
f 3633/1681/2065 3645/1694/2065 3646/1695/2065 3634/1682/2065
f 3634/1682/2064 3646/1695/2064 3647/1696/2064 3635/1683/2064
f 3635/1684/2075 3647/1697/2075 3648/1698/2075 3636/1685/2075
f 3636/1685/2074 3648/1698/2074 3649/1699/2074 3637/1686/2074
f 3637/1686/2073 3649/1699/2073 3650/1700/2073 3638/1687/2073
f 3638/1687/2072 3650/1700/2072 3651/1701/2072 3639/1688/2072
f 3639/1688/2071 3651/1701/2071 3652/1702/2071 3640/1689/2071
f 3640/1689/2070 3652/1702/2070 3641/1690/2070 3629/1677/2070
f 3641/1690/2081 3653/1703/2081 3654/1704/2081 3642/1691/2081
f 3642/1691/2080 3654/1704/2080 3655/1705/2080 3643/1692/2080
f 3643/1692/2079 3655/1705/2079 3656/1706/2079 3644/1693/2079
f 3644/1693/2078 3656/1706/2078 3657/1707/2078 3645/1694/2078
f 3645/1694/2077 3657/1707/2077 3658/1708/2077 3646/1695/2077
f 3646/1695/2076 3658/1708/2076 3659/1709/2076 3647/1696/2076
f 3647/1697/2087 3659/1710/2087 3660/1711/2087 3648/1698/2087
f 3648/1698/2086 3660/1711/2086 3661/1712/2086 3649/1699/2086
f 3649/1699/2085 3661/1712/2085 3662/1713/2085 3650/1700/2085
f 3650/1700/2084 3662/1713/2084 3663/1714/2084 3651/1701/2084
f 3651/1701/2083 3663/1714/2083 3664/1715/2083 3652/1702/2083
f 3652/1702/2082 3664/1715/2082 3653/1703/2082 3641/1690/2082
f 3653/1703/2093 3665/1716/2093 3666/1717/2093 3654/1704/2093
f 3654/1704/2092 3666/1717/2092 3667/1718/2092 3655/1705/2092
f 3655/1705/2091 3667/1718/2091 3668/1719/2091 3656/1706/2091
f 3656/1706/2090 3668/1719/2090 3669/1720/2090 3657/1707/2090
f 3657/1707/2089 3669/1720/2089 3670/1721/2089 3658/1708/2089
f 3658/1708/2088 3670/1721/2088 3671/1722/2088 3659/1709/2088
f 3659/1710/2099 3671/1723/2099 3672/1724/2099 3660/1711/2099
f 3660/1711/2098 3672/1724/2098 3673/1725/2098 3661/1712/2098
f 3661/1712/2097 3673/1725/2097 3674/1726/2097 3662/1713/2097
f 3662/1713/2096 3674/1726/2096 3675/1727/2096 3663/1714/2096
f 3663/1714/2095 3675/1727/2095 3676/1728/2095 3664/1715/2095
f 3664/1715/2094 3676/1728/2094 3665/1716/2094 3653/1703/2094
f 3665/1716/2105 3677/1729/2105 3678/1730/2105 3666/1717/2105
f 3666/1717/2104 3678/1730/2104 3679/1731/2104 3667/1718/2104
f 3667/1718/2103 3679/1731/2103 3680/1732/2103 3668/1719/2103
f 3668/1719/2102 3680/1732/2102 3681/1733/2102 3669/1720/2102
f 3669/1720/2101 3681/1733/2101 3682/1734/2101 3670/1721/2101
f 3670/1721/2100 3682/1734/2100 3683/1735/2100 3671/1722/2100
f 3671/1723/2111 3683/1736/2111 3684/1737/2111 3672/1724/2111
f 3672/1724/2110 3684/1737/2110 3685/1738/2110 3673/1725/2110
f 3673/1725/2109 3685/1738/2109 3686/1739/2109 3674/1726/2109
f 3674/1726/2108 3686/1739/2108 3687/1740/2108 3675/1727/2108
f 3675/1727/2107 3687/1740/2107 3688/1741/2107 3676/1728/2107
f 3676/1728/2106 3688/1741/2106 3677/1729/2106 3665/1716/2106
f 3677/1729/2117 3689/1742/2117 3690/1743/2117 3678/1730/2117
f 3678/1730/2116 3690/1743/2116 3691/1744/2116 3679/1731/2116
f 3679/1731/2115 3691/1744/2115 3692/1745/2115 3680/1732/2115
f 3680/1732/2114 3692/1745/2114 3693/1746/2114 3681/1733/2114
f 3681/1733/2113 3693/1746/2113 3694/1747/2113 3682/1734/2113
f 3682/1734/2112 3694/1747/2112 3695/1748/2112 3683/1735/2112
f 3683/1736/2123 3695/1749/2123 3696/1750/2123 3684/1737/2123
f 3684/1737/2122 3696/1750/2122 3697/1751/2122 3685/1738/2122
f 3685/1738/2121 3697/1751/2121 3698/1752/2121 3686/1739/2121
f 3686/1739/2120 3698/1752/2120 3699/1753/2120 3687/1740/2120
f 3687/1740/2119 3699/1753/2119 3700/1754/2119 3688/1741/2119
f 3688/1741/2118 3700/1754/2118 3689/1742/2118 3677/1729/2118
f 3689/1742/2129 3701/1755/2129 3702/1756/2129 3690/1743/2129
f 3690/1743/2128 3702/1756/2128 3703/1757/2128 3691/1744/2128
f 3691/1744/2127 3703/1757/2127 3704/1758/2127 3692/1745/2127
f 3692/1745/2126 3704/1758/2126 3705/1759/2126 3693/1746/2126
f 3693/1746/2125 3705/1759/2125 3706/1760/2125 3694/1747/2125
f 3694/1747/2124 3706/1760/2124 3707/1761/2124 3695/1748/2124
f 3695/1749/2135 3707/1762/2135 3708/1763/2135 3696/1750/2135
f 3696/1750/2134 3708/1763/2134 3709/1764/2134 3697/1751/2134
f 3697/1751/2133 3709/1764/2133 3710/1765/2133 3698/1752/2133
f 3698/1752/2132 3710/1765/2132 3711/1766/2132 3699/1753/2132
f 3699/1753/2131 3711/1766/2131 3712/1767/2131 3700/1754/2131
f 3700/1754/2130 3712/1767/2130 3701/1755/2130 3689/1742/2130
f 3701/1755/2141 3713/1768/2141 3714/1769/2141 3702/1756/2141
f 3702/1756/2140 3714/1769/2140 3715/1770/2140 3703/1757/2140
f 3703/1757/2139 3715/1770/2139 3716/1771/2139 3704/1758/2139
f 3704/1758/2138 3716/1771/2138 3717/1772/2138 3705/1759/2138
f 3705/1759/2137 3717/1772/2137 3718/1773/2137 3706/1760/2137
f 3706/1760/2136 3718/1773/2136 3719/1774/2136 3707/1761/2136
f 3707/1762/2147 3719/1775/2147 3720/1776/2147 3708/1763/2147
f 3708/1763/2146 3720/1776/2146 3721/1777/2146 3709/1764/2146
f 3709/1764/2145 3721/1777/2145 3722/1778/2145 3710/1765/2145
f 3710/1765/2144 3722/1778/2144 3723/1779/2144 3711/1766/2144
f 3711/1766/2143 3723/1779/2143 3724/1780/2143 3712/1767/2143
f 3712/1767/2142 3724/1780/2142 3713/1768/2142 3701/1755/2142
f 3713/1768/2153 3725/1781/2153 3726/1782/2153 3714/1769/2153
f 3714/1769/2152 3726/1782/2152 3727/1783/2152 3715/1770/2152
f 3715/1770/2151 3727/1783/2151 3728/1784/2151 3716/1771/2151
f 3716/1771/2150 3728/1784/2150 3729/1785/2150 3717/1772/2150
f 3717/1772/2149 3729/1785/2149 3730/1786/2149 3718/1773/2149
f 3718/1773/2148 3730/1786/2148 3731/1787/2148 3719/1774/2148
f 3719/1775/2159 3731/1788/2159 3732/1789/2159 3720/1776/2159
f 3720/1776/2158 3732/1789/2158 3733/1790/2158 3721/1777/2158
f 3721/1777/2157 3733/1790/2157 3734/1791/2157 3722/1778/2157
f 3722/1778/2156 3734/1791/2156 3735/1792/2156 3723/1779/2156
f 3723/1779/2155 3735/1792/2155 3736/1793/2155 3724/1780/2155
f 3724/1780/2154 3736/1793/2154 3725/1781/2154 3713/1768/2154
f 3725/1781/2165 3737/1794/2165 3738/1795/2165 3726/1782/2165
f 3726/1782/2164 3738/1795/2164 3739/1796/2164 3727/1783/2164
f 3727/1783/2163 3739/1796/2163 3740/1797/2163 3728/1784/2163
f 3728/1784/2162 3740/1797/2162 3741/1798/2162 3729/1785/2162
f 3729/1785/2161 3741/1798/2161 3742/1799/2161 3730/1786/2161
f 3730/1786/2160 3742/1799/2160 3743/1800/2160 3731/1787/2160
f 3731/1788/2171 3743/1801/2171 3744/1802/2171 3732/1789/2171
f 3732/1789/2170 3744/1802/2170 3745/1803/2170 3733/1790/2170
f 3733/1790/2169 3745/1803/2169 3746/1804/2169 3734/1791/2169
f 3734/1791/2168 3746/1804/2168 3747/1805/2168 3735/1792/2168
f 3735/1792/2167 3747/1805/2167 3748/1806/2167 3736/1793/2167
f 3736/1793/2166 3748/1806/2166 3737/1794/2166 3725/1781/2166
f 3737/1794/2177 3749/1807/2177 3750/1808/2177 3738/1795/2177
f 3738/1795/2176 3750/1808/2176 3751/1809/2176 3739/1796/2176
f 3739/1796/2175 3751/1809/2175 3752/1810/2175 3740/1797/2175
f 3740/1797/2174 3752/1810/2174 3753/1811/2174 3741/1798/2174
f 3741/1798/2173 3753/1811/2173 3754/1812/2173 3742/1799/2173
f 3742/1799/2172 3754/1812/2172 3755/1813/2172 3743/1800/2172
f 3743/1801/2183 3755/1814/2183 3756/1815/2183 3744/1802/2183
f 3744/1802/2182 3756/1815/2182 3757/1816/2182 3745/1803/2182
f 3745/1803/2181 3757/1816/2181 3758/1817/2181 3746/1804/2181
f 3746/1804/2180 3758/1817/2180 3759/1818/2180 3747/1805/2180
f 3747/1805/2179 3759/1818/2179 3760/1819/2179 3748/1806/2179
f 3748/1806/2178 3760/1819/2178 3749/1807/2178 3737/1794/2178
f 3749/1807/2189 3761/1820/2189 3762/1821/2189 3750/1808/2189
f 3750/1808/2188 3762/1821/2188 3763/1822/2188 3751/1809/2188
f 3751/1809/2187 3763/1822/2187 3764/1823/2187 3752/1810/2187
f 3752/1810/2186 3764/1823/2186 3765/1824/2186 3753/1811/2186
f 3753/1811/2185 3765/1824/2185 3766/1825/2185 3754/1812/2185
f 3754/1812/2184 3766/1825/2184 3767/1826/2184 3755/1813/2184
f 3755/1814/2195 3767/1827/2195 3768/1828/2195 3756/1815/2195
f 3756/1815/2194 3768/1828/2194 3769/1829/2194 3757/1816/2194
f 3757/1816/2193 3769/1829/2193 3770/1830/2193 3758/1817/2193
f 3758/1817/2192 3770/1830/2192 3771/1831/2192 3759/1818/2192
f 3759/1818/2191 3771/1831/2191 3772/1832/2191 3760/1819/2191
f 3760/1819/2190 3772/1832/2190 3761/1820/2190 3749/1807/2190
f 3761/1820/2201 3773/1833/2201 3774/1834/2201 3762/1821/2201
f 3762/1821/2200 3774/1834/2200 3775/1835/2200 3763/1822/2200
f 3763/1822/2199 3775/1835/2199 3776/1836/2199 3764/1823/2199
f 3764/1823/2198 3776/1836/2198 3777/1837/2198 3765/1824/2198
f 3765/1824/2197 3777/1837/2197 3778/1838/2197 3766/1825/2197
f 3766/1825/2196 3778/1838/2196 3779/1839/2196 3767/1826/2196
f 3767/1827/2207 3779/1840/2207 3780/1841/2207 3768/1828/2207
f 3768/1828/2206 3780/1841/2206 3781/1842/2206 3769/1829/2206
f 3769/1829/2205 3781/1842/2205 3782/1843/2205 3770/1830/2205
f 3770/1830/2204 3782/1843/2204 3783/1844/2204 3771/1831/2204
f 3771/1831/2203 3783/1844/2203 3784/1845/2203 3772/1832/2203
f 3772/1832/2202 3784/1845/2202 3773/1833/2202 3761/1820/2202
f 3773/1833/2213 3785/1846/2213 3786/1847/2213 3774/1834/2213
f 3774/1834/2212 3786/1847/2212 3787/1848/2212 3775/1835/2212
f 3775/1835/2211 3787/1848/2211 3788/1849/2211 3776/1836/2211
f 3776/1836/2210 3788/1849/2210 3789/1850/2210 3777/1837/2210
f 3777/1837/2209 3789/1850/2209 3790/1851/2209 3778/1838/2209
f 3778/1838/2208 3790/1851/2208 3791/1852/2208 3779/1839/2208
f 3779/1840/2219 3791/1853/2219 3792/1854/2219 3780/1841/2219
f 3780/1841/2218 3792/1854/2218 3793/1855/2218 3781/1842/2218
f 3781/1842/2217 3793/1855/2217 3794/1856/2217 3782/1843/2217
f 3782/1843/2216 3794/1856/2216 3795/1857/2216 3783/1844/2216
f 3783/1844/2215 3795/1857/2215 3796/1858/2215 3784/1845/2215
f 3784/1845/2214 3796/1858/2214 3785/1846/2214 3773/1833/2214
f 3785/1846/2225 3797/1859/2225 3798/1860/2225 3786/1847/2225
f 3786/1847/2224 3798/1860/2224 3799/1861/2224 3787/1848/2224
f 3787/1848/2223 3799/1861/2223 3800/1862/2223 3788/1849/2223
f 3788/1849/2222 3800/1862/2222 3801/1863/2222 3789/1850/2222
f 3789/1850/2221 3801/1863/2221 3802/1864/2221 3790/1851/2221
f 3790/1851/2220 3802/1864/2220 3803/1865/2220 3791/1852/2220
f 3791/1853/2231 3803/1866/2231 3804/1867/2231 3792/1854/2231
f 3792/1854/2230 3804/1867/2230 3805/1868/2230 3793/1855/2230
f 3793/1855/2229 3805/1868/2229 3806/1869/2229 3794/1856/2229
f 3794/1856/2228 3806/1869/2228 3807/1870/2228 3795/1857/2228
f 3795/1857/2227 3807/1870/2227 3808/1871/2227 3796/1858/2227
f 3796/1858/2226 3808/1871/2226 3797/1859/2226 3785/1846/2226
f 3797/1859/2237 3809/1872/2237 3810/1873/2237 3798/1860/2237
f 3798/1860/2236 3810/1873/2236 3811/1874/2236 3799/1861/2236
f 3799/1861/2235 3811/1874/2235 3812/1875/2235 3800/1862/2235
f 3800/1862/2234 3812/1875/2234 3813/1876/2234 3801/1863/2234
f 3801/1863/2233 3813/1876/2233 3814/1877/2233 3802/1864/2233
f 3802/1864/2232 3814/1877/2232 3815/1878/2232 3803/1865/2232
f 3803/1866/2243 3815/1879/2243 3816/1880/2243 3804/1867/2243
f 3804/1867/2242 3816/1880/2242 3817/1881/2242 3805/1868/2242
f 3805/1868/2241 3817/1881/2241 3818/1882/2241 3806/1869/2241
f 3806/1869/2240 3818/1882/2240 3819/1883/2240 3807/1870/2240
f 3807/1870/2239 3819/1883/2239 3820/1884/2239 3808/1871/2239
f 3808/1871/2238 3820/1884/2238 3809/1872/2238 3797/1859/2238
f 3809/1872/2249 3821/1885/2249 3822/1886/2249 3810/1873/2249
f 3810/1873/2248 3822/1886/2248 3823/1887/2248 3811/1874/2248
f 3811/1874/2247 3823/1887/2247 3824/1888/2247 3812/1875/2247
f 3812/1875/2246 3824/1888/2246 3825/1889/2246 3813/1876/2246
f 3813/1876/2245 3825/1889/2245 3826/1890/2245 3814/1877/2245
f 3814/1877/2244 3826/1890/2244 3827/1891/2244 3815/1878/2244
f 3815/1879/2255 3827/1892/2255 3828/1893/2255 3816/1880/2255
f 3816/1880/2254 3828/1893/2254 3829/1894/2254 3817/1881/2254
f 3817/1881/2253 3829/1894/2253 3830/1895/2253 3818/1882/2253
f 3818/1882/2252 3830/1895/2252 3831/1896/2252 3819/1883/2252
f 3819/1883/2251 3831/1896/2251 3832/1897/2251 3820/1884/2251
f 3820/1884/2250 3832/1897/2250 3821/1885/2250 3809/1872/2250
f 3821/1885/2261 3257/1261/2261 3258/1264/2261 3822/1886/2261
f 3822/1886/2260 3258/1264/2260 3259/1266/2260 3823/1887/2260
f 3823/1887/2259 3259/1266/2259 3260/1268/2259 3824/1888/2259
f 3824/1888/2258 3260/1268/2258 3261/1270/2258 3825/1889/2258
f 3825/1889/2257 3261/1270/2257 3262/1272/2257 3826/1890/2257
f 3826/1890/2256 3262/1272/2256 3263/1274/2256 3827/1891/2256
f 3827/1892/2267 3263/1275/2267 3264/1278/2267 3828/1893/2267
f 3828/1893/2266 3264/1278/2266 3265/1280/2266 3829/1894/2266
f 3829/1894/2265 3265/1280/2265 3266/1282/2265 3830/1895/2265
f 3830/1895/2264 3266/1282/2264 3267/1284/2264 3831/1896/2264
f 3831/1896/2263 3267/1284/2263 3268/1286/2263 3832/1897/2263
f 3832/1897/2262 3268/1286/2262 3257/1261/2262 3821/1885/2262
